tree
version=v4
num_class=1
num_tree_per_iteration=1
label_index=0
max_feature_idx=20
objective=binary sigmoid:1
feature_names=original_cost revised_cost anticipated_cost cumulative_expenditure physical_progress original_delay_months revised_delay_months milestones_achieved milestones_total months_elapsed months_originally_planned months_remaining cost_expansion_ratio expenditure_ratio expenditure_progress_gap delay_months schedule_slippage_ratio milestone_rate progress_velocity agency_encoded state_encoded
feature_infos=[0:108000] [1:108000] [0:108000] [0:47476] none [-21:276] [-24:247] [0:164] [0:249] [0:386.95687885010267] [0.91991786447638602:406.99794661190964] [-109.01026694045174:118.99794661190965] [0:33.305741742711781] [0:4.5460665362035222] none [-125.96303901437372:324.00821355236138] [-0.86590038314176243:63.868852459016395] [0:1] none [10:227] [0:1107]
tree_sizes=3346 3395 3403 3404 3432 3397 3380 3388 3410 3391 3387 3399 3407 3396 3371 3429 3429 3411 3405 3392 3412 3412 3416 3430 3403 3408 3400 3407 3393 3403 3419 3384 3390 3394 3383 3411 3413 3432 3416 3405 3435 3420 3422 3405 3420 3403 3419 3409 3440 3408 3423 3413 3407 3206 3414 3407 3422 3419 3409 3404 3417 3396 3434 2999 3432 3411 3422 3414 3302 3408 3318 3421 3407 3010 3423 3315 3216 2998 3418 3114 3413 3409 3417 3198 1628 2887 3000 3315 3326 3408 2686 3396 1727 3413 3426 1732 1960 3420 3432 1841 3427 3405 3402 3309 2367 2041 3403 1835 2041 3430 2471 2481 3221 2480 3411 2253 2167 2348 3405 3421 3450 2155 2590 3403 3405 3433 2380 1949 3422 3442 2682 3426 3428 1431 2895 3437 3423 2270 2463 2483 2485 2786 2780 2469 2581 1956 3300 3435 3100 2276 3423 2898 2480 3403 3419 2062 2466 2265 3441 3412 3321 2685 2356 2040 2049 3411 3097 2803 3311 3422 3433 2367 2456 3415 2142 3406 2785 1955 2805 3412 3328 3066 3214 3447 3100 2690 2904 2903 3402 2899 3404 2482 3417 3447 2594 3424 3438 2578 3123 2151 3222 1730 2369 2140 2055 2154 2069 2787 3402 2156 2477 1949 1844 2907 2995 2371 2686 1422 2380 1619 2905 2987 3438 3412 3430 1736 3201 3425 3444 3426 1924 3441 2457 2810 2273 2062 1619 2384 1834 2265 3407 2262 2264 2059 2904 3432 3421 3422 3419 2587

Tree=0
num_leaves=31
num_cat=0
split_feature=15 11 9 10 19 9 3 8 8 15 11 9 9 10 17 20 13 15 8 9 11 15 11 8 0 17 17 9 19 13
split_gain=1012.23 226.072 105.099 92.7039 82.358 90.25 66.4695 62.7139 61.7583 55.0601 38.4016 38.254 37.9155 26.8436 26.4405 22.0604 26.6096 21.8686 21.6445 17.0394 15.6346 13.4368 15.0389 12.03 10.6093 10.3086 10.2104 9.7337 9.63031 8.76053
threshold=5.9630390143737175 1.0000000180025095e-35 23.014373716632445 40.000000000000007 149.50000000000003 120.00000000000001 336.26000000000005 14.500000000000002 123.00000000000001 4.9445585215605758 -1.4784394250513346 154.98973305954829 72.509240246406577 20.977412731006165 0.51470588235294124 153.50000000000003 0.72114104934442669 15.007186858316222 inf 36.501026694045187 8.5256673511293659 22.045174537987684 -3.9917864476386034 24.500000000000004 430.22500000000008 0.80090090090090105 0.51470588235294124 72.509240246406577 203.50000000000003 0.1527989952674895
decision_type=10 10 8 8 2 10 8 8 8 8 10 8 8 8 8 2 10 10 8 10 10 10 8 8 10 8 8 10 2 8
left_child=2 11 13 8 5 6 -5 12 9 10 -4 15 -6 24 -11 -2 19 -3 20 -17 26 22 -13 -7 29 -18 -19 -10 -9 -1
right_child=1 17 3 4 7 23 -8 28 27 14 -12 21 -14 -15 -16 16 25 18 -20 -21 -22 -23 -24 -25 -26 -27 -28 -29 -30 -31
leaf_value=-0.35378899923186535 -0.2196306693085929 -0.20693751925592069 -0.3496084615379948 -0.31682430268579359 -0.3193882366401094 -0.1888807625584778 -0.28623838986361422 -0.30898731955960274 -0.33612390453890845 -0.18341396769037999 -0.22112947981621175 -0.31278600811026697 -0.23611133613589516 -0.34919057126063824 -0.23496136218658492 -0.23196570911213288 -0.29771780489043304 -0.21156572796584999 -0.26313670433771635 -0.32588797546956483 -0.16631450297982359 -0.19554029373102022 -0.20800143320853759 -0.25221449751393071 -0.24420973649261979 -0.23379142749177495 -0.18006377020948572 -0.2747198152835319 -0.27641882784527794 -0.27330656437981016
leaf_weight=6.9467735439538965 13.294227153062819 80.028059124946594 14.461940780282022 282.13741084933281 15.006184399127958 20.38972270488739 479.55496922135353 52.16234889626503 16.980837851762775 41.736584544181824 9.7283668220043165 6.5218029916286469 153.27987252175808 74.840676009654999 61.583540931344032 5.5163637101650229 9.0407000631093997 36.46024426817894 7.2336198240518561 38.754147544503212 182.20696531236172 23.554762557148933 7.2094697505235654 11.858518451452253 8.8489767760038358 20.850918367505074 87.337950736284256 10.410734713077543 40.183080077171326 6.5874770432710656
leaf_count=28 45 266 58 1087 58 66 1777 199 67 134 33 25 531 300 213 19 34 122 26 151 570 77 24 42 31 72 279 38 147 24
internal_value=-0.261361 -0.202214 -0.284808 -0.280788 -0.286093 -0.294099 -0.297568 -0.261706 -0.244669 -0.230037 -0.297939 -0.260863 -0.243537 -0.334823 -0.214139 -0.278942 -0.289574 -0.183611 -0.177651 -0.314185 -0.17563 -0.218457 -0.25777 -0.21217 -0.286782 -0.253126 -0.189342 -0.312786 -0.294816 -0.314616
internal_weight=1824.71 518.009 1306.7 1209.47 1054.57 793.941 761.692 260.631 154.902 127.51 24.1903 124.742 168.286 97.2239 103.32 87.4564 74.1621 393.267 313.239 44.2705 306.005 37.286 13.7313 32.2482 22.3832 29.8916 123.798 27.3916 92.3454 13.5343
internal_count=6543 1710 4833 4450 3907 2972 2864 935 543 438 91 447 589 383 347 321 276 1263 997 170 971 126 49 108 83 106 401 105 346 52
is_linear=0
shrinkage=1


Tree=1
num_leaves=31
num_cat=0
split_feature=15 11 9 10 9 13 6 7 1 9 11 20 13 15 7 5 8 10 9 11 8 15 11 6 9 11 17 20 2 15
split_gain=905.225 199.755 96.0131 94.3525 67.766 61.6291 43.23 54.3659 36.8554 34.2433 31.173 19.8191 24.1346 19.2125 19.0747 18.6138 18.1444 16.6446 15.5379 13.6926 12.9107 11.9 13.4958 10.6427 9.45047 13.7683 9.25393 8.52152 10.5463 11.4648
threshold=5.9630390143737175 1.0000000180025095e-35 28.960985626283371 40.476386036960996 145.47843942505136 0.53005886807610958 -1.0000000180025095e-35 3.5000000000000004 425.80000000000007 154.98973305954829 3.4989733059548258 153.50000000000003 0.72114104934442669 15.007186858316222 inf -1.0000000180025095e-35 3.5000000000000004 18.053388090349078 40.476386036960996 8.5256673511293659 1.5000000000000002 22.045174537987684 -3.9917864476386034 -7.4999999999999991 16.969199178644768 14.012320328542096 0.80090090090090105 570.50000000000011 411.93000000000006 10.036960985626285
decision_type=10 10 8 8 10 8 10 8 10 8 8 2 10 10 8 10 10 8 10 10 8 10 8 10 10 8 8 2 10 10
left_child=2 9 10 6 5 15 7 16 -7 11 -1 -2 18 27 19 -5 -4 -12 -13 23 -6 22 -11 -15 -19 -26 -14 28 29 -3
right_child=1 13 3 4 20 8 -8 -9 -10 21 17 12 26 14 -16 -17 -18 24 -20 -21 -22 -23 -24 -25 25 -27 -28 -29 -30 -31
leaf_value=0.048731944606143468 0.052515303186138944 0.06334455051844072 0.041380380372692434 -0.03314810081500668 0.088632300962795785 -0.010370824184911248 -0.057387960202666954 -0.022737427740210477 0.016038489184234558 -0.035811666142179739 -0.0013641032183470663 0.03515485833616714 -0.021366248267148159 0.069898903482066219 0.011536310873814072 0.0049158655157694317 0.084766517019028348 -0.075291126568779981 -0.049372355626991667 0.10226859309463859 0.028409425469354439 0.075047899630798748 0.063404717804980582 0.10029444361992455 0.011704103286243295 -0.057295414916928036 0.039221375286036197 0.082440580582814449 0.067879068911398208 -0.021908182576168701
leaf_weight=7.6467080116271973 13.385642886161802 7.2688401490449897 54.856934636831284 307.28126195073128 17.616763085126877 475.68083892762661 11.566915631294249 24.581468716263771 182.90386641025543 6.4862152934074402 12.861858710646628 6.3541982173919669 9.0119102299213427 80.046356171369553 7.2454024106264105 35.866788849234581 42.977505743503571 58.685723453760147 37.655209869146347 184.40310105681419 17.985118016600609 23.7758958786726 7.2680408060550672 44.98212742805481 8.5995716452598554 45.3899827003479 20.96076712012291 36.138724192976952 28.659064874053001 8.6204655915498716
leaf_count=26 45 24 188 1177 56 1765 46 93 654 25 47 22 34 261 26 131 137 239 148 570 63 77 24 140 31 180 72 116 94 32
internal_value=0.0132173 0.0688442 -0.00905318 -0.00447913 -0.00957918 -0.0119884 0.035007 0.0437372 -0.00303636 0.0136883 -0.0492808 -0.00347079 -0.0136004 0.0861806 0.0917302 -0.0291695 0.0604394 -0.055251 -0.0371681 0.0936079 0.0582093 0.0536336 0.0166164 0.0808345 -0.0614021 -0.046305 0.0210044 0.0643998 0.0497646 0.0170922
internal_weight=1826.76 522.262 1304.5 1171.32 1037.33 1001.73 133.983 122.416 658.585 124.898 133.184 87.3677 73.9821 397.364 316.677 343.148 97.8344 125.537 44.0094 309.432 35.6019 37.5302 13.7543 125.028 112.675 53.9896 29.9727 80.6871 44.5484 15.8893
internal_count=6543 1710 4833 4310 3846 3727 464 418 2419 447 523 321 276 1263 997 1308 325 497 170 971 119 126 49 401 450 211 106 266 150 56
is_linear=0
shrinkage=0.05


Tree=2
num_leaves=31
num_cat=0
split_feature=15 12 11 12 7 11 10 19 16 3 7 20 10 12 6 3 15 12 11 11 11 11 6 20 15 3 20 12 11 10
split_gain=812.985 369.393 178.01 96.5917 94.4669 58.049 56.6273 67.7978 66.1001 60.9023 47.1689 29.5702 28.7936 23.7863 18.1482 16.6603 15.8894 12.3469 11.6043 12.0509 11.5922 11.424 14.5007 11.1895 10.9412 9.87427 9.1704 7.96365 7.62412 15.2948
threshold=5.9630390143737175 1.2453621511232134 1.0000000180025095e-35 1.2561467314292771 30.500000000000004 12.008213552361399 31.983572895277209 144.50000000000003 0.14278742114143195 1477.2350000000004 22.000000000000004 446.50000000000006 50.97330595482547 1.1201398545092089 -1.0000000180025095e-35 inf 15.007186858316222 1.0000021407133715 17.527720739219717 5.5195071868583172 10.51334702258727 8.5256673511293659 -7.4999999999999991 476.50000000000006 17.494866529774132 209.94500000000002 454.00000000000006 1.6340425278497228 22.981519507186864 51.006160164271058
decision_type=10 10 10 8 8 10 8 2 8 8 8 2 10 10 10 8 10 10 10 10 8 10 10 2 10 10 2 8 10 10
left_child=1 5 3 11 15 6 8 9 20 -8 -10 12 24 16 -9 -3 18 28 19 -4 -1 22 -18 -13 -2 27 -20 -6 29 -7
right_child=2 4 13 -5 25 17 7 14 10 -11 -12 23 -14 -15 -16 -17 21 -19 26 -21 -22 -23 -24 -25 -26 -27 -28 -29 -30 -31
leaf_value=-0.011321754121200312 -0.011416845449918594 0.10057947791553173 0.029343813469978448 0.10009148882976278 -0.086447208035311418 -0.051134970117151214 -0.045005975548412569 0.0050779552339683077 0.05037163454358734 -0.013435982412557843 -0.028292689347358926 -0.061615115857211612 -0.064061649520378558 0.099162164206983289 -0.064718130736501928 0.049938484642284911 0.052274492245418219 0.0068301475938882701 -0.036674400787745413 0.079286368274069152 -0.063409043612145291 0.090874692456977491 0.092970599108466154 -0.015229748671552017 0.053308019063496997 0.018881495042126665 0.046843657504956726 -0.010091445277182714 -0.065174679551889311 0.022103170271486991
leaf_weight=20.042419150471687 8.4091304093599302 86.810404688119888 18.323950290679932 25.368179216980934 5.3612592965364465 46.401771605014801 281.0716270506382 252.69720174372196 89.964339017868042 334.65254540741444 24.177717983722687 22.188106432557106 8.2980037331581098 127.98177254199982 9.6698720604181272 19.979115605354309 59.800190791487694 9.0828953236341459 5.8594260811805707 35.439517825841904 22.871165066957474 110.22553732991219 34.526847183704376 31.401498109102249 29.207149758934975 16.002944067120552 7.4858081638813019 9.4058086574077606 65.278270691633224 8.4226277470588666
leaf_count=75 31 274 63 79 22 184 1099 919 301 1248 93 89 33 393 39 68 198 33 22 113 93 342 107 117 98 57 25 35 263 30
internal_value=0.0125522 -0.00862181 0.0651081 0.0129986 0.0688636 -0.0177763 -0.0138323 -0.0187781 0.0138196 -0.0278474 0.0337089 -0.00920541 0.0202418 0.0813901 0.00250553 0.0911051 0.0730176 -0.0493789 0.0519059 0.0622647 -0.0390821 0.0799438 0.0671706 -0.034435 0.0388388 -0.00832709 0.0101738 -0.0378128 -0.0536298 -0.0398835
internal_weight=1826.41 1301.89 524.515 124.872 137.56 1164.33 1035.15 878.091 157.056 615.724 114.142 99.5039 45.9143 399.643 262.367 106.79 271.661 129.186 67.1087 53.7635 42.9136 204.553 94.327 53.5896 37.6163 30.77 13.3452 14.7671 120.103 54.8244
internal_count=6543 4833 1710 447 456 4377 3867 3305 562 2347 394 368 162 1263 958 342 870 510 223 176 168 647 305 206 129 114 47 57 477 214
is_linear=0
shrinkage=0.05


Tree=3
num_leaves=31
num_cat=0
split_feature=15 12 11 12 7 11 10 12 5 15 8 20 10 12 2 3 11 15 12 20 11 11 11 6 11 3 20 12 17 11
split_gain=732.681 333.036 159.861 86.5739 85.1001 52.53 52.8907 63.3384 60.8617 60.1815 44.2109 26.8407 27.0235 21.4219 17.4797 15.6725 15.2332 14.3836 11.5823 11.0399 10.3959 10.7922 10.3805 13.0863 9.50226 8.44123 8.27043 7.63327 7.53704 7.0912
threshold=5.9630390143737175 1.1999376506865109 1.0000000180025095e-35 1.2561467314292771 30.500000000000004 12.008213552361399 31.983572895277209 0.9832240605314605 -1.0000000180025095e-35 4.9445585215605758 3.5000000000000004 454.00000000000006 50.97330595482547 1.1201398545092089 97.015000000000001 inf 3.4989733059548258 15.007186858316222 1.0000021407133715 476.50000000000006 17.527720739219717 5.5195071868583172 8.5256673511293659 -7.4999999999999991 -1.4784394250513346 209.94500000000002 454.00000000000006 1.6340425278497228 0.42481203007518803 22.981519507186864
decision_type=10 10 10 8 8 10 8 10 10 8 10 2 10 10 10 8 8 10 10 2 10 10 10 10 10 10 2 8 10 10
left_child=1 5 3 11 15 6 9 14 -9 16 -11 12 24 17 -8 -3 -1 20 29 -13 21 -4 23 -19 -2 27 -22 -6 -21 -7
right_child=2 4 13 -5 25 18 7 8 -10 10 -12 19 -14 -15 -16 -17 -18 22 -20 28 26 -23 -24 -25 -26 -27 -28 -29 -30 -31
leaf_value=0.02873411340812981 0.020007461873197956 0.092059766760180767 0.027817586490617344 0.094463853055091362 -0.083667651470166068 -0.038188730607997004 -0.011179450815281728 -0.037003012797983521 0.057861078603224904 0.008672301912991091 0.073807912172606835 -0.061267888650640805 -0.062131600824387068 0.094019060963631662 0.01149417504979958 0.04465134292698264 -0.048176389099307521 0.049530201409172345 0.010535085563385125 -0.028791579707863574 -0.034953804667712696 0.075016061929782413 0.086236090777751351 0.088149424363790183 0.073943215415661262 0.014843177089846216 0.044387237142306482 -0.0096018651213992459 0.027569701131432384 -0.062698947356382206
leaf_weight=7.758435845375061 26.510419026017185 92.599359080195427 18.361805006861687 25.530645415186882 5.5253030955791482 54.40935480594635 355.92088775336742 384.32349582016468 17.685577481985092 69.364936277270317 41.720499247312546 21.122861608862877 8.456733286380766 128.22443574666977 111.67286345362663 21.475911721587181 37.832761898636818 59.953427091240883 8.0374712795019132 23.390398442745212 5.8409309238195402 35.579878553748131 110.3417439609766 34.59209668636322 11.801251307129862 16.528427198529243 7.5045438259840012 9.3914954960346222 7.9470317214727393 64.483187392354012
leaf_count=27 93 291 63 79 23 214 1325 1497 60 249 133 86 34 393 403 73 152 198 29 89 22 113 342 107 38 59 25 35 28 263
internal_value=0.0119347 -0.0082171 0.0617707 0.0123503 0.0630597 -0.0172113 -0.0134584 -0.0182764 -0.0328297 0.013283 0.0331354 -0.00877674 0.0187648 0.0771694 -0.00576443 0.0831346 -0.0350882 0.0692314 -0.0475552 -0.03333 0.0491741 0.0589497 0.0758184 0.0636601 0.0366214 -0.00976716 0.00966194 -0.0370364 -0.0144986 -0.0514822
internal_weight=1823.89 1298.73 525.158 124.759 145.52 1153.21 1026.28 869.603 402.009 156.677 111.085 99.2287 46.7684 400.399 467.594 114.075 45.5912 272.174 126.93 52.4603 67.2872 53.9417 204.887 94.5455 38.3117 31.4452 13.3455 14.9168 31.3374 118.893
internal_count=6543 4833 1710 447 481 4352 3846 3285 1557 561 382 368 165 1263 1728 364 179 870 506 203 223 176 647 305 131 117 47 58 117 477
is_linear=0
shrinkage=0.05


Tree=4
num_leaves=31
num_cat=0
split_feature=15 12 11 12 13 9 10 10 12 20 17 11 12 9 10 9 1 9 20 17 12 15 13 2 15 20 20 11 6 11
split_gain=662.492 300.34 144.375 78.0093 68.6092 58.9759 64.6324 29.4584 25.4784 25.0938 21.1862 20.8682 19.5926 19.5254 18.1772 15.1397 14.7398 14.518 14.4028 13.9509 13.6603 13.1368 12.5322 11.9098 11.0354 12.4978 9.73039 9.55908 11.9566 9.35078
threshold=5.9630390143737175 1.2453621511232134 1.0000000180025095e-35 1.2561467314292771 0.45303883358349878 25.938398357289532 53.963039014373727 24.985626283367562 0.88503410378312741 124.50000000000001 0.51470588235294124 -14.455852156057494 1.1201398545092089 43.48254620123204 18.053388090349078 55.474332648870643 171.93000000000004 37.01026694045175 201.50000000000003 1.0000000180025095e-35 0.61067434407224364 15.007186858316222 0.78421861150289318 4026.8250000000003 -1.0000000180025095e-35 631.00000000000011 454.00000000000006 8.5256673511293659 -7.4999999999999991 17.527720739219717
decision_type=10 10 10 8 8 10 8 8 8 2 8 10 10 8 8 10 10 8 2 10 10 10 10 8 10 2 2 10 10 10
left_child=1 4 3 9 5 14 10 24 20 -2 -7 15 21 -10 -1 -3 26 -18 -8 -16 -9 29 23 -17 25 -6 -11 28 -23 -4
right_child=2 11 12 -5 7 6 18 8 13 16 -12 -13 -14 -15 19 22 17 -19 -20 -21 -22 27 -24 -25 -26 -27 -28 -29 -30 -31
leaf_value=0.014769939532182627 0.046671290166796657 0.067677846578143477 0.055938990230393351 0.089604325763382509 0.067083938544989064 0.070373828052336634 -0.0013900114747909965 0.0004866593629307457 -0.047430678801842159 0.035375023653272726 0.0097728755265604119 0.096071004387881215 0.089567666502596455 -0.011660666407244289 -0.055756842749246721 0.00098650194433627702 0.033901865746288035 -0.050992877233058981 -0.048272222906897276 -0.026945573519200253 0.036025613957751515 0.046997140489656697 0.074764590959068816 0.075732487615801855 -0.028075445481954023 -0.0028645478235224233 -0.016806304461886148 0.082159908552011482 0.083929763421895162 0.0091841032480207089
leaf_weight=11.455313354730604 17.118657186627388 58.579161435365677 54.000661924481392 25.568007588386536 22.904872313141826 21.84456479549408 22.149502411484718 112.49207074940205 41.188132777810097 14.333768382668493 42.4466522783041 33.402373284101486 127.87390297651291 517.30025321245193 197.73464059829712 28.840957120060921 5.8077841550111762 37.897135481238365 62.916130036115646 53.35306952893734 35.594535872340202 60.023405894637108 11.559442013502119 6.5372143387794486 5.681944251060485 8.8544087857007963 23.714593216776848 110.03164285421371 34.5160973072052 13.334492966532705
leaf_count=41 57 190 176 79 74 71 83 411 164 49 154 103 393 1937 805 105 20 152 251 208 124 198 37 21 22 32 90 342 107 47
internal_value=0.0113645 -0.00783491 0.0587873 0.0117556 -0.016183 -0.0325547 -0.00747055 -0.00711937 -0.0094096 -0.00837585 0.0303636 0.0616278 0.0734269 -0.0142987 -0.0468247 0.0507244 -0.0199024 -0.0397115 -0.036065 -0.0496348 0.00902891 0.0658361 0.0295662 0.0147981 0.0361009 0.0475825 0.00285171 0.0721414 0.0604811 0.04668
internal_weight=1819.06 1294.84 524.22 124.44 1155.92 411.9 149.357 744.016 706.575 98.8719 64.2912 138.919 399.78 558.488 262.543 105.517 81.7533 43.7049 85.0656 251.088 148.087 271.906 46.9376 35.3782 37.4412 31.7593 38.0484 204.571 94.5395 67.3352
internal_count=6543 4833 1710 447 4377 1613 559 2764 2636 368 225 456 1263 2101 1054 353 311 172 334 1013 535 870 163 126 128 106 139 647 305 223
is_linear=0
shrinkage=0.05


Tree=5
num_leaves=31
num_cat=0
split_feature=15 12 11 8 12 13 9 10 8 10 19 19 15 19 10 8 20 9 12 1 9 3 15 20 19 11 6 20 3 11
split_gain=600.607 271.846 131.022 72.4872 70.6082 62.7069 53.1368 58.271 35.2003 28.4738 38.7751 43.8912 33.212 26.9158 24.5296 22.9514 22.6777 18.3885 18.1805 13.4667 13.2566 13.2306 12.1404 11.99 11.2869 8.90199 11.0388 8.77275 8.55295 8.44655
threshold=5.9630390143737175 1.1999376506865109 1.0000000180025095e-35 98.500000000000014 1.2561467314292771 0.45303883358349878 25.938398357289532 53.963039014373727 6.5000000000000009 38.02874743326489 144.50000000000003 58.500000000000007 3.0112936344969206 144.50000000000003 20.977412731006165 21.500000000000004 124.50000000000001 77.470225872689952 1.1201398545092089 171.93000000000004 37.01026694045175 inf 15.007186858316222 201.50000000000003 106.50000000000001 8.5256673511293659 -7.4999999999999991 454.00000000000006 179.96500000000003 17.527720739219717
decision_type=10 10 10 8 8 8 10 8 8 8 2 2 8 2 10 8 2 8 10 10 8 8 10 2 2 10 10 2 10 10
left_child=1 5 4 21 16 6 13 8 -8 12 11 -11 -7 24 -15 -14 -2 -12 22 27 -21 -3 29 -9 -1 26 -24 -18 -5 -4
right_child=2 3 18 28 -6 9 7 23 -10 10 17 -13 15 14 -16 -17 19 -19 -20 20 -22 -23 25 -25 -26 -27 -28 -29 -30 -31
leaf_value=-0.042709984919915699 0.044262818022619561 0.083152887721742522 0.053147983944243249 -0.042880067623945001 0.085360015846047133 -0.059420614938251126 0.048453620328001268 -0.0030768369636778072 -0.040008378853266267 0.0167923012097617 -0.047269286357267015 -0.02590200689589452 0.044035372660823482 -0.0048734958665297839 -0.056023357232925619 -0.015966842197075417 0.033524714886495451 0.011970873389461506 0.085675002403375666 0.032102363617378629 -0.048965986197738481 0.040038025941230862 0.04464828833194652 -0.046165986216774813 -0.069478064920430696 0.078543098235253919 0.080199450025347896 -0.016012159611085295 0.010616806001599961 0.0087201393829433264
leaf_weight=70.020263820886612 17.14680527150631 93.368922412395477 53.994418308138847 12.657447606325151 25.498720481991768 12.079042494297028 49.533789545297623 21.822124689817429 14.548120260238646 71.815263092517853 14.115991503000258 372.10743680596352 64.261038675904274 60.807406723499298 38.14124096930027 21.193434819579124 14.367705315351484 181.90581162273884 127.01982840895653 5.8261737525463095 37.502638131380081 21.982981234788895 60.021805733442307 62.052081033587456 89.994450926780701 109.35953105986118 34.320072174072266 23.6479482203722 18.234965413808823 13.341579526662825
leaf_count=286 57 292 176 50 79 50 167 82 57 260 56 1427 215 230 159 81 49 656 393 20 152 74 198 250 376 342 107 90 65 47
internal_value=0.0108324 -0.00747201 0.0560858 0.0567194 0.0112044 -0.0156751 -0.0314316 -0.00752787 0.0283706 -0.00698115 -0.0108167 -0.0189952 0.0181847 -0.0450888 -0.02459 0.0291543 -0.00799396 0.00770485 0.0700658 -0.0190093 -0.0380652 0.0749364 0.0627507 -0.0349552 -0.0577647 0.0688349 0.0575812 0.0027099 -0.0113023 0.0443453
internal_weight=1812.69 1290.64 522.047 146.244 123.99 1144.4 406.919 147.956 64.0819 737.478 639.945 443.923 97.5335 258.963 98.9486 85.4545 98.4913 196.022 398.057 81.3445 43.3288 115.352 271.037 83.8742 160.015 203.701 94.3419 38.0157 30.8924 67.336
internal_count=6543 4833 1710 481 447 4352 1607 556 224 2745 2399 1687 346 1051 389 296 368 712 1263 311 172 366 870 332 662 647 305 139 115 223
is_linear=0
shrinkage=0.05


Tree=6
num_leaves=31
num_cat=0
split_feature=12 5 8 9 10 19 19 9 10 6 7 12 11 3 0 11 6 16 3 9 3 3 9 20 16 9 9 11 12 2
split_gain=440.879 272.805 86.7506 55.0085 60.1066 42.0723 59.6671 50.0958 31.3394 30.112 35.4056 24.5177 24.8149 14.3319 13.8931 11.1582 20.4886 12.6553 8.45525 7.08119 6.94831 6.52541 6.43844 5.97028 5.31545 4.30557 4.29101 4.26888 4.15012 8.56892
threshold=1.1321848237497989 5.5000000000000009 123.00000000000001 23.014373716632445 40.000000000000007 144.50000000000003 106.50000000000001 77.470225872689952 19.991786447638606 1.0000000180025095e-35 24.500000000000004 1.2453621511232134 -1.4784394250513346 inf 430.22500000000008 6.5215605749486665 3.5000000000000004 0.25369747231334588 177.73500000000004 36.501026694045187 46.365000000000002 348.51500000000004 38.455852156057503 724.50000000000011 0.20999812810063029 54.47227926078029 56.492813141683783 9.5441478439425058 2.3824843346263305 1143.1600000000001
decision_type=10 10 8 8 8 2 2 8 8 8 8 10 10 8 10 10 8 10 10 10 8 10 10 2 8 10 10 8 10 10
left_child=1 3 11 8 9 6 -6 -7 14 19 -11 12 23 -13 20 16 -3 -18 -4 -5 -1 -19 -14 25 26 -2 -17 -10 29 -20
right_child=2 15 18 4 5 7 -8 -9 27 10 -12 13 22 -15 -16 24 17 21 28 -21 -22 -23 -24 -25 -26 -27 -28 -29 -30 -31
leaf_value=-0.06253871473486311 0.048613479742691978 0.079719801907773905 -0.038017996989630293 -0.0043616352378139612 0.002489654379211545 -0.047074945751280316 -0.027754373806618132 0.012559828444013413 -0.02996713787116681 0.03315089211956531 -0.029283629899409781 0.083866415276328904 0.042194129984679772 0.040225145034122722 0.047678143159815667 0.00797827863402421 0.082407550088997791 -0.0090110474792568784 0.032238720617900556 -0.079069649826915944 0.010141173419087188 0.046558250901596702 0.092378736433287173 -0.039938636069758587 0.074911846978274022 -0.011959588844792835 0.065724911080954657 -0.066190355154637601 0.033157815184916631 -0.051813498130532945
leaf_weight=7.1899894177913675 5.8070862889289874 22.983342692255974 14.185064122080801 4.9565980881452569 250.32205948233604 40.484883397817612 467.90607558190823 270.60357277095318 9.3496461957693082 162.54110182821751 26.394458249211311 213.33478769659996 11.043081104755403 20.631932407617569 10.512525662779806 5.6568659693002683 6.4092079550027838 21.493123218417171 6.1506303697824496 8.8088002204895002 6.0601376444101342 7.0047118067741385 15.171838402748106 7.1532502919435492 89.071896016597748 5.9288539439439774 7.4584614932537079 62.53251875936985 11.050815001130102 5.9808273464441299
leaf_count=30 20 72 56 19 930 162 1818 976 38 559 103 664 37 69 36 20 20 77 21 38 22 23 47 28 281 22 24 270 38 23
internal_value=0.0103381 -0.00106098 0.0639313 -0.00849553 -0.00565981 -0.0105607 -0.0172135 0.00479899 -0.0450229 0.019227 0.0244287 0.0735109 0.0397572 0.080018 0.00475628 0.0606001 0.0430615 0.0189251 -0.00761269 -0.052169 -0.0292975 0.00464778 0.0712384 -0.0039332 0.070536 0.0180127 0.0408178 -0.0614788 0.0109921 -0.00919915
internal_weight=1804.18 1487.74 316.438 1327.66 1232.02 1029.32 718.228 311.088 95.6448 202.701 188.936 279.071 45.1041 233.967 23.7627 160.078 57.8904 34.907 37.3673 13.7654 13.2501 28.4978 26.2149 18.8892 102.187 11.7359 13.1153 71.8822 23.1823 12.1315
internal_count=6543 5518 1025 5001 4605 3886 2748 1138 396 719 662 887 154 733 88 517 192 120 138 57 52 100 84 70 325 42 44 308 82 44
is_linear=0
shrinkage=0.05


Tree=7
num_leaves=31
num_cat=0
split_feature=15 12 11 12 7 9 10 3 19 7 15 20 10 10 19 7 12 11 17 15 3 3 15 20 11 9 17 12 19 1
split_gain=509.018 223.882 115.864 59.8905 58.7855 42.5107 79.3161 72.2358 49.4753 43.9401 37.1679 20.6063 21.2012 20.1335 19.9851 16.4672 15.4378 12.1349 15.3655 11.1971 11.1507 10.557 9.9546 9.72805 8.51397 7.35721 6.7495 6.56515 6.11678 4.79404
threshold=5.9630390143737175 1.2453621511232134 1.0000000180025095e-35 1.2561467314292771 30.500000000000004 23.014373716632445 53.963039014373727 2429.5250000000001 144.50000000000003 3.5000000000000004 3.4825462012320334 446.50000000000006 46.012320328542103 22.061601642710475 58.500000000000007 inf 1.1543262105227996 3.4989733059548258 0.51470588235294124 12.501026694045176 inf 277.00500000000005 17.494866529774132 476.50000000000006 5.5195071868583172 156.50102669404521 0.42481203007518803 1.7036258715669113 211.50000000000003 828.75000000000011
decision_type=10 10 10 8 8 8 8 8 2 8 8 2 10 8 2 8 10 10 8 10 8 8 8 2 8 8 10 10 2 10
left_child=1 5 3 11 20 13 9 8 -8 10 -7 12 22 24 -9 16 17 18 -4 -19 28 -11 -2 -13 -1 27 -25 -6 -3 -14
right_child=2 4 15 -5 25 6 7 14 -10 21 -12 23 29 -15 -16 -17 -18 19 -20 -21 -22 -23 -24 26 -26 -27 -28 -29 -30 -31
leaf_value=0.042654043426963301 -0.013427330944211025 0.08331241890680563 0.0033649594974939296 0.078433785956382132 -0.070593421667347986 -0.012301453807536396 -0.044867862152702047 0.022936914212638139 -0.0053058427236151338 -0.058267276264726678 0.046140263008916764 -0.055468448353776879 -0.012914781709193282 -0.063761483313793652 -0.0085421070500694557 -0.0037376378821102952 0.081988652895648551 0.043541841807706427 0.057419005138188817 0.071837247593674255 0.037041800053289303 -0.0070306572374679664 0.049418803105354264 -0.025289306122630719 -0.026265574708986369 0.020657060884191263 0.028230669901285324 -0.0067505827774377762 0.044239463479542378 -0.080719277566510539
leaf_weight=5.5113425701856613 8.2023127526044863 75.916866019368172 19.15237195789814 25.103424936532974 6.1858134120702806 36.442010134458542 281.3563152551651 57.345822170376778 109.8925701379776 16.168505564332008 107.34238818287849 21.386532321572304 5.3003150522708875 60.579936400055885 417.47880060970783 8.5053846538066846 114.42457973957062 44.426474764943123 41.929317474365234 164.14507055282593 20.322384133934975 26.582569852471352 27.181928440928456 23.07810348272324 23.97240157425404 12.850207909941672 7.9099498242139807 11.537244990468023 11.53877481818199 5.1300719082355499
leaf_count=19 30 236 67 79 26 140 1151 204 415 66 357 89 20 267 1561 30 361 147 136 522 68 101 90 89 96 45 28 43 38 22
internal_value=0.00986161 -0.00702602 0.051797 0.00951369 0.0530458 -0.0142993 -0.0114783 -0.0178481 -0.0337558 0.0180959 0.0313283 -0.00810668 0.0163837 -0.0472692 -0.0047403 0.0650763 0.0666002 0.0600702 0.0404702 0.0658102 0.0704046 -0.0264084 0.0348506 -0.0295297 -0.0133826 -0.00814808 -0.0116279 -0.0290334 0.0781572 -0.0462637
internal_weight=1796.9 1281.02 515.876 123.293 138.351 1142.67 1052.61 866.074 391.249 186.535 143.784 98.1892 45.8146 90.0637 474.825 392.583 384.078 269.653 61.0817 208.572 107.778 42.7511 35.3842 52.3746 29.4837 30.5733 30.9881 17.7231 87.4556 10.4304
internal_count=6543 4833 1710 447 456 4377 3995 3331 1566 664 497 368 162 382 1765 1263 1233 872 203 669 342 167 120 206 115 114 117 69 274 42
is_linear=0
shrinkage=0.05


Tree=8
num_leaves=31
num_cat=0
split_feature=15 12 11 7 12 13 11 17 11 20 19 20 19 15 7 12 11 6 11 20 13 11 13 2 15 12 12 19 19 13
split_gain=464.07 203.646 106.144 54.7724 54.7469 52.7258 22.1219 20.2839 20.1231 19.109 17.6353 19.9094 18.0514 16.4831 15.1645 14.9571 13.2137 14.7955 11.8693 15.1952 11.145 10.1614 10.1598 9.18855 8.80763 6.98133 6.21027 5.17335 3.62742 2.96469
threshold=5.9630390143737175 1.1999376506865109 1.0000000180025095e-35 30.500000000000004 1.2561467314292771 0.45303883358349878 -1.4784394250513346 0.24404761904761907 16.016427104722798 124.50000000000001 196.00000000000003 589.00000000000011 58.500000000000007 3.4825462012320334 inf 1.0439145680584521 3.4989733059548258 -7.4999999999999991 -1.4784394250513346 446.50000000000006 1.238624199925727 9.5441478439425058 0.86770247121563726 743.54500000000019 12.012320328542097 1.3416122404056421 1.6460737226465159 211.50000000000003 214.00000000000003 0.44227087449409019
decision_type=10 10 10 8 8 8 8 10 10 2 2 2 2 10 8 10 10 10 10 2 8 8 10 10 10 10 10 2 2 8
left_child=1 5 4 20 9 7 -7 13 21 -2 12 -12 -8 23 15 16 17 -4 22 -20 27 -9 -11 -1 -18 -22 -5 -3 -29 -28
right_child=2 3 14 26 -6 6 10 8 -10 18 11 -13 -14 -15 -16 -17 24 -19 19 -21 25 -23 -24 -25 -26 -27 29 28 -30 -31
leaf_value=-0.029308477689148849 0.040211956240089164 0.077944359253877063 0.015820359458019739 -0.045040145760186681 0.075430427870227412 -0.064691700478108086 0.015408546872396834 -0.022968107451649424 -0.05628666270035694 -0.042635515644297392 -0.0057248532541132845 0.04595109066281259 -0.010393673393660173 0.033662436874542574 -0.0035502155541110507 0.077250106912300845 0.041148639687484015 0.070451124409172894 0.072034851628745733 -0.014460790993581536 -0.014724899155137354 0.02419148152991047 0.0068325991817556444 -0.04705547534665052 0.068155196012140401 0.049724288387476376 -0.014189298744815641 0.068527314091217525 0.014322518916286928 0.022227798404044687
leaf_weight=207.54426185786724 17.127383261919022 78.09079821407795 35.539283663034439 8.8251973241567629 24.805246397852898 15.659207016229628 77.031258746981621 16.303701937198642 14.457956805825232 42.522752702236176 40.024320781230927 34.88432751595974 564.76687803864479 8.8411548584699613 8.5066483318805677 135.85256993770599 37.671641260385513 19.029713645577431 7.2255513519048717 17.080629467964172 5.539325267076495 38.15048760175705 13.731172844767569 112.4537490606308 152.00878164172173 17.402942270040512 10.895318299531938 6.5993574112653715 5.7982921302318573 11.474357306957243
leaf_count=841 57 246 122 36 79 65 278 64 61 172 148 120 2134 32 30 436 125 61 23 66 20 139 50 470 489 57 41 21 20 40
internal_value=0.00942759 -0.00671161 0.0496805 0.0491529 0.00909546 -0.0138608 -0.00590175 -0.0285155 -0.00385039 -0.00774861 -0.00461726 0.0183402 -0.00729678 -0.0336844 0.0624733 0.0639509 0.0565538 0.0348716 -0.0179452 0.011252 0.0652892 0.0100718 -0.0305607 -0.0355451 0.0627915 0.0341633 -0.00952193 0.0731808 0.0431761 0.00449058
internal_weight=1785.84 1274.74 511.101 144.626 122.493 1130.12 732.366 397.751 68.9121 97.6875 716.707 74.9086 641.798 328.839 388.609 380.102 244.249 54.569 80.5601 24.3062 113.431 54.4542 56.2539 319.998 189.68 22.9423 31.1949 90.4884 12.3976 22.3697
internal_count=6543 4833 1710 481 447 4352 2745 1607 264 368 2680 268 2412 1343 1263 1233 797 183 311 89 364 203 222 1311 614 77 117 287 41 81
is_linear=0
shrinkage=0.05


Tree=9
num_leaves=31
num_cat=0
split_feature=15 12 11 12 7 9 11 11 5 11 20 12 1 9 15 3 11 11 11 20 20 9 9 12 8 9 7 20 0 8
split_gain=423.736 185.019 97.56 50.1662 48.9656 38.272 25.4392 23.1609 31.8646 17.7346 17.3037 14.0674 10.8938 10.8708 10.4025 9.82658 8.0566 9.38084 7.72693 7.24723 6.51469 6.42389 6.40027 5.82559 5.33495 4.5667 3.95066 3.92831 3.87431 3.5841
threshold=5.9630390143737175 1.2453621511232134 1.0000000180025095e-35 1.2561467314292771 30.500000000000004 23.014373716632445 -1.9548254620123202 22.981519507186864 -1.0000000180025095e-35 7.5236139630390158 124.50000000000001 1.1201398545092089 171.93000000000004 40.476386036960996 15.007186858316222 inf 17.527720739219717 5.5195071868583172 8.5256673511293659 454.00000000000006 454.00000000000006 156.50102669404521 59.498973305954827 1.7036258715669113 2.5000000000000004 96.509240246406577 82.000000000000014 536.00000000000011 649.25000000000011 26.500000000000004
decision_type=10 10 10 8 8 8 8 10 10 8 2 10 10 8 10 8 10 10 10 2 2 8 10 10 8 10 8 2 10 8
left_child=1 5 3 10 15 9 -7 8 -8 -1 -2 14 20 -14 16 -3 17 -4 24 -18 -12 23 -9 -6 -16 -25 -13 -11 -29 -20
right_child=2 4 11 -5 21 6 7 22 -10 27 12 26 13 -15 18 -17 19 -19 29 -21 -22 -23 -24 25 -26 -27 -28 28 -30 -31
leaf_value=0.029876695472337983 0.038244134237209931 0.072032129381980087 0.016303978197234784 0.072716608946413769 -0.066995425630402464 -0.065942476555527985 -0.0093246028207636354 -0.050036480097699378 0.03912922987994874 -0.062810077178729995 0.028895827767218576 0.07649545244459216 0.027436100224677969 -0.044921684758073989 0.058970054266792749 0.033350424400835708 -0.039700188011323224 0.060430030329763795 0.070998776632884134 0.034468759809709308 -0.013885120635562727 0.01946116832598974 0.0013105721405470561 0.023563385489302396 0.034577895734242269 -0.039511815904294353 0.037279220694714496 -0.051645979365086303 -0.019266345771408715 0.031691768608389403
leaf_weight=7.3056079149246216 17.108657598495483 85.775865152478218 18.355683535337448 24.453299894928932 6.0041876137256684 20.189742118120193 940.64494541287422 42.308073967695236 35.20039165019989 39.246929526329041 14.351932674646376 113.2330619841814 6.0576010048389426 36.274718016386032 54.060384720563889 20.305000633001328 5.878542408347128 35.031365007162094 98.702675685286522 7.4900111258029938 23.420649886131287 12.866989791393278 7.0851945579051963 6.0722134560346586 38.296621188521385 5.4409055858850479 6.8082467615604392 27.383422777056694 13.941758438944815 6.161380097270011
leaf_count=26 57 274 63 79 26 86 3580 179 123 177 49 370 21 151 176 68 22 113 321 25 90 45 27 22 129 21 23 120 59 21
internal_value=0.0090118 -0.00640307 0.0477184 0.00870126 0.0485989 -0.013026 -0.0103621 -0.00926754 -0.00757679 -0.0447177 -0.0074013 0.0600801 -0.0171502 -0.0345675 0.0536267 0.064628 0.0365664 0.0452585 0.0594013 0.00185451 0.00236977 -0.00736382 -0.042671 -0.0270676 0.0488556 -0.00624489 0.0742713 -0.0514813 -0.0407222 0.0686893
internal_weight=1775.46 1269.77 505.685 121.667 136.465 1133.31 1045.43 1025.24 975.845 87.8777 97.2136 384.018 80.1049 42.3323 263.977 106.081 66.7556 53.387 197.221 13.3686 37.7726 30.3843 49.3933 17.5173 92.357 11.5131 120.041 80.5721 41.3252 104.864
internal_count=6543 4833 1710 447 456 4377 3995 3909 3703 382 368 1263 311 172 870 342 223 176 647 47 139 114 206 69 305 43 393 356 179 342
is_linear=0
shrinkage=0.05


Tree=10
num_leaves=31
num_cat=0
split_feature=12 5 8 9 17 12 12 11 6 19 11 19 9 12 3 11 6 5 13 11 17 19 12 9 5 9 19 19 13 12
split_gain=310.231 188.212 63.2819 41.7791 30.1301 25.1167 17.5266 17.8006 14.8014 12.4288 10.7748 9.92837 10.5026 9.85462 9.13083 9.03049 17.6319 8.16067 7.96807 7.23586 6.97187 6.61135 4.52945 7.38206 4.4074 4.21119 4.19657 8.46108 3.81933 3.70381
threshold=1.1321848237497989 5.5000000000000009 123.00000000000001 19.991786447638606 0.14835164835164838 0.99894369215751067 1.2748015277256342 -1.4784394250513346 1.5000000000000002 144.50000000000003 10.51334702258727 58.500000000000007 35.498973305954827 0.55911335013404495 inf 6.5215605749486665 3.5000000000000004 37.500000000000007 0.44227087449409019 2.4969199178644765 0.33771929824561409 106.50000000000001 1.6866264521554861 95.507186858316246 11.500000000000002 38.455852156057503 145.50000000000003 167.00000000000003 0.22098788787785886 2.3605829095426052
decision_type=10 10 8 8 10 8 10 10 8 2 8 2 10 10 8 10 8 10 10 10 8 2 10 10 10 10 2 2 10 8
left_child=1 3 6 10 5 9 7 21 -7 -5 20 12 -6 -13 -8 16 -3 19 22 -18 -1 -2 -4 -24 28 -9 -12 -28 -17 -20
right_child=2 15 18 4 11 8 14 25 -10 -11 26 13 -14 -15 -16 24 17 -19 29 -21 -22 -23 23 -25 -26 -27 27 -29 -30 -31
leaf_value=-0.040257932185505094 0.050454194713994649 0.070370467347646626 -0.065393561586327587 0.0019644641307661106 0.067074628473819772 -0.048446898014628842 0.072788451880515803 0.041455781308475985 -0.010839071707065944 0.035285086894071276 -0.059484700088986944 -0.018977749126505586 -0.0020830228543562103 0.012194136884762896 0.03692234947722367 0.0050441200313046898 -0.027009319941225487 0.047360224283473994 -0.00080397530229444681 0.030280265838460298 0.026834879850505255 -0.01109916491630996 0.03074529744387345 -0.044650585856468618 0.064596505474646598 0.079563569884791727 0.014837237053325278 -0.058949337851186216 0.059913083762864583 0.046082230865082952
leaf_weight=7.4229280501604054 5.8357195854187038 22.006984546780586 5.9157998114824322 117.41328381001949 15.107790231704714 27.032685726881027 194.1636817753315 12.804254204034807 813.23464448750019 36.74450409412384 46.296897351741791 29.482012242078781 8.6233411431312543 181.09815879166126 19.530159965157509 6.2228211462497693 13.803304463624956 11.567055165767668 10.787326440215113 9.1752783507108671 8.0941730290651321 17.279391035437584 5.6199395358562452 7.6875115483999252 85.04740335047245 16.711614236235619 6.396610468626025 9.8955375999212247 6.4681828618049622 6.9103675335645667
leaf_count=32 20 72 26 436 50 113 638 44 3124 127 212 111 32 664 65 22 51 38 39 31 29 65 20 30 282 55 25 46 21 23
internal_value=0.00861873 -0.000932705 0.0546406 -0.00709876 -0.00484477 -0.00864537 0.063145 0.0372992 -0.012049 0.00990665 -0.0425576 0.0112851 0.0419443 0.00782996 0.0695105 0.0512937 0.0353913 0.0131082 -0.00670481 -0.00413376 -0.00526036 0.00444081 -0.028992 -0.0128098 0.060495 0.0630321 -0.0518043 -0.0299793 0.033009 0.0175035
internal_weight=1764.38 1461.13 303.246 1306.84 1228.74 994.425 266.325 52.631 840.267 154.158 78.1061 234.311 23.7311 210.58 213.694 154.291 56.5526 34.5456 36.9209 22.9786 15.5171 23.1151 19.2233 13.3075 97.7384 29.5159 62.589 16.2921 12.691 17.6977
internal_count=6543 5518 1025 5001 4657 3800 887 184 3237 563 344 857 82 775 703 517 192 120 138 82 61 85 76 50 325 99 283 71 43 62
is_linear=0
shrinkage=0.05


Tree=11
num_leaves=31
num_cat=0
split_feature=15 12 11 12 8 10 12 15 8 9 19 9 10 19 19 20 9 10 8 12 11 6 1 11 3 17 15 19 0 11
split_gain=364.16 154.226 86.4938 44.1801 42.0041 36.3651 58.3482 51.5579 31.639 27.2315 40.7153 21.8172 17.5391 16.9469 18.419 17.0096 15.1261 14.6845 14.3679 14.9291 13.392 18.1549 9.65831 9.31895 8.65626 7.87885 7.78365 7.20891 7.15954 7.15137
threshold=5.9630390143737175 1.1999376506865109 -1.0000000180025095e-35 1.2453621511232134 98.500000000000014 31.983572895277209 0.97848539314621819 4.9445585215605758 3.5000000000000004 42.480492813141687 144.50000000000003 39.474332648870643 103.52361396303904 196.00000000000003 68.500000000000014 589.00000000000011 25.938398357289532 20.977412731006165 inf 1.0225650300957059 3.4989733059548258 -7.4999999999999991 18818.000000000004 9.5441478439425058 inf 0.48096385542168679 12.012320328542097 214.00000000000003 370.10000000000008 3.4989733059548258
decision_type=10 10 10 8 8 8 10 8 10 10 2 10 8 2 2 2 10 10 8 10 10 10 8 8 8 10 10 2 10 10
left_child=1 5 3 11 24 7 13 17 16 10 -8 25 -11 14 -7 -15 -9 29 19 20 21 -4 -13 -19 27 28 -22 -3 -2 -1
right_child=2 4 18 -5 -6 6 9 8 -10 12 -12 22 -14 15 -16 -17 -18 23 -20 -21 26 -23 -24 -25 -26 -27 -28 -29 -30 -31
leaf_value=0.05040508348088435 0.043781034319569596 0.068356237566598116 0.0097725904640792102 0.066725606762958911 -0.008913984701810625 0.016604006928450748 -0.044760205575743346 -0.045308754892858079 0.063435530102668433 0.0091543334424430516 -0.0077179375528651228 -0.045297211294398579 -0.030442524103581656 -0.0028738061922380783 -0.011474349536084304 0.054301595080225501 0.018495494239108217 -0.014195844194287356 -0.0076180289221055228 0.070679242995298097 0.036207169002953732 0.067837397594542478 -0.0041379413923421336 -0.066921114669395057 0.029453099568792919 0.062047690342020692 0.061850914420121764 0.011581450018970409 -0.019286403629257414 -0.017239082950799647
leaf_weight=6.2581911385059383 7.5754571855068269 82.650158137083054 39.819172441959381 23.277333691716194 30.275381401181221 70.348106741905212 270.88047966361046 11.075868934392927 41.660440310835838 69.049281358718872 102.1600439697504 34.329938158392906 47.002185568213463 28.218044877052307 344.07810559868813 24.133258014917374 57.577175453305244 12.914325773715971 8.7332614213228208 133.52142907679081 37.185453101992607 20.337553203105927 24.371439903974533 23.871242463588715 21.964555576443672 9.6069824993610364 144.89003936946392 5.9967834949493399 11.084514826536177 10.400896415114401
leaf_count=22 26 271 139 78 115 253 1150 46 134 258 400 144 189 103 1307 81 203 52 31 453 125 67 91 112 74 31 483 21 42 42
internal_value=0.00823443 -0.00603342 0.0445871 0.0055446 0.0432699 -0.0122374 -0.0159672 0.00953332 0.0290611 -0.0280354 -0.0346159 -0.0108307 -0.00688285 -0.00332199 -0.0067081 0.0234833 0.00820189 -0.0307735 0.0557819 0.0572554 0.0498561 0.0294029 -0.0282088 -0.0484108 0.0575531 0.0252582 0.0566137 0.0645155 0.00631732 0.00817228
internal_weight=1755.25 1260.51 494.733 110.246 140.887 1119.63 955.87 163.758 110.313 489.092 373.041 86.9683 116.051 466.778 414.426 52.3513 68.653 53.4447 384.487 375.754 242.232 60.1567 58.7014 36.7856 110.611 28.267 182.075 88.6469 18.66 16.6591
internal_count=6543 4833 1710 412 481 4352 3741 611 383 1997 1550 334 447 1744 1560 184 249 228 1298 1267 814 206 235 164 366 99 608 292 68 64
is_linear=0
shrinkage=0.05


Tree=12
num_leaves=31
num_cat=0
split_feature=15 12 11 12 7 11 10 9 15 17 19 9 10 19 10 20 10 11 12 15 11 9 20 11 11 6 9 19 3 19
split_gain=333.814 142.854 82.7756 40.5748 37.3506 36.7134 37.153 39.3809 27.8888 30.7909 26.4899 25.8421 22.59 21.7145 19.6392 17.1048 17.351 14.7888 14.3133 11.8364 11.7153 10.4751 9.31063 7.25336 7.24267 8.34397 6.06224 5.70661 5.62612 5.01431
threshold=3.4825462012320334 1.2916825967753054 1.0000000180025095e-35 1.2561467314292771 14.500000000000002 -11.515400410677616 32.016427104722801 48.509240246406577 1.0000000180025095e-35 0.75735294117647067 144.50000000000003 19.991786447638606 104.54209445585217 224.50000000000003 18.973305954825467 446.50000000000006 50.97330595482547 14.997946611909653 1.1201398545092089 15.007186858316222 22.981519507186864 79.474332648870657 476.50000000000006 -1.4784394250513346 8.5256673511293659 -7.4999999999999991 156.50102669404521 138.00000000000003 inf 26.500000000000004
decision_type=10 10 10 8 8 10 8 8 8 8 2 10 8 2 8 2 10 10 10 10 10 10 2 10 10 10 8 2 8 2
left_child=1 5 3 15 28 6 8 -8 27 -10 -9 13 17 14 -7 16 23 -13 19 20 29 -14 -17 -2 25 -21 -6 -1 -3 -4
right_child=2 4 18 -5 26 11 7 10 9 -11 -12 12 21 -15 -16 22 -18 -19 -20 24 -22 -23 -24 -25 -26 -27 -28 -29 -30 -31
leaf_value=-0.073980873499929531 0.014576399117512068 0.066065419712286522 0.077505775870132979 0.066054340245980531 -0.023625476767030806 0.036427069977086522 -0.048320392552589242 -0.014562799720949513 0.060681170035675441 0.0060388613559196674 0.0064532715715427159 0.035028611606696458 -0.056306648654959372 0.052992782088446537 -0.049562032060118721 -0.052030389623156426 -0.05352951487897576 -0.019798125789799521 0.068448196413222306 0.032609342498196789 -0.022310264573176922 0.010556090375892682 -0.0096308817855409387 0.062044088317898198 0.063289282325521223 0.064510077811624281 0.021083947358060268 -0.010914362153277419 0.035186398352561869 0.033484794678811401
leaf_weight=8.2719226926565153 26.89043752849102 76.148528084158897 7.2034648060798636 23.1812624335289 16.811628699302677 6.9734243452548972 65.601889401674271 463.8423622995615 41.747226819396019 67.412060976028442 221.56043474376202 31.239793092012405 24.164199069142345 5.825108289718627 138.93083561956882 21.417277485132217 7.6842526197433463 20.286654189229012 113.20303018391132 58.648189276456833 9.0969784259796125 7.7320749163627616 32.742128014564514 11.485281899571417 100.25455565750599 31.51148521900177 13.81000506877899 6.3331048935651788 18.294996798038483 63.438977271318436
leaf_count=38 95 254 23 79 67 25 285 1805 135 246 812 111 104 21 611 93 33 84 395 198 34 29 126 37 342 107 48 28 61 217
internal_value=0.00788677 -0.00613489 0.0420581 0.00644051 0.0445248 -0.0118432 -0.00712838 -0.0113115 0.0182547 0.0269364 -0.00776923 -0.0293823 -0.00702849 -0.0416728 -0.0454522 -0.00734847 0.0150505 0.0134426 0.0535232 0.0472691 0.0310962 -0.0400982 -0.0263977 0.0287828 0.0540418 0.0437589 -0.00346204 -0.0466337 0.0600837 0.0379736
internal_weight=1741.74 1234.99 506.757 123.401 125.065 1109.92 874.769 751.005 123.764 109.159 685.403 235.152 83.4227 151.729 145.904 100.219 46.06 51.5264 383.357 270.154 79.7394 31.8963 54.1594 38.3757 190.414 90.1597 30.6216 14.605 94.4435 70.6424
internal_count=6543 4764 1779 463 430 4334 3349 2902 447 381 2617 985 328 657 636 384 165 195 1316 921 274 133 219 132 647 305 115 66 315 240
is_linear=0
shrinkage=0.05


Tree=13
num_leaves=31
num_cat=0
split_feature=15 11 9 10 19 19 8 7 6 9 9 7 10 9 7 13 15 20 2 10 19 11 20 20 11 15 11 2 7 17
split_gain=306.007 73.8906 43.9518 47.8787 41.8595 46.2735 38.3592 32.4615 28.6515 27.6768 21.9659 19.4081 16.2561 14.0999 12.7262 11.8146 11.3495 10.2319 11.3741 9.80536 9.77371 8.76708 8.06818 10.8999 7.85888 7.84897 7.35795 7.3005 7.53685 7.12972
threshold=5.9630390143737175 1.0000000180025095e-35 25.938398357289532 40.476386036960996 149.50000000000003 58.500000000000007 14.500000000000002 3.5000000000000004 1.0000000180025095e-35 93.50308008213554 72.509240246406577 24.500000000000004 22.061601642710475 120.00000000000001 inf 0.70249432849180871 14.012320328542096 446.50000000000006 1483.7200000000003 47.507186858316224 203.50000000000003 4.5174537987679679 570.50000000000011 454.00000000000006 8.5256673511293659 30.990759753593434 12.993839835728954 642.68500000000006 1.0000000180025095e-35 0.51470588235294124
decision_type=10 10 8 8 2 2 8 8 8 10 8 8 8 8 8 10 10 2 10 10 2 8 2 2 10 10 8 8 10 8
left_child=2 13 12 7 5 11 10 8 -4 -7 -6 -5 21 17 16 -10 22 19 25 -2 -8 -1 23 -3 29 -19 -14 28 -23 -18
right_child=1 14 3 4 6 9 20 -9 15 -11 -12 -13 26 -15 -16 -17 24 18 -20 -21 -22 27 -24 -25 -26 -27 -28 -29 -30 -31
leaf_value=0.053500236621933699 0.032566380730409544 0.036245339067190907 -0.03786029946469411 0.02472621640092422 -0.035529049740633499 -0.020505526418343897 -0.029734697153355107 -0.024513914995427464 0.055757583874681695 0.037544175120723146 0.030836930561187331 -0.016280928974114737 -0.0091629895593027932 0.030983633719443682 -0.00800336973616869 0.01804721376253687 0.030045306384208822 -0.01307708875246578 0.038096323582404043 -0.02823976599753435 0.0036108398727368383 -0.047940763558768786 0.055925509221670278 -0.023989972515806673 0.065759089476388727 -0.059597757750820927 -0.057755764542883753 0.0314159261101963 0.017778453314549286 0.056829696739933058
leaf_weight=4.8357216864824295 23.892016634345055 32.421962171792984 11.647377297282219 102.38511200249195 13.591657444834707 587.4986612200737 50.841357111930847 27.09501625597477 72.385072484612465 21.276830926537514 150.8160030990839 40.176100686192513 8.9885209351778013 40.588985621929169 8.4566863477230054 29.128039062023163 35.412260264158249 22.524823889136314 6.8822469413280478 9.1763032823801023 38.703079789876938 17.551154032349594 30.880062833428383 9.7745649069547635 162.65663366019726 15.175572738051413 58.43864880502224 5.7209220826625815 5.8056832402944556 83.265243515372276
leaf_count=16 82 111 51 379 56 2344 198 107 237 76 531 154 36 146 30 101 123 91 25 38 144 76 103 36 574 65 284 21 22 286
internal_value=0.00755566 0.0414289 -0.00551424 -0.00272214 -0.00654026 -0.012472 0.0110092 0.0246444 0.0364149 -0.0184767 0.0253504 0.0131697 -0.0370758 0.00710194 0.0526143 0.044937 0.0540607 -0.00538127 -0.0210127 0.015693 -0.015322 -0.00883894 0.0365047 0.0222922 0.0586209 -0.0318031 -0.051278 -0.0192061 -0.0316053 0.0488375
internal_weight=1727.99 481.107 1246.88 1145.54 1005.29 751.337 253.952 140.256 113.16 608.775 164.408 142.561 101.341 118.24 362.867 101.513 354.411 77.651 44.5826 33.0683 89.5444 33.9135 73.0766 42.1965 281.334 37.7004 67.4272 29.0778 23.3568 118.678
internal_count=6543 1710 4833 4378 3882 2953 929 496 389 2420 587 533 455 447 1263 338 1233 301 181 120 342 135 250 147 983 156 320 119 98 409
is_linear=0
shrinkage=0.05


Tree=14
num_leaves=31
num_cat=0
split_feature=12 5 7 9 10 9 19 10 7 16 12 11 3 3 17 5 16 19 20 10 9 3 9 5 11 12 0 10 9 10
split_gain=234.912 132.085 50.3951 32.4435 37.7335 34.3393 28.362 24.8314 23.7201 30.3149 15.1524 12.8666 12.0929 10.2385 8.01239 8.28695 8.64983 7.92523 7.44373 7.22049 6.30472 6.11461 7.77286 5.1156 4.78014 4.73233 4.5915 3.91855 3.39385 3.07246
threshold=1.1254147220599471 3.5000000000000004 inf 19.991786447638606 40.000000000000007 40.476386036960996 144.50000000000003 18.053388090349078 3.5000000000000004 2.2600964178994709 1.2453621511232134 -1.4784394250513346 262.30500000000006 inf 0.53589743589743599 40.500000000000007 1.0830104746023348 138.00000000000003 454.00000000000006 59.515400410677621 38.455852156057503 838.20000000000016 95.507186858316246 14.500000000000002 10.51334702258727 2.0288411493198857 937.10000000000002 16.985626283367562 157.47022587268995 27.022587268993842
decision_type=10 10 8 8 8 8 2 8 8 8 10 10 8 8 10 10 10 2 2 10 10 8 10 10 10 8 10 10 8 8
left_child=1 3 10 7 8 17 -7 27 9 -5 11 26 -10 -12 15 16 23 -6 -18 21 -13 22 -4 -3 29 -21 28 -1 -2 -9
right_child=2 14 19 4 5 6 -8 24 12 -11 13 20 -14 -15 -16 -17 18 -19 -20 25 -22 -23 -24 -25 -26 -27 -28 -29 -30 -31
leaf_value=-0.0021542264483556425 -0.014871555308326002 0.02208740052705881 0.028953935346054501 -0.0034171209312424573 -0.023641129855963353 -0.011826346387092804 0.0069783828372482568 -0.020134267040584013 -0.06800584363542575 0.039895549039420358 0.065573878985274392 0.026004645897157671 -0.0028145003565283348 0.028324749142475788 0.066395792405579551 0.05862829994971102 0.049315694351072151 -0.058175011940453707 -0.021927495993285265 -0.013014370127148487 0.077373715813094462 -0.075485741414059823 -0.052533099260453534 0.048497946557619881 -0.066381476639102821 0.036739754704911608 -0.033617895414967701 0.056448751909520492 0.035604834460200449 -0.052627059700750337
leaf_weight=5.5085088610649091 5.277573674917222 32.534465849399567 6.0387874394655245 66.742942228913307 29.770458236336708 641.39254021644592 291.70632748305798 13.240278184413912 10.484768405556677 102.34897336363792 187.50272041559219 10.691284194588663 22.12443870306015 20.460823550820351 28.747331663966179 33.042608171701431 5.1257241368293789 37.591617912054062 12.878288730978964 8.7675406485795992 13.535076111555098 5.2461312711238852 5.6781805753707886 42.010106459259987 29.910704165697098 10.506185069680212 6.5316802412271491 5.9160466939210892 9.0243716239929199 16.148814663290977
leaf_count=21 20 114 22 263 126 2525 1074 58 45 344 664 39 85 69 100 117 18 166 48 34 48 22 23 150 154 36 26 20 32 80
internal_value=0.00722858 -0.00109866 0.0483156 -0.0063952 -0.00445904 -0.0084365 -0.00594759 -0.0393058 0.0152696 0.0227994 0.0562136 0.0299274 -0.0237753 0.0619091 0.0425839 0.0371334 0.0294591 -0.0429129 -0.00164463 -0.00683181 0.0547041 -0.0306226 -0.0105356 0.0369712 -0.0523099 0.0141068 0.00111571 0.0281925 0.0169785 -0.0379885
internal_weight=1716.49 1427.22 289.26 1272.89 1202.16 1000.46 933.099 70.7244 201.701 169.092 253.024 45.06 32.6092 207.964 154.339 125.591 92.5486 67.3621 18.004 36.2368 24.2264 16.9631 11.717 74.5446 59.2998 19.2737 20.8336 11.4246 14.3019 29.3891
internal_count=6543 5508 1035 4961 4628 3891 3599 333 737 607 898 165 130 733 547 447 330 292 66 137 87 67 45 264 292 70 78 41 52 138
is_linear=0
shrinkage=0.05


Tree=15
num_leaves=31
num_cat=0
split_feature=15 12 11 13 9 12 10 8 19 8 11 1 10 9 15 0 0 12 12 9 13 15 11 11 19 11 6 0 15 11
split_gain=265.741 116.795 69.2047 43.2722 34.926 34.418 32.1384 30.5457 24.7293 23.916 18.4812 15.9661 22.0333 18.7421 15.1385 13.6066 13.5893 13.3947 12.9224 11.2851 12.4686 10.4057 10.4206 9.48233 9.39242 6.92044 7.77816 6.8519 7.81705 6.81
threshold=3.4825462012320334 1.2916825967753054 1.0000000180025095e-35 0.45303883358349878 25.938398357289532 1.2561467314292771 40.985626283367559 24.500000000000004 144.50000000000003 123.00000000000001 3.4989733059548258 425.80000000000007 37.01026694045175 60.50102669404518 3.0112936344969206 323.85000000000008 410.17000000000002 1.1201398545092089 1.1543262105227996 37.486652977412739 0.91547693602152058 15.007186858316222 22.981519507186864 -1.0000000180025095e-35 114.50000000000001 8.5256673511293659 -7.4999999999999991 329.69500000000005 13.946611909650926 -5.9958932238193006
decision_type=10 10 10 8 10 8 8 8 2 8 10 10 8 8 8 10 10 10 8 10 10 10 10 10 2 10 10 10 10 10
left_child=1 3 5 4 8 19 9 -3 24 -6 -10 12 14 -14 -5 -8 -13 21 -18 27 23 22 -4 -21 -1 26 -23 28 -2 -22
right_child=2 7 17 11 6 -7 15 -9 10 -11 -12 16 13 -15 -16 -17 18 -19 -20 20 29 25 -24 -25 -26 -27 -28 -29 -30 -31
leaf_value=-0.035067316700474242 0.0047241644075421176 0.055536946030432383 0.034229954508972746 -0.050907212062550514 0.045124428719798423 0.0618852215789258 0.017985628903213379 -0.0021379563847600739 0.0065431994747672199 -0.064716268181793379 -0.038773982925374012 0.084063929264566212 -0.045847633096898384 -0.0090024470293846234 0.02224372344231737 -0.030121508371152312 0.015767402370848314 0.063985403820920758 -0.016132499213796885 -0.036970516676352386 -0.012288211139216125 0.028555767068556226 -0.022744313041908402 0.033342920460537495 -0.06099209519029522 0.058756717982948896 0.059977058413464568 -0.0029402228870693964 0.078678804818166539 0.062818860323995127
leaf_weight=62.580961838364601 7.0042095035314542 90.719523772597313 69.72736918926239 7.7776153236627579 37.875996068120003 22.024546891450882 18.123283818364143 30.734628796577454 45.178499639034271 5.7016562223434439 44.814954578876495 5.9597032517194739 37.495436683297157 434.08925253152847 78.030096054077148 77.779743775725365 117.94573038816452 105.22638475894928 43.439830467104912 47.621245816349983 5.8593824803829193 57.73001603782177 9.0694357454776746 5.3317275196313849 79.091778367757797 95.026998415589333 29.894676521420479 19.862506881356239 7.2943035811185837 6.2237724810838682
leaf_count=286 26 314 240 35 128 79 70 116 176 25 202 19 162 1669 275 326 432 395 166 200 22 198 34 19 363 342 107 73 23 21
internal_value=0.00691644 -0.00557941 0.0380945 -0.0107353 -0.0246191 0.00534353 -0.00485187 0.040942 -0.0365205 0.030753 -0.0160239 -0.00362517 -0.00769153 -0.011932 0.0156133 -0.0210305 0.00991902 0.0489219 0.00718097 -0.00721031 -0.0194329 0.0428592 0.0276723 -0.0298908 -0.0495404 0.049411 0.0392757 0.0160591 0.0424517 0.0263978
internal_weight=1705.24 1217.34 487.897 1095.88 371.147 121.222 139.481 121.454 231.666 43.5777 89.9935 724.738 557.392 471.585 85.8077 95.903 167.345 366.675 161.386 99.1971 65.0361 261.448 78.7968 52.953 141.673 182.652 87.6247 34.161 14.2985 12.0832
internal_count=6543 4764 1779 4334 1576 463 549 430 1027 153 378 2758 2141 1831 310 396 617 1316 598 384 262 921 274 219 649 647 305 122 49 43
is_linear=0
shrinkage=0.05


Tree=16
num_leaves=31
num_cat=0
split_feature=15 12 11 13 9 0 12 19 11 11 5 1 20 19 12 19 11 15 19 13 17 15 11 20 0 9 13 20 13 11
split_gain=244.113 105.636 61.9055 37.2457 34.3678 33.6305 31.022 19.5097 16.8126 15.7698 14.3235 13.1239 12.1581 11.7177 11.6701 10.9763 10.3616 10.1542 8.89966 8.76786 8.57702 8.63 8.55192 10.4028 8.31637 9.62241 7.9894 7.88813 6.68176 6.14305
threshold=5.9630390143737175 1.1999376506865109 1.0000000180025095e-35 0.45303883358349878 25.938398357289532 669.68000000000018 1.2561467314292771 144.50000000000003 -1.4784394250513346 3.4989733059548258 -1.0000000180025095e-35 425.80000000000007 124.50000000000001 106.50000000000001 1.1543262105227996 55.500000000000007 35.48254620123204 2.9733059548254626 122.00000000000001 0.78421861150289318 0.53589743589743599 15.007186858316222 -1.4784394250513346 446.50000000000006 701.50500000000011 254.94866529774131 0.86770247121563726 570.50000000000011 0.77527174390714593 16.016427104722798
decision_type=10 10 10 8 10 10 8 2 8 10 10 10 2 2 10 2 8 10 2 10 10 10 10 2 10 8 10 2 8 10
left_child=1 3 6 4 7 18 12 13 -5 -9 -7 17 -2 -1 20 -13 -3 -10 -6 24 21 27 26 -24 25 -18 -14 -4 -26 -23
right_child=2 16 14 8 5 10 -8 9 11 -11 -12 15 22 -15 -16 -17 19 -19 -20 -21 -22 29 23 -25 28 -27 -28 -29 -30 -31
leaf_value=-0.029976911425617626 0.032215294836589151 0.064176296024223894 0.0043832423870412739 -0.056670852952110475 0.030975038737785454 -0.047645403147476208 0.060231201402614724 0.0041678180179107174 -0.0069143387031999548 -0.03719324631971014 0.0062058327295949119 0.04522660125335784 -0.036737733532047442 -0.058899692873319733 0.062964729186906362 0.0052498368351530525 -0.014758678927869459 0.054930776306131704 -0.0028707341025804487 0.056893177773493148 0.062211292144580814 0.037179832095723585 0.061281198931544906 -0.01116148330632636 0.056065247516966003 0.029924153249393872 0.0075791331007942957 0.043241510448834015 0.0095722869569306642 0.058672907275897815
leaf_weight=62.240346312522888 16.850312173366547 27.566871240735054 30.768004387617111 14.560175523161886 48.984136313199997 42.210053190588951 21.510991156101227 45.624766990542412 534.38584859669209 46.56616997718811 17.453985646367073 19.484809413552284 40.494386404752731 80.068676725029945 96.719090938568115 144.55409345030785 22.88882751762867 6.7205289751291266 32.183333218097687 23.312550261616707 45.180626928806305 100.84936362504959 7.057676404714587 16.639111921191216 23.483294889330864 25.440986827015877 13.58054159581661 22.692354008555412 11.518166214227675 49.593577533960342
leaf_count=286 57 97 109 65 177 184 79 178 2054 211 69 67 172 376 374 536 90 23 126 81 161 359 23 66 83 89 50 77 41 183
internal_value=0.00662859 -0.00501645 0.037617 -0.0101478 -0.022917 -0.00339344 0.00603199 -0.0346422 -0.00348862 -0.0167239 -0.0318919 -0.00239049 -0.00628944 -0.04625 0.0482243 0.00999834 0.0368511 -0.00614622 0.017555 0.0297876 0.0425006 0.0381332 -0.014632 0.0104143 0.0222047 0.00876252 -0.0256079 0.0208774 0.0407655 0.044265
internal_weight=1691.18 1229.25 461.936 1095.04 375.331 140.832 116.133 234.5 719.705 92.1909 59.664 705.145 94.622 142.309 345.803 164.039 134.211 541.106 81.1675 106.644 249.084 203.903 77.7717 23.6968 83.3313 48.3298 54.0749 53.4604 35.0015 150.443
internal_count=6543 4833 1710 4352 1607 556 447 1051 2745 389 253 2680 368 662 1263 603 481 2077 303 384 889 728 311 89 303 179 222 186 124 542
is_linear=0
shrinkage=0.05


Tree=17
num_leaves=31
num_cat=0
split_feature=15 11 9 10 19 3 8 19 7 19 15 5 11 13 7 20 9 15 13 9 20 19 11 3 17 20 11 11 20 20
split_gain=224.229 57.4794 33.2313 38.9545 36.7069 36.4223 33.302 31.7231 27.0917 21.4031 17.0629 21.3079 16.6185 12.4702 12.2108 11.4361 11.2576 10.0171 9.83942 8.86115 8.8659 8.69236 7.77758 7.51439 7.36843 8.93591 17.413 7.9606 7.00859 9.77031
threshold=5.9630390143737175 1.0000000180025095e-35 28.960985626283371 53.963039014373727 149.50000000000003 336.26000000000005 14.500000000000002 58.500000000000007 2.5000000000000004 160.50000000000003 3.4825462012320334 -1.0000000180025095e-35 10.51334702258727 0.87544704393256823 inf 124.50000000000001 120.00000000000001 14.012320328542096 0.92108481241487195 37.01026694045175 984.50000000000011 203.50000000000003 8.5256673511293659 243.65000000000003 0.24404761904761907 757.50000000000011 22.505133470225875 12.993839835728954 570.50000000000011 454.00000000000006
decision_type=10 10 8 8 2 8 8 2 8 2 8 10 8 10 8 2 10 10 10 10 2 2 10 8 10 2 8 10 2 2
left_child=2 15 12 8 5 16 9 -7 10 -6 11 -4 -1 -12 17 -2 -5 28 19 -17 -21 -8 -19 -10 25 -14 -27 -26 29 -3
right_child=1 14 3 4 6 7 21 -9 23 -11 13 -13 24 -15 -16 18 -18 22 -20 20 -22 -23 -24 -25 27 26 -28 -29 -30 -31
leaf_value=0.0065827921186585149 0.038871980380506023 0.031662864160801621 -0.044255101777143341 -0.029930770030139348 0.073819790716301001 0.024305000093793473 -0.028627261078215019 -0.0097755591927540051 -0.045769569246193208 0.01740910394675407 0.049102352380853642 0.052960744936742105 -0.055535087841328268 -0.0019297993375245804 -0.012996685176130214 0.019987674881477804 0.025893052927730129 0.042800855615790924 0.029337736093214592 -0.027137981104360855 0.037015070135344739 0.0040988424500010652 0.060249301486839241 -0.00014467432472391436 0.037131504206346047 0.064542687432002629 -0.043821786710200983 -0.05275896051004221 0.050087208065764027 -0.025787616738464327
leaf_weight=23.611128926277161 21.2886061668396 31.552407428622246 14.204569697380068 229.06405355036259 19.129142925143242 83.063074856996536 48.167914062738419 383.69435785710812 12.731022760272024 138.98597456514835 83.191712036728859 9.344350337982176 58.923727124929428 13.982886761426924 8.3596944212913495 18.306671231985092 9.4018794000148755 112.2919567078352 20.045053571462631 49.350791975855827 6.0452291369438163 35.058388262987137 148.09573881328106 30.998700469732285 5.8894332498311979 4.9468289613723755 14.793070629239084 4.2333651781082153 29.572720229625702 9.6681218892335874
leaf_count=92 74 111 63 998 65 300 189 1495 53 504 277 32 296 50 30 67 35 409 73 210 23 131 574 118 22 19 72 22 103 36
internal_value=0.00635016 0.0363352 -0.0047912 -0.00217015 -0.00607257 -0.0118326 0.0107587 -0.00371066 0.0202915 0.0242338 0.0325055 -0.00567928 -0.0306995 0.0417591 0.0466841 0.00578946 -0.0277298 0.0481906 -0.00172305 -0.0101707 -0.0201371 -0.0148417 0.0527247 -0.0134274 -0.040614 -0.0457812 -0.0166656 -0.000460785 0.0315134 0.0181881
internal_weight=1677.99 454.577 1223.42 1111.02 946.565 705.223 241.341 466.757 164.453 158.115 120.724 23.5489 112.398 97.1746 339.541 115.036 238.466 331.181 93.7477 73.7027 55.396 83.2263 260.388 43.7297 88.7864 78.6636 19.7399 10.1228 70.7932 41.2205
internal_count=6543 1710 4833 4310 3717 2828 889 1795 593 569 422 95 523 327 1263 447 1033 1233 373 300 233 320 983 171 431 387 91 44 250 147
is_linear=0
shrinkage=0.05


Tree=18
num_leaves=31
num_cat=0
split_feature=15 11 3 10 19 19 19 19 20 19 7 15 20 1 7 19 10 7 11 3 11 1 11 20 15 11 17 11 0 20
split_gain=205.791 55.9179 23.0257 24.3309 15.3404 23.0761 21.056 24.7152 21.1339 12.4259 12.137 11.8147 11.7801 11.535 10.855 8.34678 23.0366 19.9339 16.4324 13.5081 7.78681 7.77275 7.54323 7.4894 7.1706 6.92675 6.87668 6.38789 11.3406 7.35447
threshold=3.4825462012320334 1.0000000180025095e-35 152.29000000000002 23.030800821355239 58.500000000000007 48.500000000000007 111.50000000000001 110.00000000000001 1043.5000000000002 149.50000000000003 inf 14.012320328542096 124.50000000000001 844.37000000000012 1.0000000180025095e-35 144.50000000000003 119.49075975359345 10.500000000000002 12.993839835728954 24.450000000000006 8.5256673511293659 2112.6200000000003 22.981519507186864 967.50000000000011 43.975359342915816 5.5195071868583172 0.51470588235294124 3.4989733059548258 479.36500000000007 67.000000000000014
decision_type=10 10 8 8 2 2 2 2 2 2 8 10 2 8 10 2 8 8 10 10 10 8 10 2 10 10 8 10 10 2
left_child=2 12 3 27 5 14 7 23 9 -8 11 22 -2 -14 -4 16 17 -5 19 -17 26 -7 25 -6 -15 -3 -13 29 -29 -1
right_child=1 10 4 15 6 21 8 -9 -10 -11 -12 20 13 24 -16 18 -18 -19 -20 -21 -22 -23 -24 -25 -26 -27 -28 28 -30 -31
leaf_value=-0.0201696042362965 0.038146704499345319 0.011836621831280494 -0.013015755159254468 0.0097248838468719581 -0.0051215122177646812 0.061869874503530688 -0.0063174626324759954 -0.074662937731307097 0.045179864172578577 0.0089641284589106612 -0.014250158844863756 0.022458888442821023 -0.025158782123788873 -0.0012029598990745309 0.047443729339143141 0.026127461830035888 -0.04068912769883945 -0.05529306954203228 -0.04420109190900981 -0.016149925668868081 0.058895694091924328 0.022343906602891307 -0.008229263938034052 -0.049788624555107956 0.035633608524514492 0.045537004212455726 0.04952009547513158 -0.047271216976353808 0.046512836797775139 0.037813736052543317
leaf_weight=6.6920919418334952 21.457738846540451 21.672246962785721 50.295164868235588 53.92668716609478 62.269758388400078 24.916874438524246 436.96698985993862 19.916501760482788 25.03580616414547 191.24410678446293 8.6114095002412778 33.789719238877296 36.170332387089729 41.663526818156242 8.7097091823816282 32.646356031298637 120.99172307550907 15.086750164628027 26.114083841443062 44.8503587692976 144.02809818089008 24.835137218236923 11.371432080864905 11.049786105751989 19.345177069306374 51.434163272380829 76.912066996097565 8.7341609895229322 5.1088966429233542 29.914813697338104
leaf_count=26 75 77 198 220 249 85 1714 84 89 710 31 123 153 162 30 123 555 71 122 182 574 92 43 47 73 182 286 43 19 105
internal_value=0.0060794 0.0342591 -0.00488077 -0.0158036 -0.000486478 0.0170574 -0.00304249 -0.0252702 0.00013001 -0.00166534 0.0443696 0.0458578 0.00461711 -0.00278643 -0.00409133 -0.0213151 -0.0275404 -0.00448843 -0.00989892 0.0016599 0.0512316 0.0421394 0.029654 -0.0118532 0.0104775 0.0355466 0.0412602 0.0162729 -0.0126594 0.0272138
internal_weight=1665.76 466.456 1199.31 344.066 855.24 108.757 746.483 93.236 653.247 628.211 347.819 339.208 118.637 97.179 59.0049 293.616 190.005 69.0134 103.611 77.4967 254.73 49.752 84.4778 73.3195 61.0087 73.1064 110.702 50.45 13.8431 36.6069
internal_count=6543 1779 4764 1466 3298 405 2893 380 2513 2424 1316 1285 463 388 228 1273 846 291 427 305 983 177 302 296 235 259 409 193 62 131
is_linear=0
shrinkage=0.05


Tree=19
num_leaves=31
num_cat=0
split_feature=15 11 9 9 19 7 9 19 8 11 11 9 7 20 1 16 0 17 11 16 9 11 13 15 20 17 9 19 15 0
split_gain=188.957 50.8074 31.0231 17.5226 17.2691 30.013 20.3709 29.827 26.8761 18.8602 13.1518 12.1043 10.9307 9.7131 10.0116 9.4236 9.25884 8.19441 9.84143 7.79823 6.88421 5.89639 6.55175 5.38453 5.25928 8.58725 5.69241 5.18807 10.4759 6.56209
threshold=5.9630390143737175 1.4948665297741275 25.938398357289532 149.47022587268995 149.50000000000003 40.500000000000007 32.49281314168379 58.500000000000007 6.5000000000000009 34.97330595482547 10.51334702258727 120.00000000000001 inf 446.50000000000006 1479.1500000000003 0.43257204500222757 884.96500000000003 0.45804195804195807 2.4969199178644765 1.2700563632532662 90.480492813141709 -1.4784394250513346 0.34420784980626984 16.509240246406574 536.00000000000011 0.16397849462365593 5.4702258726899391 53.500000000000007 25.001026694045176 375.99500000000006
decision_type=10 10 8 10 2 8 10 2 8 10 8 8 8 2 10 8 8 8 10 8 10 10 8 10 2 10 10 2 10 10
left_child=2 11 10 4 6 9 7 -4 -8 -6 -1 13 17 15 19 -2 -7 18 -3 -15 -17 22 -5 -19 -12 26 -26 -13 29 -29
right_child=1 12 3 21 5 16 8 -9 -10 -11 24 27 -14 14 -16 20 -18 23 -20 -21 -22 -23 -24 -25 25 -27 -28 28 -30 -31
leaf_value=0.0018877531355664151 -0.029314840867764803 -0.014315293690564911 0.013354113017571393 -0.022141484327562508 0.024838742605144525 -0.043129154306429184 0.014529690806244911 -0.01648551590817935 -0.025825429336711139 -0.036678928745106129 -0.055624294272361222 -0.016502156396920056 -0.01159294007234812 -0.01482576945390578 0.04061734640337214 0.043483881669992612 -0.0055997959591658313 0.037314974965661614 0.038961362276097186 -0.064191318767221936 -0.020056002078616002 0.075191285751159201 0.036940204902959052 0.054953262848841028 0.01263690761163579 0.030630939658334928 -0.047889669373745204 0.036580095632247282 0.057809140162064454 -0.021729981604742696
leaf_weight=22.005589410662651 8.7560968250036222 10.183463856577871 100.62078094482422 6.1352710872888592 158.18499539792538 24.64345708489418 188.84574173390865 499.35141977667809 52.791824325919151 13.524315297603605 36.458419010043144 5.8261488229036322 8.3878643214702588 29.529856652021408 6.0782343894243231 20.968086630105976 49.335991844534874 57.08064304292202 58.251231253147125 10.972541525959967 5.3506700098514548 6.8430676162242881 19.951963812112808 178.81822292506695 4.5724239647388485 5.2206079065799704 25.822557687759399 9.5579688698053378 21.643587753176689 9.7437164038419706
leaf_count=87 36 38 380 24 564 102 714 2036 217 57 192 23 30 123 23 73 187 207 223 49 22 26 71 713 21 21 134 34 78 38
internal_value=0.00581412 0.0338403 -0.00436757 -0.00205155 -0.00313983 0.00852272 -0.00654444 -0.0114811 0.0057131 0.0199934 -0.031945 0.00736191 0.0447144 -0.00425551 -0.0192196 0.0156174 -0.0181013 0.0462663 0.0310335 -0.0281994 0.0305661 0.0338814 0.0230452 0.0506853 -0.0422748 -0.0286094 -0.0387844 0.0276441 0.0339257 0.00714449
internal_weight=1655.46 441.148 1214.31 1120.23 1087.3 245.689 841.61 599.972 241.638 171.709 94.0796 128.427 312.721 81.6555 46.5806 35.0749 73.9794 304.334 68.4347 40.5024 26.3188 32.9303 26.0872 235.899 72.074 35.6156 30.395 46.7714 40.9453 19.3017
internal_count=6543 1710 4833 4378 4257 910 3347 2416 931 621 455 499 1211 326 195 131 289 1181 261 172 95 121 95 920 368 176 155 173 150 72
is_linear=0
shrinkage=0.05


Tree=20
num_leaves=31
num_cat=0
split_feature=15 9 10 3 19 5 9 2 5 9 10 9 7 7 9 10 10 15 15 17 1 0 6 9 7 10 13 0 9 3
split_gain=173.628 30.1374 30.8143 29.6772 22.7051 25.0828 20.1017 26.2757 19.5562 18.5032 17.1643 22.0947 17.8946 17.1196 15.0303 14.352 13.3421 12.131 11.8365 9.25907 8.34192 8.1845 8.0047 7.34581 6.94687 6.56314 5.70122 5.41659 5.0346 7.0219
threshold=3.4825462012320334 28.960985626283371 40.476386036960996 336.26000000000005 144.50000000000003 -1.0000000180025095e-35 70.505133470225886 97.015000000000001 40.500000000000007 54.47227926078029 34.0205338809035 60.50102669404518 116.00000000000001 5.5000000000000009 75.466119096509246 22.061601642710475 94.488706365503091 17.494866529774132 -1.0000000180025095e-35 0.32738095238095244 615.44500000000005 649.25000000000011 18.500000000000004 88.476386036960989 1.0000000180025095e-35 52.977412731006169 0.7895918230251916 857.7650000000001 22.505133470225875 15.205000000000002
decision_type=10 8 8 8 2 10 8 10 10 10 8 10 8 8 10 8 8 10 10 10 8 10 10 10 10 8 10 8 10 8
left_child=1 15 9 4 5 -4 25 -8 10 13 11 19 17 -3 26 21 -6 20 23 27 -12 24 -19 -11 -1 -5 -13 -2 -17 -30
right_child=8 2 3 6 16 -7 7 -9 -10 18 12 14 -14 -15 -16 28 -18 22 -20 -21 -22 -23 -24 -25 -26 -27 -28 -29 29 -31
leaf_value=-0.030404563151431852 0.0064727608629255324 0.044906263147590678 -0.031535149212215299 0.012333787613338795 -0.037315803156430287 0.031943492030933593 -0.0053634685895677173 0.015906463812493176 0.056635248088292546 0.021741321744385485 -0.017632396451106726 -0.067036227935778805 -0.041394387227944481 -0.027817822561202299 0.025827564835952072 -0.052453428607599523 0.009389305919369921 0.04909725433426352 -0.061991636898252281 0.051955888635370262 0.027094146130111914 0.050110578332751135 0.023684100282372028 -0.023895766628830035 0.031982101486364101 -0.041458910286965883 -0.0045317163235816553 0.05208272484655966 0.023919001863604253 -0.038495944731950095
leaf_weight=17.570312321186073 44.626611217856407 68.596331104636192 201.01473566889763 6.7910802513360968 18.438778832554817 16.86767752468586 346.42493239045143 249.96879683434963 67.998259231448174 27.914331540465355 11.96778182685375 14.84789945185185 7.6714755147695533 9.1747665703296644 9.1687152087688428 45.775068148970604 89.569180727005005 141.90808399021626 7.2533651143312445 21.740049317479134 80.868552714586258 6.174931898713111 39.64221853017807 12.888708710670469 5.9811401367187491 34.357211589813232 4.8366659730672827 7.6211443543434134 5.7279545515775707 21.128069594502449
leaf_count=80 173 232 905 26 77 64 1323 930 285 99 48 65 29 38 35 256 339 555 35 80 300 22 162 49 22 148 20 27 24 95
internal_value=0.00556293 -0.00445303 -0.00201551 -0.00505469 -0.0173288 -0.0266209 0.00121941 0.00355148 0.0319159 0.0212548 0.0275488 0.0100626 0.0339245 0.0363269 -0.0270493 -0.0303925 0.00141596 0.0360303 -0.00313671 0.0245353 0.0213283 -0.00112691 0.0435482 0.00732565 -0.0145608 -0.032581 -0.0516783 0.0131257 -0.0423702 -0.0251838
internal_weight=1644.51 1191.62 1089.26 963.432 325.89 217.882 637.542 596.394 452.897 125.828 384.899 102.841 282.058 77.7711 28.8533 102.357 108.008 274.387 48.0564 73.9878 92.8363 29.7264 181.55 40.803 23.5515 41.1483 19.6846 52.2478 72.6311 26.856
internal_count=6543 4764 4265 3812 1385 969 2427 2253 1779 453 1494 400 1094 270 120 499 416 1065 183 280 348 124 717 148 102 174 85 200 375 119
is_linear=0
shrinkage=0.05


Tree=21
num_leaves=31
num_cat=0
split_feature=12 15 11 7 13 10 12 12 10 0 15 12 2 17 17 7 11 11 1 13 16 6 3 2 10 7 15 3 0 0
split_gain=164.529 99.9665 51.7369 39.2421 31.5469 25.0634 13.0175 12.253 14.5342 19.4996 16.5554 13.4515 10.9242 11.5474 10.3019 10.064 10.2694 8.97072 8.41188 8.30998 7.55711 8.03637 7.3873 7.248 6.53378 5.40626 5.23922 5.14981 5.03299 4.79144
threshold=1.1254147220599471 3.4825462012320334 -1.4784394250513346 99.500000000000014 0.45303883358349878 23.030800821355239 1.2748015277256342 0.88503410378312741 38.02874743326489 2499.2350000000006 3.0112936344969206 0.61067434407224364 670.6600000000002 0.75735294117647067 0.53589743589743599 31.500000000000004 3.4989733059548258 -1.4784394250513346 426.89500000000004 0.58034705535054332 0.28686566176769945 46.500000000000007 inf 2840.3550000000005 59.515400410677621 1.0000000180025095e-35 18.002053388090353 838.20000000000016 620.7850000000002 280.53500000000008
decision_type=10 10 10 8 8 8 10 8 8 8 8 10 10 10 10 8 10 10 10 10 8 10 8 10 10 10 10 8 8 10
left_child=1 4 20 6 5 25 17 11 10 -10 -9 18 13 -7 15 16 -4 29 -6 -13 -3 -22 -8 -14 27 28 -19 -5 -1 -2
right_child=3 2 14 24 7 12 22 8 9 -11 -12 19 23 -15 -16 -17 -18 26 -20 -21 21 -23 -24 -25 -26 -27 -28 -29 -30 -31
leaf_value=-0.0043332935450327587 0.042530319037688946 -0.068083914070605697 0.013524984213323949 -0.0099165164991904618 -0.016370973197593324 -0.020676416655477863 0.0592150628783513 -0.04725635940933956 -0.019598218227040713 0.00097288310519551041 0.020314445432791716 0.049945808344881805 -0.044706178812065511 0.05878744307548283 0.053491875514239541 -0.040655230648376256 0.036641020965149047 0.020115440005583921 0.011921359341167802 -0.0058016646718858358 -0.0047184391254655126 -0.058579106474796763 0.026238926683609234 -0.016434918743731521 0.013386208749788167 0.049563386706944844 0.067086347328595156 -0.06833450272232118 0.045877551143951756 -0.0077376435881066465
leaf_weight=25.049426242709163 6.4013552367687252 7.1133446097373962 71.592100277543068 11.556094169616701 42.464135766029358 177.2108827829361 157.86501826345921 10.285944074392319 247.39643876254559 215.5860513150692 76.359659895300865 27.228008806705475 93.909625634551048 4.6928290575742713 45.476287856698036 5.3061912953853598 146.08604298532009 10.009746119379999 68.899813607335091 8.8600809276103956 44.183327257633209 8.2129371613264066 19.030829921364784 29.885588794946671 19.365461379289627 9.0434956997632963 14.590051114559172 5.6010918021202079 6.2325751930475226 18.270975053310394
leaf_count=105 22 32 267 45 162 793 638 49 1002 824 272 93 445 18 177 20 565 38 249 34 173 38 65 136 71 32 62 24 22 70
internal_value=0.00532098 -0.00162428 0.0224533 0.0415707 -0.00919471 -0.0215363 0.0493366 -0.00306843 -0.00650196 -0.0100194 0.0122929 0.00973009 -0.0264238 -0.0186264 0.0318032 0.0273799 0.0290384 0.0266078 0.00113322 0.0362591 -0.019726 -0.0131609 0.0556674 -0.0378812 -0.00651962 0.0155141 0.0479737 -0.0289875 0.00567063 0.00530462
internal_weight=1633.77 1371.07 327.97 262.691 1043.1 346.024 226.168 697.08 549.628 462.982 86.6456 147.452 305.699 181.904 268.461 222.984 217.678 49.2721 111.364 36.0881 59.5096 52.3963 176.896 123.795 36.5226 40.3255 24.5998 17.1572 31.282 24.6723
internal_count=6543 5508 1272 1035 4236 1551 895 2685 2147 1826 321 538 1392 811 1029 852 832 192 411 127 243 211 703 581 140 159 100 69 127 92
is_linear=0
shrinkage=0.05


Tree=22
num_leaves=31
num_cat=0
split_feature=12 15 11 8 13 10 9 12 19 20 11 10 9 11 19 17 8 11 3 5 20 20 0 10 9 13 10 5 10 9
split_gain=151.832 91.1075 46.733 37.2093 27.6813 23.591 20.8651 12.4597 11.7064 15.1717 13.8941 12.4806 10.8255 15.5081 13.2993 10.1902 10.7703 15.0255 9.32741 8.79374 8.26814 8.11166 7.84825 7.28496 6.74013 7.73767 6.49195 6.37529 6.26242 5.6451
threshold=1.1254147220599471 3.0112936344969206 -1.4784394250513346 123.00000000000001 0.4938962813933846 30.04517453798768 25.938398357289532 1.2453621511232134 196.00000000000003 589.00000000000011 21.535934291581111 24.985626283367562 40.476386036960996 17.034907597535938 144.50000000000003 0.53589743589743599 3.5000000000000004 2.4969199178644765 inf -1.0000000180025095e-35 135.50000000000003 520.50000000000011 239.46500000000003 32.969199178644772 37.01026694045175 0.93135428781665708 18.053388090349078 30.500000000000004 59.515400410677621 37.486652977412739
decision_type=10 10 10 8 8 8 10 10 2 2 8 8 10 8 2 10 8 10 8 10 2 2 10 10 8 10 10 10 10 10
left_child=1 4 20 7 5 6 26 19 10 29 23 -12 14 -14 -7 16 27 -18 -9 22 -3 -8 -2 -6 -22 -26 -1 -4 -5 -10
right_child=3 2 15 28 8 12 21 18 9 -11 11 -13 13 -15 -16 -17 17 -19 -20 -21 24 -23 -24 -25 25 -27 -28 -29 -30 -31
leaf_value=0.017820671116795816 0.061738704221207502 0.018880082030399269 0.028343915137602177 -0.028979523052564467 -0.044807139302059873 -0.039831142869484276 0.056044938068121268 0.057688589485257472 0.0021868708646326858 0.041273586675221442 0.027899480209488854 -0.0050076917692124428 0.045546313883139899 -0.019633690600292186 -0.013490157426380016 0.05199795108827418 -0.024545678804332321 0.024702629183771238 0.021496253295841417 0.067622289184040507 0.019639248958724608 0.0017027809268278218 -0.00079863003552417132 0.018998801113578715 -0.044678844539068979 0.013428002203432191 -0.028558024054551458 0.053946066055100828 0.012703028901211137 -0.055538894983348942
leaf_weight=9.9150431305170041 6.2041858583688727 11.808506950736044 121.28874199092388 16.83734168112278 30.408946350216866 154.41470938920975 19.725735872983936 160.13598945736885 32.529005274176598 32.765741556882858 30.446431756019592 537.1736872792244 11.062629520893095 52.123243242502213 69.480136305093765 44.469482526183128 21.890777081251144 52.949521437287331 20.028473541140556 8.7627792805433256 6.4833424836397162 10.534539759159086 26.215472549200058 5.2450841963291159 34.946252554655075 6.8526757061481467 31.570232763886452 30.412803754210472 19.386055633425713 4.8691355139017096
leaf_count=37 21 41 459 68 135 762 67 664 119 112 108 2080 40 217 297 177 85 203 69 38 23 39 104 20 158 25 157 127 71 20
internal_value=0.00509877 -0.00155259 0.0212695 0.0403057 -0.00887285 -0.0200898 0.0055554 0.0479935 -0.00289615 0.016434 -0.00514434 -0.00324259 -0.0264989 -0.00822193 -0.0316569 0.0301148 0.0258191 0.0102975 0.0536652 0.0231813 -0.0186229 0.0371267 0.0111692 -0.0354206 -0.0277951 -0.0351526 -0.0174734 0.0334766 -0.00667183 -0.00532887
internal_weight=1620.94 1363.37 331.102 257.57 1032.26 358.826 71.7456 221.347 673.438 70.1639 603.274 567.62 287.081 63.1859 223.895 271.011 226.542 74.8403 180.164 41.1824 60.0908 30.2603 32.4197 35.654 48.2823 41.7989 41.4853 151.702 36.2234 37.3981
internal_count=6543 5508 1298 1035 4210 1616 300 896 2594 251 2343 2188 1316 257 1059 1051 874 288 733 163 247 106 125 155 206 183 194 586 139 139
is_linear=0
shrinkage=0.05


Tree=23
num_leaves=31
num_cat=0
split_feature=12 15 11 13 11 9 2 5 12 20 10 20 12 10 15 16 20 10 20 12 1 12 13 2 20 9 13 6 9 20
split_gain=140.082 83.0685 43.3071 26.6675 22.3149 21.4797 23.966 12.1355 10.9705 13.9997 16.704 12.5482 12.1324 10.3397 8.88436 10.3349 13.48 8.3903 7.68555 7.66634 7.56753 7.35802 7.34298 7.11671 6.72877 6.33398 8.00297 5.38276 6.92952 4.48709
threshold=1.1254147220599471 3.4825462012320334 -1.4784394250513346 0.45303883358349878 -9.5112936344969174 25.938398357289532 670.6600000000002 1.0000000180025095e-35 0.88503410378312741 785.50000000000011 24.459958932238198 844.50000000000011 0.61067434407224364 22.061601642710475 41.971252566735124 1.0685476634947715 454.00000000000006 43.055441478439434 135.50000000000003 0.99999828385692868 426.89500000000004 1.2916825967753054 0.58034705535054332 3431.5000000000005 263.50000000000006 37.01026694045175 0.93135428781665708 -1.0000000180025095e-35 264.00000000000006 454.00000000000006
decision_type=10 10 10 8 10 10 10 8 8 2 8 2 10 8 10 10 2 8 2 10 10 10 10 10 2 8 10 10 8 2
left_child=1 3 18 5 21 13 17 -8 12 10 -10 -11 20 24 15 23 -17 -7 -3 -15 -5 -2 -14 -4 -1 -20 -27 28 -23 -30
right_child=4 2 14 8 -6 6 7 -9 9 11 -12 -13 22 19 -16 16 -18 -19 25 -21 -22 27 -24 -25 -26 26 -28 -29 29 -31
leaf_value=-0.041601716875602247 0.00094628589218080433 0.017993959335024939 0.032232448505929108 -0.015486050896414465 0.053950438986246289 0.031129390600037721 0.0076618346926114024 -0.04410184323346656 0.028139101510914963 0.064078123031594922 -0.012983482800412012 0.0040978496096471277 0.047288879404927271 0.0066980478877410269 0.04511899045478978 0.04878629193672826 -0.02523108274790313 -0.0022814025667476836 0.018623077128449569 -0.036446504871558753 0.011374564541207895 0.011128206764261898 -0.0051764400470175748 -0.0031581454957699214 0.016209278929473114 -0.044474015612851581 0.015568550050350403 0.062873754180931579 0.020545418028253201 0.051812101783749134
leaf_weight=6.9502975195646313 26.755771577358246 11.771484836935995 149.98476938903332 42.312316566705704 126.15522453188896 37.608593389391899 15.973720416426659 38.886388331651688 26.343242555856705 9.4233239740133268 394.5429540425539 116.79256021976471 27.348304897546768 10.946465030312536 67.098889708518982 8.748650938272478 20.71876135468483 37.554388806223869 6.4949408620595923 173.31838554143906 68.95375257730484 40.606613993644714 8.8199142217636091 15.691192120313643 18.2491085678339 33.68327222764492 6.6445033252239218 11.360272020101545 19.202128872275352 28.513760790228844
leaf_count=30 102 41 571 162 555 135 65 180 95 33 1569 450 93 46 275 34 85 155 23 863 249 159 34 64 77 155 24 46 71 102
internal_value=0.00488812 -0.00148506 0.0207411 -0.00838138 0.0390725 -0.0198664 -0.00390329 -0.0290297 -0.00276754 -0.00602966 -0.0104096 0.008576 0.00933761 -0.0297753 0.0294244 0.0240279 -0.00325589 0.014436 -0.0181215 -0.0338835 0.00116 0.0242278 0.0344948 0.0288806 0.000264315 -0.0272011 -0.0345813 0.0304768 0.0263099 0.0392296
internal_weight=1607.45 1354.86 320.836 1034.02 252.594 339.487 130.023 54.8601 694.536 547.102 420.886 126.216 147.434 209.464 262.242 195.143 29.4674 75.163 58.5942 184.265 111.266 126.439 36.1682 165.676 25.1994 46.8227 40.3278 99.6828 88.3225 47.7159
internal_count=6543 5508 1272 4236 1035 1551 535 245 2685 2147 1664 483 538 1016 1029 754 119 290 243 909 411 480 127 635 107 202 179 378 332 173
is_linear=0
shrinkage=0.05


Tree=24
num_leaves=31
num_cat=0
split_feature=15 11 13 6 19 19 19 7 10 0 10 11 10 15 17 0 7 17 0 15 11 6 7 10 20 1 1 1 19 20
split_gain=124.941 39.8177 18.8361 17.2483 17.0309 17.1282 15.1173 31.5209 17.979 17.0536 12.4601 10.9649 10.8198 11.9445 10.2674 9.82191 9.65651 9.4478 9.09744 8.6714 8.54836 8.29646 8.1076 11.3475 7.59616 7.0029 6.89942 6.54253 5.08658 4.94233
threshold=5.9630390143737175 3.4989733059548258 0.4938962813933846 3.5000000000000004 58.500000000000007 48.500000000000007 145.50000000000003 8.5000000000000018 2.4640657084188917 167.97500000000002 17.954825462012327 70.981519507186874 60.484599589322393 24.459958932238198 0.16397849462365593 375.99500000000006 inf 0.40394736842105267 857.7650000000001 11.531827515400412 16.016427104722798 1.0000000180025095e-35 10.500000000000002 21.995893223819305 446.50000000000006 2112.6200000000003 793.59500000000014 550.84500000000014 203.50000000000003 263.50000000000006
decision_type=10 10 8 8 2 2 2 8 10 10 8 10 8 10 10 10 8 8 10 10 10 8 8 10 2 8 8 10 2 2
left_child=2 3 10 -2 5 14 8 17 9 -6 29 22 18 15 27 -14 19 -8 24 20 -3 -10 23 -12 -5 -7 -24 -4 -9 -1
right_child=1 16 4 12 6 25 7 28 21 -11 11 -13 13 -15 -16 -17 -18 -19 -20 -21 -22 -23 26 -25 -26 -27 -28 -29 -30 -31
leaf_value=-0.013279879304645576 0.05696227108668548 0.034847072229508488 -0.021090886390088326 0.0070967331271190454 0.0020026816670443465 0.062942751309172415 -0.0024040705154854567 -0.025595640608514054 -0.033132432399282465 -0.019426041750674267 -0.016543507241213711 -0.065812659347299865 0.02697809423284761 0.040069772705175866 0.050042940131025185 -0.030764441359345709 -0.010691257124025586 0.035367550526161216 0.025779108842649692 0.047725282492639888 -0.026021882474832767 0.016242560875355954 0.027207397440892386 0.0027536447377723115 -0.02636226175956782 0.022894841472633445 -0.035137673926370676 0.026540911585381084 0.0028624971032789209 0.04018845823647102
leaf_weight=6.0108881741762188 17.841010645031929 21.729777008295063 30.552541762590408 26.940699771046638 152.36567609012127 23.030957132577896 20.514887422323227 43.982691541314125 9.309666708111763 237.67899653315544 213.80644397437572 9.9575295448303205 14.215389519929888 35.669152081012726 8.7145847380161268 15.281184390187262 8.3923419117927534 85.776358783245087 17.945111647248268 196.6367622166872 7.8524895906448355 98.778851568698883 4.8419598639011374 118.35324239730835 45.803289949893951 20.751237168908119 53.137756049633026 9.4357702583074552 24.419848039746284 15.381537467241285
leaf_count=24 76 81 120 102 594 80 75 173 44 967 970 54 53 143 30 62 30 301 70 866 31 360 20 521 196 77 243 34 92 54
internal_value=0.00468224 0.0285396 -0.00352565 0.010393 0.00114901 0.0212671 -0.00161637 0.0110394 -0.00605471 -0.0110552 -0.0120136 -0.0140015 0.00506217 0.0206035 0.000865599 -0.00293637 0.0419745 0.0280774 -0.00610524 0.0439283 0.0186897 0.0119899 -0.0126791 -0.00966766 -0.0139707 0.0439614 -0.0299312 -0.00985153 -0.015436 0.0251648
internal_weight=1595.11 408.307 1186.8 173.696 765.312 92.4851 672.827 174.694 498.133 390.045 421.489 400.097 155.855 65.1657 48.7029 29.4966 234.611 106.291 90.6891 226.219 29.5823 108.089 390.139 332.16 72.744 43.7822 57.9797 39.9883 68.4025 21.3924
internal_count=6543 1710 4833 702 2947 341 2606 641 1965 1561 1886 1808 626 258 184 115 1008 376 368 978 112 404 1754 1491 298 157 263 154 265 78
is_linear=0
shrinkage=0.05


Tree=25
num_leaves=31
num_cat=0
split_feature=12 15 11 8 11 15 15 10 8 1 11 10 12 17 6 8 11 3 20 20 10 3 15 10 3 20 0 20 12 3
split_gain=126.457 68.9545 37.2619 33.1544 21.9844 20.3248 18.8935 24.3419 22.3793 19.5713 12.5288 19.2283 12.0446 9.62275 9.76241 11.743 7.44953 7.3403 6.8076 6.7169 5.63317 5.78718 5.50384 5.11962 6.08875 3.9901 4.9064 3.96396 3.71976 3.50984
threshold=1.1254147220599471 3.0112936344969206 -1.4784394250513346 123.00000000000001 -11.515400410677616 -4.9938398357289513 -4.9938398357289513 35.055441478439427 3.5000000000000004 426.89500000000004 22.981519507186864 34.496919917864481 1.2748015277256342 0.53589743589743599 1.0000000180025095e-35 3.5000000000000004 -1.4784394250513346 inf 80.000000000000014 135.50000000000003 59.515400410677621 838.20000000000016 18.002053388090353 27.482546201232037 1261.8350000000003 724.50000000000011 754.2700000000001 454.00000000000006 2.0288411493198857 101.14000000000001
decision_type=10 10 10 8 10 10 10 8 10 10 10 10 10 10 10 8 10 8 2 2 10 8 10 8 8 2 8 2 10 10
left_child=1 4 19 12 6 -6 7 8 -1 -9 11 -7 16 14 15 -4 25 -14 -12 -3 21 -5 -18 -21 -25 26 -2 -19 -22 -16
right_child=3 2 13 20 5 10 -8 9 -10 -11 18 -13 17 -15 29 -17 22 27 -20 23 28 -23 -24 24 -26 -27 -28 -29 -30 -31
leaf_value=0.0021802326528184038 0.043486880179306193 0.016627823658712779 0.027489892387396211 -0.0080993609518194964 -0.053142280305970173 -0.017512340550456678 -0.038367411234688939 -0.010804787378836155 0.04913159907293696 0.0095608597718447302 0.016366135808713701 0.030162356054524376 0.055413304999467665 0.048728952029077309 0.021908631589446517 0.0013899902906737314 0.014731649589660152 -0.0027582223821742782 -0.043684556364786409 0.00055393193878171059 -0.012260038880750748 -0.071406217477001613 0.064330578180840689 -0.044569140188400885 0.01678030387043242 -0.019733340194906759 -0.017502511199312287 0.043427561993366261 0.031725809510244167 0.063761176275072357
leaf_weight=69.885942682623863 8.9656912386417389 11.710949197411535 129.59410625696182 11.429837599396707 43.202758386731148 83.412502557039261 38.753995165228844 518.36588276922703 39.852986946702003 152.72457729279995 5.3515012711286536 28.333913922309875 143.35330730676651 41.951101914048195 6.9505489319562939 64.568587362766266 9.6661397069692629 8.6314348727464694 39.964173257350922 13.330743908882139 8.8846074789762515 5.2765069156885138 13.274191424250601 29.084544137120247 4.6975501775741568 10.387593314051626 5.2160160690546045 10.060718789696692 10.471469372510908 17.936607986688614
leaf_count=263 31 41 520 45 208 388 186 2121 137 566 25 106 638 177 27 257 38 31 210 54 35 23 63 133 19 41 20 34 36 70
internal_value=0.00447892 -0.00156776 0.0186887 0.0374594 -0.00792019 -0.0227711 -0.00429137 -0.00260012 0.0192312 -0.00617004 -0.014417 -0.00542416 0.04508 0.0267909 0.0225894 0.0188104 0.0229416 0.0515706 -0.0365929 -0.0172606 -0.00682316 -0.0280941 0.0434316 -0.0256843 -0.0360382 0.00381023 0.0210551 0.0221005 0.0115359 0.0520725
internal_weight=1585.29 1339.67 319.825 245.618 1019.85 200.265 819.583 780.829 109.739 671.09 157.062 111.746 209.555 261.001 219.05 194.163 47.5096 162.045 45.3157 58.8238 36.0624 16.7063 22.9403 47.1128 33.7821 24.5693 14.1817 18.6922 19.3561 24.8872
internal_count=6543 5508 1298 1035 4210 937 3273 3087 400 2687 729 494 896 1051 874 777 193 703 235 247 139 68 101 206 152 92 51 65 71 97
is_linear=0
shrinkage=0.05


Tree=26
num_leaves=31
num_cat=0
split_feature=12 15 11 8 13 9 0 8 11 20 10 17 8 11 20 3 9 10 17 5 9 15 1 10 20 12 9 13 15 0
split_gain=116.972 70.5348 40.0641 35.803 22.8634 19.563 19.942 16.677 9.96725 9.83601 11.8016 9.38495 9.75621 12.3285 9.24261 9.17219 8.87252 10.4318 7.69681 7.1648 6.22511 7.64723 7.46302 5.59803 4.71039 3.97015 5.48491 8.38437 2.94816 2.86877
threshold=1.2453621511232134 3.4825462012320334 -1.4784394250513346 123.00000000000001 0.45303883358349878 25.938398357289532 949.15500000000009 17.500000000000004 -1.4784394250513346 152.50000000000003 22.061601642710475 0.53589743589743599 3.5000000000000004 2.4969199178644765 218.50000000000003 inf 29.979466119096511 37.01026694045175 0.48096385542168679 30.500000000000004 39.474332648870643 18.020533880903496 18818.000000000004 59.515400410677621 665.00000000000011 1.6866264521554861 95.507186858316246 0.43759429659505306 11.003080082135526 1039.1250000000002
decision_type=10 10 10 8 8 10 10 8 8 2 8 10 8 10 2 8 8 8 10 10 8 10 8 8 2 10 10 8 10 10
left_child=1 4 20 15 5 9 7 -7 -6 18 -11 12 19 -14 -8 -2 24 -18 -1 -4 -3 -22 -23 -5 -10 -25 -27 -28 -13 -17
right_child=3 2 11 23 8 6 14 -9 16 10 -12 28 13 -15 -16 29 17 -19 -20 -21 21 22 -24 25 -26 26 27 -29 -30 -31
leaf_value=-0.064205815236422589 0.054060159145051405 0.020980136022575473 0.025192430355364975 -0.055746540233086478 -0.047615732937789895 0.020564261537091857 0.007260563579140929 -0.034342603160332517 -0.054596482462772634 0.012954253943350057 -0.027692047551623647 0.018793827869753886 -0.022538749861388527 0.022008576740915661 -0.046798633528765676 0.033075257481723845 0.016431707918652713 -0.0027795541129449416 0.0049139113113099283 0.051919777583498972 -0.055371126040371733 -0.030427470798357021 0.012183785222855046 -0.029867324250543545 0.0030374105806437045 0.055412950288424301 -0.05096168870782302 0.025795075433443587 0.054339272266389564 -0.0059955381713140245
leaf_weight=26.200717359781269 145.39114788174629 9.6471963077783567 117.86300174891949 5.0325440615415564 11.863462477922438 73.17442162334919 10.834181293845175 17.052184760570526 11.771638557314875 20.183641165494919 155.00512111186981 6.9183588474988928 22.148725882172585 51.983450189232826 29.261572033166885 11.930487841367723 80.165942043066025 596.05221715569496 4.7591933757066718 31.850476935505867 13.433980599045752 23.781683176755905 18.093311190605164 7.4276042729616192 5.0730074495077124 5.5234755426645306 5.6641261726617786 9.5670135021209717 37.197965428233147 7.7502104938030234
leaf_count=136 664 34 469 21 58 282 45 78 58 85 785 27 87 206 139 41 293 2307 20 148 63 108 67 32 23 19 23 33 164 28
internal_value=0.00429307 -0.000886646 0.0191474 0.0401934 -0.0072912 -0.0180146 -0.00285122 0.0101873 -0.0021728 -0.0276005 -0.0230092 0.0276873 0.0235332 0.00869902 -0.0321914 0.0497238 -0.00139493 -0.000502051 -0.0535807 0.0308785 -0.016082 -0.0225465 -0.012016 -0.00717118 -0.0372392 0.001503 0.0127297 -0.00274908 0.048765 0.0176893
internal_weight=1572.6 1374.32 332.918 198.287 1041.4 336.471 130.322 90.2266 704.926 206.149 175.189 267.962 223.846 74.1322 40.0958 165.072 693.063 676.218 30.9599 149.713 64.9562 55.309 41.875 33.2148 16.8446 28.1822 20.7546 15.2311 44.1163 19.6807
internal_count=6543 5682 1373 861 4309 1570 544 360 2739 1026 870 1101 910 293 184 733 2681 2600 156 617 272 238 175 128 81 107 75 56 191 69
is_linear=0
shrinkage=0.05


Tree=27
num_leaves=31
num_cat=0
split_feature=12 5 8 6 10 12 12 2 12 11 17 3 5 11 17 20 19 20 3 0 19 10 3 20 16 17 0 12 20 2
split_gain=108.417 42.161 29.2238 16.8221 16.8882 15.696 11.5926 11.3104 11.0172 7.82453 7.40358 6.67119 6.52513 7.24024 10.9989 6.18405 5.09913 6.52301 5.041 5.10745 4.9318 4.91981 5.35672 4.87315 3.58072 3.57541 4.04188 3.20959 2.82011 2.55024
threshold=1.1254147220599471 5.5000000000000009 123.00000000000001 1.0000000180025095e-35 18.053388090349078 0.99999828385692868 0.66114490960797645 670.6600000000002 1.2916825967753054 -1.4784394250513346 0.53589743589743599 inf 40.500000000000007 3.4989733059548258 0.19090909090909094 785.50000000000011 106.50000000000001 444.50000000000006 0.17000000000000001 381.42500000000001 65.500000000000014 59.515400410677621 838.20000000000016 454.00000000000006 0.025771902649267275 0.24404761904761907 884.96500000000003 2.0288411493198857 444.50000000000006 604.54000000000008
decision_type=10 10 8 8 8 8 10 10 10 10 10 8 10 10 10 2 2 2 10 10 2 10 8 2 10 10 10 10 2 8
left_child=1 3 8 20 18 6 -6 -7 9 16 12 -10 13 14 -3 -15 -2 -18 -5 -20 -1 22 29 -13 28 26 -22 -23 -11 -4
right_child=2 10 21 4 5 7 -8 -9 11 24 -12 23 -14 15 -16 -17 17 -19 19 -21 25 27 -24 -25 -26 -27 -28 -29 -30 -31
leaf_value=-0.0045972855677268686 0.041350090846975419 0.0088078289477804116 -0.034082638236595443 -0.014955006928493548 -0.00031716533800550971 -0.0038283544822986498 0.025449330182856913 -0.016659318338691085 0.053396517814701117 -0.0017909050763363751 0.054179648790286986 -0.0072364446723437396 0.043174327598966389 0.01363760704720042 -0.074049169775202095 0.053144704508367016 0.030018567338304488 -0.031205620336261702 0.017629002001473538 0.054717899987339773 -0.068421489555374068 -0.011264894855945866 -0.068505298645056098 0.045011060737758291 0.063871066282079308 -0.016858910476195473 -0.025933281200551078 0.029659908641397694 0.045751239800230131 0.013686201795291179
leaf_weight=10.493220910429953 6.5255890935659435 18.560168147087101 4.9423399120569238 6.0392826944589606 124.17503325641155 698.18142968416214 67.317528620362282 227.78572402894497 132.62662102282047 5.5567523986101168 20.620250582695007 8.2795817106962222 25.203726351261139 35.88633631169796 5.1074304431676856 13.681495964527128 6.684293374419215 12.460649043321608 20.694669753313065 16.832118511199951 16.131529852747921 8.8396341353654879 5.1595190465450278 9.6814847290515882 11.019684180617331 8.9937507659196836 8.5716501176357252 10.459979236125944 7.1108831614255905 6.4278744161129007
leaf_count=45 23 73 21 23 464 2883 254 1021 627 23 97 30 117 152 20 58 24 50 76 60 84 35 23 33 55 38 43 36 31 24
internal_value=0.00411408 -0.00144765 0.0353526 -0.0042517 -0.00309925 -0.00428994 0.00874082 -0.00698474 0.0428043 0.0223037 0.0269372 0.0495237 0.0212307 0.0136789 -0.00907258 0.0245422 0.00318047 -0.00982972 0.0274417 0.0342647 -0.0345303 -0.00623134 -0.0262514 0.0209263 0.043028 -0.0438514 -0.0536787 0.0109155 0.0248965 -0.00707769
internal_weight=1560.05 1324.28 235.775 1205.22 1161.03 1117.46 191.493 925.967 199.946 49.3579 119.059 150.588 98.4392 73.2354 23.6676 49.5678 25.6705 19.1449 43.5661 37.5268 44.1902 35.8293 16.5297 17.9611 23.6873 33.6969 24.7032 19.2996 12.6676 11.3702
internal_count=6543 5508 1035 4991 4781 4622 718 3904 896 206 517 690 420 303 93 210 97 74 159 136 210 139 68 63 109 165 127 71 54 45
is_linear=0
shrinkage=0.05


Tree=28
num_leaves=31
num_cat=0
split_feature=12 15 8 9 9 5 5 2 15 17 3 0 13 3 16 2 3 1 6 3 3 3 12 0 17 2 16 12 20 12
split_gain=100.284 62.1726 31.9458 18.3136 11.6527 18.5816 11.2826 18.87 14.8657 11.2921 9.84653 19.7688 9.76282 8.82888 8.1653 6.67287 6.48969 6.36066 5.95044 4.81408 4.49016 4.15937 3.98651 3.37975 6.62409 3.77593 3.13763 3.04125 2.80376 2.6421
threshold=1.2453621511232134 13.005133470225873 123.00000000000001 19.991786447638606 48.509240246406577 14.500000000000002 -1.0000000180025095e-35 1100.8400000000004 1.4784394250513351 0.70185185185185195 600.92500000000007 1039.1250000000002 0.027561561786873717 inf 0.084559806043693411 505.46500000000009 213.03500000000003 1899.2200000000003 103.00000000000001 177.73500000000004 160.70500000000004 92.085000000000022 1.6340425278497228 649.25000000000011 0.16397849462365593 921.65000000000009 2.5502258069756492 2.3824843346263305 329.50000000000006 1.485567102567336
decision_type=10 10 8 8 10 10 10 10 8 8 8 10 10 8 10 10 10 8 8 10 10 10 8 10 10 8 10 10 2 10
left_child=1 3 13 21 10 18 7 8 -5 14 26 -12 -11 -2 -8 16 -7 -9 -6 22 -20 23 -4 24 -1 -25 28 -21 -3 -15
right_child=2 4 19 6 5 15 9 17 -10 12 11 -13 -14 29 -16 -17 -18 -19 20 27 -22 -23 -24 25 -26 -27 -28 -29 -30 -31
leaf_value=-0.043283923119872073 0.051937985863921371 0.02994382932324029 -0.070922478315774348 -0.024584068878953112 0.0078881075476634303 0.02959148066741454 -0.026880789436083408 0.0089670566235067074 -0.0010207601681857411 0.07274844551182362 -0.079652783973842303 0.03305151277227146 0.017548348045400734 -0.013408145489935278 0.026588329577582344 0.045643147194635768 -0.015939174376909331 -0.027921253076903185 -0.056434786988518219 -0.011851090039783893 -0.011975653484129727 -0.056287906245542231 -0.010183285263955295 0.035883790260080435 0.01142384832153532 -0.021549370532061095 0.0095666044648638378 0.025856572282509028 0.050680982109108763 0.027503725463470116
leaf_weight=29.569656908512115 136.90895286202431 22.907427400350571 4.2857520729303333 73.202082186937332 33.190418377518654 24.404410779476166 21.213264226913456 13.078160002827643 781.81368154287338 10.266549184918402 5.3179227411747005 14.498481437563894 36.444062069058418 5.4924297332763699 10.762736007571219 35.102013528347015 11.520976215600966 109.77640898525715 7.4260313212871578 10.49003802239895 24.141328185796738 13.682144626975058 7.3077031522989282 4.1614467650651905 6.8067841529846183 9.16339311003685 6.907805621623992 10.907230556011198 56.508460193872452 14.018868327140806
leaf_count=168 664 91 22 346 148 108 91 53 3097 37 24 61 142 20 41 171 51 481 33 39 97 80 29 21 30 49 30 38 232 49
internal_value=0.00393504 -0.000806022 0.0380233 -0.00577132 0.0221798 0.0124779 -0.00420529 -0.00567097 -0.00303813 0.0140093 0.0345914 0.00280623 0.0296808 0.0474536 -0.00888373 0.030139 0.0149902 -0.0239944 -0.00689315 -0.00668877 -0.0224344 -0.031876 -0.0326367 -0.0251556 -0.033047 -0.00361257 0.041888 0.00737034 0.0446994 0.015987
internal_weight=1551.28 1361.87 189.411 1119.94 241.925 135.785 1056.56 977.87 855.016 78.6866 106.14 19.8164 46.7106 156.42 31.976 71.0274 35.9254 122.855 64.7578 32.9907 31.5674 63.3834 11.5935 49.7013 36.3764 13.3248 86.3237 21.3973 79.4159 19.5113
internal_count=6543 5682 861 4636 1046 608 4288 3977 3443 311 438 85 179 733 132 330 159 534 278 128 130 348 51 268 198 70 353 77 323 69
is_linear=0
shrinkage=0.05


Tree=29
num_leaves=31
num_cat=0
split_feature=12 15 11 8 11 11 19 19 8 11 12 20 6 11 16 19 13 12 10 19 19 20 10 3 2 16 20 3 20 8
split_gain=93.2396 50.7772 29.3481 25.6956 22.8993 15.6407 13.7065 20.1696 10.6588 10.2421 9.4272 7.85839 7.68331 13.539 10.0942 7.20277 7.16724 5.26877 5.22178 4.6943 4.53347 5.89923 4.36582 5.00273 4.16038 4.09612 3.87363 3.63737 4.44358 3.4385
threshold=1.1254147220599471 13.005133470225873 -1.0000000180025095e-35 123.00000000000001 22.981519507186864 -1.9548254620123202 58.500000000000007 144.50000000000003 123.00000000000001 -1.9548254620123202 1.2916825967753054 164.50000000000003 -7.4999999999999991 8.5256673511293659 1.3899200913242014 50.500000000000007 0.92108481241487195 1.0000021407133715 60.008213552361404 210.00000000000003 106.50000000000001 444.50000000000006 59.515400410677621 838.20000000000016 375.44500000000005 0.55006078574172956 80.000000000000014 inf 454.00000000000006 29.500000000000004
decision_type=10 10 10 8 10 8 2 2 8 10 10 2 10 10 8 2 10 10 10 2 2 2 10 8 8 8 2 8 2 8
left_child=1 4 11 9 5 25 8 -8 -7 10 20 24 13 14 -4 -13 -17 19 -14 26 -2 -22 23 -5 -3 -1 -6 -12 -29 -15
right_child=3 2 12 22 17 6 7 -9 -10 -11 27 15 18 29 -16 16 -18 -19 -20 -21 21 -23 -24 -25 -26 -27 -28 28 -30 -31
leaf_value=-0.0089923684479453758 0.039064377314714523 0.040213736334039227 -0.020165743335388564 -0.0061828060044508181 0.0021985928339339914 0.021509620556794472 -0.010872280871959626 0.0049051154224265823 -0.01027648405910421 0.052090087488308234 0.045443861708455512 -0.080134779832635117 0.055998632916777258 0.04540788938861838 0.023023157436800654 -0.026207832651913589 0.026446165852408839 0.017000900349653451 0.0065434115965718152 -0.079131820636136996 0.028609270494695027 -0.029765285962060219 0.010533792978835169 -0.066155289367003961 -0.012885847359582822 -0.05731552364376568 -0.040263775591267335 -0.0076876996859149491 0.042427017571488632 -0.0014985690943794105
leaf_weight=5.9087040722370148 6.4898134171962765 9.6737133711576426 20.691400408744812 11.300479039549829 6.1704112887382498 90.373058289289474 572.83631055057049 313.3853252530098 37.24239893257618 96.893686026334763 50.527395159006119 4.6691605001687995 38.430512934923172 53.699757009744644 39.084228679537773 28.34745691716671 8.3715599328279477 4.3282151073217383 6.1983193755149832 6.81421273946762 6.6589414328336742 12.364124670624731 19.203957706689835 5.0229248851537696 5.9625115394592294 17.009338617324833 41.452855229377747 8.2594317495822924 9.5234479755163175 4.2135682106018058
leaf_count=26 23 34 82 45 29 348 2417 1223 150 512 224 22 176 259 150 130 30 17 31 34 24 50 71 23 23 88 222 30 33 17
internal_value=0.00376677 -0.00133478 0.0206243 0.0334154 -0.00573136 -0.00401031 -0.00308696 -0.00529308 0.0122334 0.0406882 0.0289131 -0.0102326 0.0314647 0.0247658 0.00807327 -0.0216413 -0.0142033 -0.0360945 0.04913 -0.040316 0.00297913 -0.00933153 -0.00562584 -0.0246371 0.0199654 -0.0448569 -0.034762 0.0385991 0.0191507 0.0419951
internal_weight=1541.11 1314.86 219.342 226.244 1095.52 1036.76 1013.84 886.222 127.615 190.717 93.8232 57.0244 162.318 117.689 59.7756 41.3882 36.719 58.7657 44.6288 54.4375 25.5129 19.0231 35.5274 16.3234 15.6362 22.918 47.6233 68.3103 17.7829 57.9133
internal_count=6543 5508 954 1035 4554 4252 4138 3640 498 896 384 239 715 508 232 182 160 302 207 285 97 74 139 68 57 114 251 287 63 276
is_linear=0
shrinkage=0.05


Tree=30
num_leaves=31
num_cat=0
split_feature=12 15 11 7 13 7 11 1 17 3 8 19 8 19 2 1 11 1 17 20 8 16 3 13 1 16 12 20 17 11
split_gain=86.2767 51.9767 32.2098 28.5446 19.5706 13.7775 10.4561 9.06398 8.57878 8.49426 8.44116 10.707 7.86628 8.46358 7.64232 7.38285 7.16027 7.06942 6.82341 6.68726 6.22219 4.98366 4.35599 3.81271 6.58234 3.98868 3.7977 3.75197 3.55498 3.09162
threshold=1.2453621511232134 3.4825462012320334 -1.4784394250513346 116.00000000000001 0.45303883358349878 1.0000000180025095e-35 16.016427104722798 425.80000000000007 0.53589743589743599 inf 3.5000000000000004 35.000000000000007 4.5000000000000009 29.500000000000004 1741.0050000000003 2546.0200000000004 -1.4784394250513346 301.02000000000004 0.16954022988505749 80.000000000000014 8.5000000000000018 0.28686566176769945 177.73500000000004 0.39036542776151834 1868.6550000000002 0.59671203149765339 1.6340425278497228 178.50000000000003 0.19090909090909094 40.509240246406577
decision_type=10 10 10 8 8 10 10 10 10 8 8 2 8 2 8 10 8 10 8 2 10 8 10 8 8 10 8 2 10 8
left_child=1 4 21 9 5 12 20 16 10 29 19 -12 13 -1 18 -16 -6 -18 -9 -4 -7 -3 26 25 -25 -23 -5 -14 -8 -2
right_child=3 2 8 22 7 6 28 14 -10 -11 11 -13 27 -15 15 -17 17 -19 -20 -21 -22 23 -24 24 -26 -27 -28 -29 -30 -31
leaf_value=0.0289974575302906 0.057013596282862268 -0.055175220151325803 -0.0079244990748508128 -0.06950547765830116 -0.047067538532964893 0.0047306254016743314 0.0091402820004014892 -0.022431993271101781 0.045756431946750463 0.014448870255413075 0.065873578040370404 0.00058216775200098999 -0.0028906355847122412 -0.019773605961606121 -0.018646738274508776 0.022701815171854659 -0.0021010054439271459 -0.023054355276378453 0.020186922262845398 0.031109009137897187 0.044703219354847001 0.035602600877375705 0.0070983806537490146 -0.038699594777624274 0.00019228845500336966 -0.022062795898193193 -0.0094388625668895519 -0.04689197145662282 -0.043847249708568348 0.041452962678260818
leaf_weight=9.2933129370212537 70.735970832407475 6.8657270520925522 11.976950690150259 4.1245385408401463 9.7600026428699476 39.144016206264496 4.2202300578355816 10.354304537177084 40.968461081385612 19.330583915114403 6.9472610950469962 65.282099261879921 5.5710397809743872 207.80305329710245 37.840284615755081 15.104784920811651 483.18710133433342 43.91316045820713 101.00401204824448 130.86058853566647 12.958394259214399 7.9888129532337171 21.366188049316406 19.544959917664528 24.53789721429348 4.8008004724979401 7.2691486477851877 37.159374564886093 12.664470687508581 58.171140521764755
leaf_count=40 391 33 52 22 51 163 21 40 191 69 27 266 26 1009 149 54 1901 176 368 565 50 30 77 92 96 21 29 196 65 273
internal_value=0.00360666 -0.000740181 0.016869 0.0360224 -0.00620725 -0.0162718 0.00359095 -0.00148745 0.0247866 0.0453568 0.020792 0.00686211 -0.0215456 -0.0176858 0.00878862 -0.00685034 -0.00463239 -0.00384665 0.0162241 0.027836 0.0146722 -0.0149358 -0.00621569 -0.010078 -0.0170512 0.0139569 -0.0311831 -0.0411552 -0.0306033 0.0499916
internal_weight=1530.75 1349.75 319.774 180.998 1029.98 328.814 68.9871 701.164 256.035 148.238 215.067 72.2294 259.827 217.096 164.303 52.9451 536.86 527.1 111.358 142.838 52.1024 63.7382 32.7599 56.8725 44.0829 12.7896 11.3937 42.7304 16.8847 128.907
internal_count=6543 5682 1373 861 4309 1570 299 2739 1101 733 910 293 1271 1049 611 203 2128 2077 408 617 213 272 128 239 188 51 51 222 86 664
is_linear=0
shrinkage=0.05


Tree=31
num_leaves=31
num_cat=0
split_feature=12 5 8 9 10 10 9 7 9 9 7 11 12 10 11 6 17 16 0 20 13 13 3 13 20 3 20 0 13 11
split_gain=80.0199 30.45 22.6449 16.2362 21.6364 20.9903 19.1003 13.3602 19.0611 11.0422 10.9854 9.96699 8.29874 6.88599 6.27137 9.99764 7.07019 5.37457 4.02642 4.62508 3.99291 3.80599 6.16654 3.49346 3.67441 3.36585 4.09004 3.32295 3.23375 3.55528
threshold=1.1254147220599471 14.500000000000002 123.00000000000001 16.969199178644768 18.053388090349078 38.02874743326489 42.480492813141687 24.500000000000004 54.47227926078029 72.509240246406577 3.5000000000000004 -1.9548254620123202 1.2916825967753054 106.0205338809035 6.5215605749486665 3.5000000000000004 0.24404761904761907 1.3899200913242014 239.46500000000003 597.00000000000011 0.44227087449409019 0.62448925241734865 838.20000000000016 0.21017718812400035 589.00000000000011 inf 454.00000000000006 370.10000000000008 0.12379801781887183 42.513347022587276
decision_type=10 10 8 8 8 8 8 8 10 10 10 10 10 8 10 8 10 8 10 2 10 10 10 10 2 8 2 10 10 10
left_child=1 3 11 4 -1 7 13 8 -5 -9 -8 12 18 -7 15 -3 17 -17 -2 -20 23 -22 -23 24 -4 -14 -27 -16 29 -13
right_child=2 14 20 5 -6 6 10 9 -10 -11 -12 28 25 -15 27 16 -18 -19 19 -21 21 22 -24 -25 -26 26 -28 -29 -30 -31
leaf_value=0.0317191340394503 0.037526371687079368 0.049632280044897191 0.018710991530236556 0.027799856345874674 -0.048625069241787888 -0.017756427749412728 -0.0046345173736214388 -0.045103555712410613 -0.0078215487461257751 0.024588580109001737 0.016351051056135622 0.049276019855609074 0.043185372457012566 -0.048573566231034891 0.019760346798683614 -0.010944118603050263 -0.045417940713633351 0.045523925390966051 0.012839311580308583 -0.036780865858875196 0.045666499429253632 0.029114529164210007 -0.043405402813238181 -0.051400099161231352 -0.038757555042272657 -0.0080368763129717007 0.040239550618191608 0.048895417301489046 0.054188714461665989 -0.0042105137326632599
leaf_weight=10.686053052544592 6.2438694089651134 12.270442351698875 6.6759682446718234 126.74844831228256 38.820272549986839 51.318995878100395 817.51078063249588 16.784690350294117 53.36723792552948 8.5936200469732267 67.510868757963181 7.483992896974085 48.119050770998001 28.026232123374939 13.989452287554739 10.29263925552368 7.6762663871049872 7.1348897963762345 10.807996585965158 8.30455633997917 5.6415126919746426 6.3689689189195615 5.4309662580490112 6.3828652948141089 4.7678789347410202 8.247759088873865 9.3733517378568632 32.57540437579155 78.07576259970665 5.3121514394879341
leaf_count=40 22 62 27 476 244 238 3359 77 222 32 269 38 224 147 72 40 31 27 40 35 20 22 21 28 21 30 33 172 447 27
internal_value=0.00345219 -0.00123069 0.031547 -0.00323588 -0.0312826 -0.002049 -0.00514065 0.0124599 0.0172454 -0.0215044 -0.0030337 0.0386539 0.0269666 -0.0286416 0.0278983 0.0126433 -0.00543646 0.0121741 0.0026671 -0.00872105 -0.0051217 0.0118869 -0.00426305 -0.0217627 -0.00523227 0.036339 0.0176432 0.0401424 0.0503702 0.0270718
internal_weight=1520.54 1303.31 217.237 1219.37 49.5063 1169.86 964.367 205.494 180.116 25.3783 885.022 181.968 91.0966 79.3452 83.9391 37.3742 25.1038 17.4275 25.3564 19.1126 35.2682 17.4414 11.7999 17.8267 11.4438 65.7402 17.6211 46.5649 90.8719 12.7961
internal_count=6543 5508 1035 5104 284 4820 4013 807 698 109 3628 896 384 385 404 160 98 67 97 75 139 63 43 76 48 287 63 244 512 65
is_linear=0
shrinkage=0.05


Tree=32
num_leaves=31
num_cat=0
split_feature=12 15 8 9 10 13 8 6 19 10 9 5 8 3 0 3 3 19 17 10 6 3 13 10 19 19 0 0 19 10
split_gain=74.3402 45.3552 25.3944 15.452 27.5249 26.3232 16.9414 16.8341 14.2522 12.608 10.2592 14.7283 10.0643 9.41863 17.4222 9.06067 8.19102 6.93137 6.66871 6.58727 6.10741 5.5757 4.97631 4.45373 4.58529 5.83534 5.52955 4.26282 3.58602 3.075
threshold=1.2453621511232134 13.005133470225873 123.00000000000001 19.991786447638606 53.963039014373727 0.53005886807610958 4.5000000000000009 1.0000000180025095e-35 196.00000000000003 19.498973305954831 48.509240246406577 17.500000000000004 9.5000000000000018 600.92500000000007 1039.1250000000002 577.19000000000017 inf 138.00000000000003 0.51470588235294124 40.985626283367559 46.500000000000007 172.66000000000003 0.035852942327438728 59.515400410677621 113.00000000000001 145.50000000000003 392.42000000000002 364.27500000000003 50.500000000000007 14.965092402464068
decision_type=10 10 8 8 8 8 8 8 2 8 10 10 10 8 10 10 8 2 8 8 8 10 8 8 2 2 10 10 2 8
left_child=1 3 16 9 6 12 7 -5 -7 22 13 17 -6 28 -15 -8 -2 20 19 -13 -12 -19 -1 -4 -25 -26 -27 -20 -3 -30
right_child=2 10 23 4 5 8 15 -9 -10 -11 11 18 -14 14 -16 -17 -18 21 27 -21 -22 -23 -24 24 25 26 -28 -29 29 -31
leaf_value=0.048249323457104282 0.048175427782497254 0.0097850930187108314 -0.049896218310510387 -0.022566054777331299 -0.024216280015202957 -0.0045123915028751392 -0.02202555402785417 0.027459760066399483 0.019551230390945772 -0.042208418557604294 0.010652826701201656 -0.014878957623951606 0.0076823040537061559 -0.077932082836555144 0.029306591823583486 0.025766672746392185 0.012996022508073083 -0.02783689846712355 0.016025205482976968 0.038680382677012182 -0.034073623767309394 0.023521861924386614 -0.01208810418181497 -0.037029429755510712 0.049862483122197911 -0.035493522177943236 0.025919590399971017 0.051284759000744598 0.012053867722712872 0.046026604637769891
leaf_weight=5.6013085097074482 121.24577510356903 9.4353403449058515 4.8433298021554938 19.204809531569481 230.65289576351643 508.74972184002399 42.740357995033264 135.2371918708086 69.998091861605644 46.093563787639141 10.841415688395498 14.325901851058008 27.696677178144455 5.234795585274699 13.697773456573485 12.913452178239821 19.161205112934113 6.8724251389503506 12.582547709345816 9.5797286927700025 25.786976501345634 22.872309148311615 8.7638344019651413 5.8976637870073345 7.1051177531480816 7.4663884341716749 7.1996090263128281 26.893659859895706 7.4194527119398108 65.138250738382339
leaf_count=21 664 42 21 89 1103 2007 186 485 249 291 49 58 118 24 61 51 69 31 64 46 118 93 36 24 25 31 27 149 34 277
internal_value=0.00330287 -0.00068327 0.0341542 -0.00488381 -0.00346483 -0.0075259 0.0127159 0.0212391 -0.00160196 -0.0294617 0.0194863 0.0101868 -0.0207966 0.0314422 -0.000344563 -0.0109362 0.0433745 -0.0062747 0.0274253 0.00658393 -0.0208353 0.0116556 0.0114389 -0.00566465 0.00207794 0.0126719 -0.00534553 0.0400462 0.038782 0.0425527
internal_weight=1511.25 1338.33 172.919 1107.65 1047.19 837.097 210.096 154.442 578.748 60.4587 230.681 129.755 258.35 100.926 18.9326 55.6538 140.407 66.3731 63.3818 23.9056 36.6284 29.7447 14.3651 32.5121 27.6688 21.7711 14.666 39.4762 81.993 72.5577
internal_count=6543 5682 861 4636 4288 3477 811 574 2256 348 1046 608 1221 438 85 237 733 291 317 104 167 124 57 128 107 83 58 213 353 311
is_linear=0
shrinkage=0.05


Tree=33
num_leaves=31
num_cat=0
split_feature=15 11 9 10 7 19 19 9 9 7 11 5 15 11 8 19 20 20 8 7 15 11 15 9 19 10 0 3 9 11
split_gain=63.8494 28.8887 16.984 17.3716 20.2728 18.3709 23.5339 22.0601 19.686 13.0806 11.8211 10.1795 9.65629 18.1707 15.0517 8.19928 9.93066 13.0513 6.73704 6.55764 7.22733 8.45019 5.64018 5.3948 7.49014 5.16641 7.25224 4.91419 5.79762 4.8645
threshold=5.9630390143737175 3.4989733059548258 23.014373716632445 53.963039014373727 2.5000000000000004 144.50000000000003 58.500000000000007 77.470225872689952 93.50308008213554 3.5000000000000004 3.4989733059548258 37.500000000000007 3.4825462012320334 -1.4784394250513346 2.5000000000000004 144.50000000000003 454.00000000000006 476.50000000000006 1.0000000180025095e-35 inf 11.531827515400412 16.016427104722798 17.494866529774132 93.50308008213554 203.50000000000003 22.061601642710475 430.22500000000008 262.30500000000006 77.470225872689952 21.535934291581111
decision_type=10 10 8 8 8 2 2 8 10 10 8 10 8 10 10 2 2 2 8 8 10 8 10 8 2 8 10 8 10 8
left_child=2 11 10 4 12 6 9 29 -8 -5 -1 15 13 -4 -14 16 22 -18 -9 20 21 -3 -2 24 -17 26 -12 -6 -29 -7
right_child=1 19 3 5 27 7 8 18 -10 -11 25 -13 14 -15 -16 23 17 -19 -20 -21 -22 -23 -24 -25 -26 -27 -28 28 -30 -31
leaf_value=0.059910142317486127 -0.019645696233791934 0.029358950138262948 -0.039218726427423231 0.0068862982187969232 -0.036501723003644064 0.013450916367888754 -0.015960906233602148 0.020335495746334642 0.040739983703855426 0.082628255886680851 -0.036711313691444751 0.045432078597527195 0.014487498047159313 0.035900382450558585 0.053995439531060951 0.028956198826036519 -0.044211380462514535 0.0016999574807961357 0.0042290221834424616 -0.0089294621068785121 0.040292837126025743 -0.032971718204038714 0.021217905278973239 0.047952939664615883 -0.037714249565090591 -0.043348665049434569 0.021035268902148855 -0.018277619573174277 0.027131132639267454 -0.04379239525405744
leaf_weight=3.6700055599212646 10.824805513024328 20.310040459036827 15.617998570203779 114.96316683292389 16.759338602423668 4.3642483949661255 458.2041389644146 106.51469832658768 15.837043315172194 5.9976520985364905 13.44597063958645 14.69327564537525 57.656384065747261 16.613911345601082 41.431443974375725 12.582865983247759 26.803801581263542 36.638337850570679 166.27477531135082 8.3841836452484113 162.05022998154163 7.4255726933479336 38.396929293870926 13.566090822219847 6.3330020159482947 39.486694447696209 9.1279910504817945 20.870788142085079 10.59903149306774 24.807119175791744
leaf_count=12 45 81 77 477 77 17 2022 406 62 21 68 72 206 59 145 50 126 157 637 30 866 31 157 65 30 268 35 87 39 118
internal_value=0.00316401 0.0215886 -0.00261075 -0.00110419 0.0130922 -0.00394594 -0.00904351 0.00609863 -0.0140666 0.0106418 -0.0272846 0.0057738 0.023274 -0.000498644 0.0310069 0.00175915 -0.00462178 -0.0176972 0.010518 0.0343445 0.0362562 0.0126713 0.0122312 0.0238915 0.00663504 -0.0324409 -0.0133609 -0.0146312 -0.00298396 -0.0352284
internal_weight=1500.25 358.009 1142.24 1076.51 179.549 896.963 595.002 301.961 474.041 120.961 65.7307 159.839 131.32 32.2319 99.0878 145.146 112.664 63.4421 272.789 198.17 189.786 27.7356 49.2217 32.482 18.9159 62.0607 22.574 48.2292 31.4698 29.1714
internal_count=6543 1710 4833 4450 690 3760 2582 1178 2084 498 383 702 487 136 351 630 485 283 1043 1008 978 112 202 145 80 371 103 203 126 135
is_linear=0
shrinkage=0.05


Tree=34
num_leaves=31
num_cat=0
split_feature=12 15 11 7 11 19 19 9 9 7 9 9 0 3 20 7 11 9 19 0 20 20 0 19 19 11 19 19 19 0
split_gain=66.9971 37.6213 25.9079 23.8297 18.157 13.8777 20.7519 29.501 12.2672 9.06287 9.12927 7.9264 10.1594 7.7977 7.72355 7.48409 8.74498 7.44278 5.22081 5.84941 4.92651 4.28691 3.98609 3.87814 6.21123 3.40939 4.23099 2.80871 2.78439 2.69299
threshold=1.2453621511232134 13.005133470225873 -1.0000000180025095e-35 116.00000000000001 22.981519507186864 58.500000000000007 144.50000000000003 28.960985626283371 16.969199178644768 23.500000000000004 35.99178644763861 44.50102669404518 375.99500000000006 inf 536.00000000000011 inf 10.989733059548255 59.498973305954827 138.00000000000003 385.53500000000003 80.000000000000014 454.00000000000006 355.07500000000005 113.00000000000001 138.00000000000003 40.509240246406577 214.00000000000003 214.00000000000003 138.00000000000003 1039.1250000000002
decision_type=10 10 10 8 10 2 2 10 8 8 10 10 10 8 2 8 10 10 2 10 2 2 10 2 2 8 2 2 2 10
left_child=1 4 11 13 5 9 7 -7 -8 14 -11 12 -3 25 -1 16 21 20 22 -20 -6 -4 -13 -5 -25 -2 -27 -22 -14 -15
right_child=3 2 15 23 17 6 8 -9 -10 10 -12 18 28 29 -16 -17 -18 -19 19 -21 27 -23 -24 24 -26 26 -28 -29 -30 -31
leaf_value=0.011286882776448959 0.054891235397114185 0.059539450890576273 0.032526994004401642 -0.040639759259149165 0.0021186087563870564 -0.018288739593676696 -0.028024486615119609 0.0057103201002721635 0.007989373970756785 0.006053274386413161 -0.051049957076216707 -0.016963263184831743 0.010085179072940155 0.027690167435020254 0.043017954317951579 -0.034257220999125808 0.045665963328615944 0.011944915565707169 -0.046260452064193547 0.018601076744541988 -0.040225563873345603 0.011495685540448008 -0.055553862899034717 0.046820232321435611 -0.010679950906636955 0.04227346515833285 -0.0054362143311733708 -0.078349119828859823 -0.040419386079063639 -0.010697903173061905
leaf_weight=63.651863634586334 62.396646894514561 8.2698391675949114 45.191757798194885 6.3685879558324805 6.3334684669971457 406.40332061052322 25.718670502305031 186.96207106113434 293.30817224085331 27.330054685473442 9.4089657515287382 14.733482569456102 5.7486412078142148 11.517159357666971 27.446478486061096 4.6014047414064398 58.817016988992691 8.3454896211624128 4.8057892173528698 12.561869189143179 37.906188152730465 52.237431570887566 12.259345069527624 6.1467795222997692 19.906369060277939 48.363939926028252 5.1409151554107657 5.5369638726115218 5.1954370737075806 7.572376772761344
leaf_count=251 391 29 208 26 31 1806 143 760 1114 105 45 67 21 41 101 17 320 33 22 50 219 231 60 22 80 245 28 28 21 28
internal_value=0.0030276 -0.000744032 0.0179104 0.0328283 -0.00455562 -0.00303603 -0.00519776 -0.0107269 0.00508608 0.0123926 -0.00857102 -0.00911175 0.0177143 0.0420731 0.0208469 0.0285908 0.0304417 -0.0317523 -0.020731 0.000653301 -0.0390785 0.0212509 -0.03449 -0.00566359 0.0028862 0.0469502 0.0376894 -0.0450845 -0.0138906 0.0124625
internal_weight=1490.19 1322.77 224.422 167.413 1098.35 1040.23 912.392 593.365 319.027 127.837 36.739 63.5744 19.2139 134.991 91.0983 160.848 156.246 58.1221 44.3605 17.3677 49.7766 97.4292 26.9928 32.4217 26.0531 115.902 53.5049 43.4432 10.9441 19.0895
internal_count=6543 5682 1046 861 4636 4325 3823 2566 1257 502 150 270 71 733 352 776 759 311 199 72 278 439 127 128 102 664 273 247 42 69
is_linear=0
shrinkage=0.05


Tree=35
num_leaves=31
num_cat=0
split_feature=12 15 11 8 11 11 9 5 11 6 9 19 7 12 2 0 9 1 12 19 8 16 19 19 17 11 1 0 0 19
split_gain=62.0814 30.6977 20.0679 18.5841 16.6983 14.2257 9.91811 12.7253 9.53697 8.33496 7.88686 8.09786 7.12158 6.76913 5.85664 5.24383 4.72953 4.09026 7.26529 3.86227 4.46597 3.79253 3.51581 3.56891 3.28682 3.5884 2.97417 4.28951 2.87791 3.30435
threshold=1.1254147220599471 14.012320328542096 3.4989733059548258 123.00000000000001 22.981519507186864 -1.9548254620123202 19.482546201232037 13.500000000000002 -1.9548254620123202 3.5000000000000004 51.466119096509246 138.00000000000003 38.500000000000007 1.2916825967753054 505.46500000000009 649.25000000000011 61.946611909650933 676.36500000000012 1.6866264521554861 106.50000000000001 1.0000000180025095e-35 0.55006078574172956 210.00000000000003 74.000000000000014 0.48096385542168679 17.034907597535938 1868.6550000000002 470.96000000000009 605.46000000000015 154.50000000000003
decision_type=10 10 10 8 10 8 8 8 10 8 10 2 8 10 10 10 10 8 10 2 8 8 2 2 10 10 8 10 8 2
left_child=1 4 9 8 5 21 15 -8 13 -3 14 -12 24 19 -11 -7 22 -5 -19 -2 -21 -1 23 -6 25 -4 27 -15 29 -20
right_child=3 2 12 17 16 6 7 -9 -10 10 11 -13 -14 26 -16 -17 -18 18 28 20 -22 -23 -24 -25 -26 -27 -28 -29 -30 -31
leaf_value=-0.0079801964104739258 0.035747879716001206 0.046972542058365152 0.021921029615174052 0.029599217469902829 -0.051487429717525249 -0.036709141004301053 0.02168417334169187 -0.002537350906853272 0.047826448458683724 0.024555117160547296 -0.03327440349690048 0.0090315689893764924 -0.032708903440540463 0.034928341130184143 -0.01845262490899767 0.0006658824590894749 0.0043115003329528209 -0.051520187105163179 0.019433016900846672 0.0057325539755378602 -0.04888783628722973 -0.054954463321629038 -0.075895151793146279 -0.021375738083703646 0.053328245866764781 0.044590451726932545 0.042696204148479029 -0.0067395991794926757 0.031271674966396316 -0.031480613200295014
leaf_weight=5.8267230987548828 6.3468704670667675 8.9301017820835096 44.479611665010452 7.0073247849941245 15.490410074591635 30.730725012719631 57.691761523485184 902.58972683548927 81.149774320423603 28.852056071162224 30.015585273504257 18.151358887553215 3.9523179382085791 17.948875218629841 10.908701136708258 13.51088899374008 8.0545028001070005 8.5509757697582263 5.5703304708004016 13.510855197906496 5.1760903000831595 16.364973828196529 5.20575888454914 26.9777577444911 20.830139383673668 28.73338483273983 34.265479758381844 9.4171011149883253 6.3920194059610358 7.4476910680532455
leaf_count=26 23 48 212 25 91 179 221 3696 512 112 137 75 15 80 43 73 32 41 20 52 22 90 29 153 116 160 166 41 23 30
internal_value=0.00289873 -0.00118144 0.017088 0.028599 -0.00447018 -0.00302335 -0.00214857 -0.00108217 0.0355085 0.000948045 -0.00372629 -0.0173317 0.0330406 0.0239745 0.0127556 -0.0252952 -0.0311259 -0.00456004 -0.0131207 0.00204887 -0.00939673 -0.0426207 -0.037113 -0.0323591 0.0358039 0.0308179 0.0328803 0.0205897 0.00379595 -0.00969499
internal_weight=1480.08 1277.3 194.853 202.783 1082.44 1026.71 1004.52 960.281 167.815 96.8578 87.9277 48.1669 97.9955 86.6653 39.7608 44.2416 55.7284 34.9683 27.961 25.0338 18.6869 22.1917 47.6739 42.4682 94.0431 73.213 61.6315 27.366 19.41 13.018
internal_count=6543 5508 918 1035 4590 4285 4169 3917 896 415 367 212 503 384 155 252 305 139 114 97 74 116 273 244 488 372 287 121 73 50
is_linear=0
shrinkage=0.05


Tree=36
num_leaves=31
num_cat=0
split_feature=5 9 19 19 19 9 9 1 11 9 19 8 19 0 0 16 11 6 11 16 5 20 13 9 9 3 0 16 19 19
split_gain=36.3994 14.9988 11.8997 16.6362 28.323 25.0704 14.3448 13.6667 10.795 21.2157 15.9424 14.1186 8.01285 9.11741 7.37932 6.04931 6.10173 5.61143 6.8389 5.18157 8.46032 4.89629 4.53886 4.21438 3.94948 3.91788 3.31176 2.04602 1.84565 3.39712
threshold=14.500000000000002 19.991786447638606 144.50000000000003 138.00000000000003 127.50000000000001 59.498973305954827 54.47227926078029 155.54500000000004 27.498973305954831 77.470225872689952 145.50000000000003 1.5000000000000002 224.50000000000003 208.17500000000004 530.60000000000014 0.31603552770218529 10.51334702258727 3.5000000000000004 17.527720739219717 0.69909147869674204 58.500000000000007 757.50000000000011 0.93135428781665708 17.987679671457908 7.4743326488706376 336.26000000000005 484.23500000000007 0.49982888432580425 65.500000000000014 44.500000000000007
decision_type=10 8 2 2 2 10 8 10 8 8 2 8 2 10 10 10 8 8 10 10 10 2 10 10 10 8 10 8 2 2
left_child=1 15 3 4 6 7 -3 -5 12 10 -10 -11 13 -4 17 16 26 -2 19 27 -21 23 -7 -18 -23 -6 -1 -19 29 -16
right_child=14 2 8 5 25 22 -8 -9 9 11 -12 -13 -14 -15 28 -17 21 18 -20 20 -22 24 -24 -25 -26 -27 -28 -29 -30 -31
leaf_value=-0.019472310363928089 0.047464878194069471 0.014487438683197266 -0.029817955700193119 -0.025385473340884653 0.024005135517644674 0.035314642593450712 -0.0039501870137934143 -0.0012651261634700954 0.016678187596230666 0.023411092542329148 -0.045609177980069526 0.00015255961865191878 0.068254152601247314 0.02496379013152808 0.058021718069778988 0.033969444988747648 -0.056560709500619033 0.0050032843191707716 0.04710621324726675 -0.029164323582754947 0.043973960913284565 0.035414733025156596 0.0026145833138292965 -0.0089911647296167501 -0.031989850673259233 0.058926717029476022 0.030957209266853969 0.055015150012768993 0.050212165571566304 0.0032272082712622146
leaf_weight=8.3499719202518445 12.681043311953545 140.39574790000916 8.5035121887922269 169.10156941413879 12.328799173235891 28.692936107516289 424.34422618895769 89.973421826958656 14.935850724577902 113.07158420979977 32.905435159802437 154.26889105141163 9.2600124776363355 71.106276467442513 5.0603091269731504 4.1496814489364615 25.537738569080833 3.7242250293493271 9.3128511533141118 18.530204400420192 5.0265897512435904 3.4994888976216298 16.839920222759247 5.6941944360733023 5.7341504544019699 23.04307034611702 5.3360826522111902 4.5356932580471057 38.901258237659931 6.4139266386628151
leaf_count=40 76 577 39 775 57 112 1885 356 58 448 161 602 37 311 33 16 187 19 62 80 28 18 64 36 37 95 20 22 246 46
internal_value=0.00277332 0.000602211 0.00170759 -0.00147858 0.00335195 -0.0109953 0.000633452 -0.0170088 0.00884178 0.00450209 -0.0261633 0.00998975 0.0242327 0.0191123 0.0312614 -0.0242117 -0.0286701 0.0183864 0.00942088 -0.00160974 -0.0135579 -0.038431 0.0232208 -0.0478878 -0.00644395 0.0467549 0.000189754 0.0324658 0.0450144 0.0273924
internal_weight=1471.26 1367.07 1308.77 904.72 600.112 304.608 564.74 259.075 404.052 315.182 47.8413 267.34 88.8698 79.6098 104.186 58.3013 54.1516 53.8106 41.1296 31.8167 23.5568 40.4656 45.5329 31.2319 9.23364 35.3719 13.6861 8.25992 50.3755 11.4742
internal_count=6543 5931 5577 3921 2614 1307 2462 1131 1656 1269 219 1050 387 350 612 354 338 287 211 149 108 278 176 223 55 152 60 41 325 79
is_linear=0
shrinkage=0.05


Tree=37
num_leaves=31
num_cat=0
split_feature=12 15 11 7 13 9 19 1 8 20 19 19 19 19 7 10 7 11 15 7 8 1 12 0 9 13 15 10 19 0
split_gain=55.9367 29.9752 23.6592 21.1903 14.9467 14.8151 17.8191 15.9549 16.5617 13.0092 9.7962 7.86383 14.7668 8.73758 23.2708 14.5638 8.26995 7.77151 6.54209 7.10427 6.9999 5.66833 7.30126 5.40332 4.31151 6.22847 4.51949 3.90999 3.78802 5.16676
threshold=1.2453621511232134 3.4825462012320334 -1.4784394250513346 116.00000000000001 0.45303883358349878 25.938398357289532 144.50000000000003 649.25000000000011 17.500000000000004 263.50000000000006 114.50000000000001 58.500000000000007 48.500000000000007 145.50000000000003 8.5000000000000018 2.4640657084188917 1.0000000180025095e-35 40.509240246406577 41.971252566735124 38.500000000000007 16.500000000000004 1868.6550000000002 1.3416122404056421 447.17500000000007 39.474332648870643 0.86770247121563726 18.020533880903496 59.515400410677621 113.00000000000001 605.46000000000015
decision_type=10 10 10 8 8 10 2 10 8 2 2 2 2 2 8 10 10 8 10 8 10 8 10 10 8 10 10 8 2 8
left_child=1 4 24 17 5 6 10 8 -7 -8 -1 12 16 15 -15 -13 -6 -2 19 20 -4 22 -19 -14 -3 26 -26 -5 -29 -30
right_child=3 2 18 27 11 7 9 -9 -10 -11 -12 13 23 14 -16 -17 -18 21 -20 -21 -22 -23 -24 -25 25 -27 -28 28 29 -31
leaf_value=-0.018995450209161237 0.053553583701503475 0.016661309930927754 0.014657163545143773 -0.047301730596043159 -0.014720401348738017 0.014688630128248219 -0.042768930754089649 -0.057777231176037336 -0.032865729350249166 0.0063152352880338804 -0.048840466591772713 -0.010745148673495868 0.025619925945706692 0.023706709982425307 -0.016361819354657105 0.010601385359206425 0.042486784194948009 -0.040548019211711521 0.034959459691442644 -0.043572544339507177 0.055373741921027286 0.040521591796016283 0.023825845467967108 0.069004495565032034 -0.061309854568338609 0.0069385496912492328 -0.020963785958477154 -0.034077397970788001 -0.0056869817889096562 0.046477752696159849
leaf_weight=49.483864791691303 57.043403461575508 9.5174724012613279 162.78927253186703 4.7790904045104972 35.905297465622425 90.51959265768528 17.309358313679695 11.085175812244414 22.951215520501137 61.326641917228699 61.875059999525547 363.04323735833168 21.868312165141106 91.184312701225281 60.132982090115547 102.45108454674482 7.6663185358047476 5.4485333263874081 57.873785808682442 4.9292515367269507 11.287674650549887 41.149134829640388 22.9920374751091 10.68263393640518 9.2154867649078351 15.32065290212631 28.124003142118454 5.8222881406545666 14.516121923923494 7.0532960146665564
leaf_count=285 391 34 721 21 141 373 90 57 114 288 363 1511 77 319 237 393 26 25 307 19 54 215 102 35 49 58 131 24 58 25
internal_value=0.00264593 -0.000759855 0.0131407 0.0306667 -0.00488603 -0.0139251 -0.0227111 -0.000523222 0.00507003 -0.00448917 -0.0355784 -0.000782822 0.0143793 -0.00265403 0.00778361 -0.00604697 -0.00465494 0.0398725 0.0203459 0.0156212 0.0172973 0.0286581 0.0114934 0.039858 -0.0143092 -0.0199066 -0.0309213 -0.00557025 0.00171074 0.0113711
internal_weight=1465.35 1306.54 299.058 158.804 1007.49 314.551 189.995 124.556 113.471 78.636 111.359 692.934 76.1226 616.812 151.317 465.494 43.5716 126.633 236.88 179.006 174.077 69.5897 28.4406 32.5509 62.1776 52.6601 37.3395 32.1708 27.3917 21.5694
internal_count=6543 5682 1373 861 4309 1570 1026 544 487 378 648 2739 279 2460 556 1904 167 733 1101 794 775 342 127 112 272 238 180 128 107 83
is_linear=0
shrinkage=0.05


Tree=38
num_leaves=31
num_cat=0
split_feature=12 15 8 11 11 11 20 8 10 9 11 3 3 9 9 20 10 19 11 6 16 9 3 19 3 2 2 3 16 8
split_gain=51.7505 27.7348 19.9456 17.9263 14.6628 15.2528 10.5156 16.1779 10.4422 7.82526 7.77494 7.25254 5.96291 6.51452 6.31949 5.80555 7.52133 5.36341 5.28676 9.23222 6.5541 4.77025 4.71243 4.15579 4.93884 4.90492 4.14773 3.59331 3.53145 3.22672
threshold=1.2453621511232134 17.494866529774132 123.00000000000001 -1.0000000180025095e-35 17.527720739219717 -1.9548254620123202 19.000000000000004 3.5000000000000004 20.977412731006165 44.50102669404518 40.509240246406577 428.95000000000005 118.105 26.447638603696102 37.01026694045175 822.50000000000011 60.008213552361404 214.00000000000003 17.034907597535938 -7.4999999999999991 0.63414381959656818 41.478439425051342 471.97000000000008 122.00000000000001 172.66000000000003 355.07500000000005 431.24500000000006 177.73500000000004 0.55006078574172956 6.5000000000000009
decision_type=10 10 8 10 10 8 2 8 8 10 8 8 10 8 10 2 8 2 10 10 10 10 10 2 10 10 10 10 8 8
left_child=1 4 10 9 5 28 7 -7 -8 11 -2 -3 15 -14 -15 21 -17 22 19 20 -5 -6 26 25 -25 -11 -12 -4 -1 -20
right_child=2 3 27 18 12 6 8 -9 -10 23 17 -13 13 14 -16 16 -18 -19 29 -21 -22 -23 -24 24 -26 -27 -28 -29 -30 -31
leaf_value=-0.0098427460904144531 0.052973424904413924 0.046340987218850709 -0.028584409908654775 0.025198632546672636 -0.057860112991292616 -0.052344503815806798 0.023378125190217289 -0.0013806644541217361 -0.0010167353692370109 -0.010764110212861101 0.046861293999293334 -0.026489371957210885 -0.059225778249851979 0.016719887016211566 -0.026360085230323654 0.048391199697491727 -0.035796203916706945 -0.020258365501044907 0.050493287670354964 0.046861054158474219 -0.0056629011346935364 -0.012057401619402951 0.050868943130902594 -0.041208154293761734 0.017222888719442619 -0.056050992720602183 0.011989034875868405 0.0067193502466690695 -0.054272875970980822 0.014958934748003132
leaf_weight=6.0940699577331543 54.840617500245571 10.934448346495625 10.931940689682959 38.441325932741165 24.963739618659019 24.824174255132675 46.142667718231678 41.778723128139973 889.31364893913269 13.303444340825083 11.959316685795782 4.9728359282016763 5.7508038878440848 19.82998713850975 14.916070401668547 4.0868158936500523 7.5620297044515619 5.3710494488477698 29.712369725108147 24.906724244356155 31.139155738055706 7.360720381140708 21.388301156461239 5.0418289154768017 12.791527092456816 10.859636425971983 29.709461599588394 21.156484752893448 16.806451588869098 8.138459734618662
leaf_count=28 391 39 51 175 156 111 180 171 3716 60 53 20 44 84 65 23 41 30 183 141 140 31 123 24 50 56 136 77 96 48
internal_value=0.00253241 -0.000727759 0.029806 0.0169108 -0.00375237 -0.00210221 -0.00118013 -0.0203759 0.000186575 -0.0062926 0.0389466 0.0235732 -0.0237754 -0.00993236 -0.00177383 -0.036524 -0.00626037 0.0277051 0.0270633 0.0207381 0.0113873 -0.0474302 0.0317905 -0.0176051 0.000703322 -0.0311174 0.0219977 -0.005308 -0.0424496 0.0428529
internal_weight=1455.03 1299.67 155.357 190.242 1109.43 1024.96 1002.06 66.6029 935.456 57.9037 123.269 15.9073 84.4702 40.4969 34.7461 43.9733 11.6488 68.4281 132.338 94.4872 69.5805 32.3245 63.0571 41.9964 17.8334 24.1631 41.6688 32.0884 22.9005 37.8508
internal_count=6543 5682 861 936 4746 4302 4178 282 3896 249 733 59 444 193 149 251 64 342 687 456 315 187 312 190 74 116 189 128 124 231
is_linear=0
shrinkage=0.05


Tree=39
num_leaves=31
num_cat=0
split_feature=12 15 8 10 10 9 19 3 9 3 0 19 13 16 7 13 12 0 8 13 3 12 13 5 5 12 5 16 19 19
split_gain=47.9159 22.3766 15.6062 11.2704 10.1225 21.3861 13.3562 7.51791 7.20337 7.37347 10.1078 7.21266 7.38619 9.82057 6.46734 5.76156 5.40348 5.33375 4.94655 4.4495 4.28604 5.03238 4.1032 5.42127 3.82114 3.74119 3.46002 3.45721 2.72777 4.0529
threshold=1.1254147220599471 14.012320328542096 7.5000000000000009 115.99178644763862 18.053388090349078 16.969199178644768 144.50000000000003 10051.575000000003 48.509240246406577 455.38500000000005 1030.5450000000003 138.00000000000003 0.36114455770439696 3.2641148417368568 1.5000000000000002 1.238624199925727 1.2049240975712945 350.30500000000006 1.0000000180025095e-35 0.83745446220720776 177.73500000000004 1.6340425278497228 0.822281081455848 16.500000000000004 38.500000000000007 1.3207195891029573 3.5000000000000004 2.5502258069756492 113.00000000000001 138.00000000000003
decision_type=10 10 8 10 8 8 2 10 10 8 10 2 10 8 10 8 10 10 8 10 10 8 10 10 8 8 10 10 2 2
left_child=1 3 15 4 14 -6 -7 20 9 19 -11 12 24 -14 18 16 26 -17 -1 27 21 -4 23 -13 -10 -19 -2 -3 -22 -30
right_child=2 8 7 -5 5 6 -8 -9 11 10 -12 22 13 -15 -16 17 -18 25 -20 -21 28 -23 -24 -25 -26 -27 -28 -29 29 -31
leaf_value=0.026193771827741755 0.0057697188677196592 0.034204858033386666 -0.055054741818307086 -0.050897388891887711 -0.043703378146675388 -0.0067512688280729378 0.0059382952364689674 0.054134984284652236 0.06156941690804886 -0.045678438468985845 0.027700038231716368 -0.0063091905731374508 -0.021306558816452915 0.042781313483441767 0.071500209335632406 0.043323041574206168 0.044581898589508534 -0.042077539732107774 -0.017265173051196844 0.07236897263198501 -0.018203235479991628 0.0020513952147964997 0.049703619459713855 0.034675317516351049 0.0040234030259132351 0.011519560214254893 0.059345883287173232 -0.0071295871745925155 0.056747578442756991 0.0049490964969281523
leaf_weight=22.324597001075748 16.084264978766445 48.368117839097977 7.4397945851087544 12.60570318251848 33.267522536218166 691.25494931638241 296.22350671887398 6.3440894335508338 5.5375362783670425 7.5953299105167416 12.282246172428129 16.77275575697422 44.298456326127052 6.9100007116794577 5.656672552227973 8.7466303557157534 92.880344912409782 4.8237127959728214 9.2649763673543912 6.9556592851877204 8.2199518308043498 8.0129525065422058 10.257106468081473 15.548281729221342 6.0215753018856031 10.017225407063961 3.7083209678530684 5.6496213823556891 4.7092848271131542 19.062148340046406
leaf_count=82 69 232 38 66 242 2999 1144 41 31 34 59 75 225 34 20 32 586 19 37 28 39 33 45 95 32 39 27 28 17 95
internal_value=0.00242188 -0.00111646 0.025821 -0.00389878 -0.00333881 -0.00427304 -0.00294466 0.00301609 0.0148814 0.0261072 -0.000338277 0.00626581 -0.00450963 -0.0126586 0.0222642 0.0348231 0.0395273 0.012352 0.0134476 0.0347286 -0.00381938 -0.0254426 0.0221507 0.0134067 0.0315915 -0.00590097 0.0158077 0.0298818 0.00662526 0.0152107
internal_weight=1446.84 1256.79 190.049 1070.6 1057.99 1020.75 987.478 53.7882 186.197 80.851 19.8776 105.346 62.7676 51.2085 37.2462 136.26 112.673 23.5876 31.5896 60.9734 47.4441 15.4527 42.5781 32.321 11.5591 14.8409 19.7926 54.0177 31.9914 23.7714
internal_count=6543 5508 1035 4590 4524 4385 4143 263 918 381 93 537 322 259 139 772 682 90 119 288 222 71 215 170 63 58 96 260 151 112
is_linear=0
shrinkage=0.05


Tree=40
num_leaves=31
num_cat=0
split_feature=12 15 11 7 6 11 15 9 19 15 9 11 6 11 19 5 9 17 7 9 19 1 3 12 3 15 2 13 13 1
split_gain=44.1275 20.704 16.7856 14.7789 12.9976 13.8328 13.1618 14.6652 10.8702 12.5696 12.1451 9.00073 7.35942 8.82924 10.8041 6.75973 5.66876 5.15318 5.53677 5.12893 5.0744 5.01589 8.75824 4.4848 4.67882 4.42342 4.41979 4.37631 3.9025 3.83223
threshold=1.1254147220599471 3.0112936344969206 -3.4825462012320325 34.500000000000007 -1.0000000180025095e-35 1.0000000180025095e-35 -4.9938398357289513 25.018480492813143 144.50000000000003 2.9733059548254626 35.006160164271058 -1.4784394250513346 133.50000000000003 3.4989733059548258 160.50000000000003 9.5000000000000018 50.447638603696106 0.25833333333333336 1.0000000180025095e-35 79.474332648870657 214.00000000000003 844.37000000000012 67.730000000000004 1.2561467314292771 336.26000000000005 18.053388090349078 11918.360000000002 0.67903182530936823 0.12379801781887183 676.36500000000012
decision_type=10 10 10 8 10 10 10 10 2 8 10 10 8 10 2 8 8 8 10 10 2 8 8 10 10 10 8 10 10 8
left_child=1 4 21 11 5 8 19 -8 10 -10 -1 20 15 14 -14 -4 -15 18 -6 -7 23 22 -3 25 -25 -2 29 -19 -13 -5
right_child=3 2 12 26 17 6 7 -9 9 -11 -12 28 13 16 -16 -17 -18 27 -20 -21 -22 -23 -24 24 -26 -27 -28 -29 -30 -31
leaf_value=-0.008830657328158591 0.018526783213120224 0.016168782422270163 -0.010231475675009739 0.023550411874825011 -0.037003835362364228 -0.052857442123855819 -0.020867333890776881 0.016888473510836343 0.08150294534695765 0.0066239788856814101 0.0081012797436203904 0.017914239196597296 -0.0098948735617334985 0.0012161769926339384 0.063527786355364796 0.039689260654080828 0.026787794247013625 -0.057280269327664737 0.030486848168818349 0.0091938541025442695 -0.028430167184477675 -0.0002847810292488611 -0.051331939964844898 0.01935764300000118 0.048801218658623871 -0.034379991868520719 0.04313972537689878 -0.0070679042917136323 0.050780767797694276 -0.017562544823519679
leaf_weight=409.0372332111001 13.620230048894884 6.7183123826980617 7.9139532148838043 7.1941552460193625 6.7838266119360906 28.263500332832336 85.822976686060429 36.725048184394836 5.7484462708234787 223.89402551949024 142.90953063964844 10.728408202528952 57.001375868916512 29.449422284960747 5.4931881725788108 47.377389378845692 82.070682927966118 19.733002133667473 5.5047096684575081 3.7749446183443061 4.9059212803840628 26.034871175885201 16.878390356898308 33.596193701028824 22.548209324479103 5.5648735761642447 4.6500555500388137 5.5626135468482962 57.112897895276546 26.71953497081995
leaf_count=1768 51 28 32 26 40 155 484 152 19 850 568 65 228 140 20 251 400 112 23 15 23 111 88 150 130 23 28 24 424 115
internal_value=0.00231597 -0.0010633 0.0109468 0.024997 -0.00450364 -0.0033462 -0.0170125 -0.00955272 -0.000643219 0.00849836 -0.00444666 0.0321772 0.0166531 0.0116039 -0.00344112 0.032544 0.020035 -0.0333341 -0.00677106 -0.0455462 0.020842 -0.0154174 -0.0321135 0.0240509 0.0311825 0.00318053 -0.00257329 -0.0462384 0.0455833 -0.0088412
internal_weight=1439.34 1252.7 278.938 186.64 973.76 936.176 154.586 122.548 781.589 229.642 551.947 148.077 229.306 174.015 62.4946 55.2913 111.52 37.5842 12.2885 32.0384 80.2354 49.6316 23.5967 75.3295 56.1444 19.1851 38.5637 25.2956 67.8413 33.9137
internal_count=6543 5508 1298 1035 4210 4011 806 636 3205 869 2336 866 1071 788 248 283 540 199 63 170 377 227 116 354 280 74 169 136 489 141
is_linear=0
shrinkage=0.05


Tree=41
num_leaves=31
num_cat=0
split_feature=12 7 11 20 12 10 16 11 12 11 3 12 3 1 1 12 13 16 10 12 13 2 3 10 12 3 6 17 2 10
split_gain=40.9205 16.8952 9.34555 8.53741 9.83756 11.6059 12.6497 10.5557 8.48358 8.08477 7.84961 7.09479 6.27612 5.60649 5.4906 6.41156 4.75429 3.63737 3.52978 3.24313 4.51104 3.14722 2.40421 2.09268 2.51272 1.66793 1.57965 0.832739 0.277473 0.0733586
threshold=1.2453621511232134 116.00000000000001 76.517453798767988 1043.5000000000002 0.9832240605314605 40.000000000000007 0.29024209192716138 -1.9548254620123202 0.66114490960797645 40.509240246406577 332.21000000000009 0.47464262589030198 0.9850000000000001 1929.7300000000002 1868.6550000000002 1.3416122404056421 0.24517014084507047 0.55391308309037923 59.515400410677621 3.0087014778460559 0.24517014084507047 1622.0350000000001 177.73500000000004 234.98973305954829 1.8877649078719596 1.5500000000000003 25.500000000000004 0.069047619047619066 346.16000000000003 124.99383983572896
decision_type=10 8 10 2 8 8 8 10 10 8 8 8 10 8 8 10 10 8 8 10 10 10 8 8 10 10 10 8 10 10
left_child=2 9 3 4 8 6 -6 -7 10 26 -1 -5 17 -10 15 -11 -14 -13 -3 25 -21 -17 -20 24 -24 -16 27 -2 -29 -4
right_child=1 18 29 11 5 7 -8 -9 13 14 -12 12 16 -15 19 21 -18 -19 22 20 -22 -23 23 -25 -26 -27 -28 28 -30 -31
leaf_value=-0.047865379214745554 0.031143175097503646 -0.045043057492864934 -0.053457694056250851 -0.036804165165024348 -0.013477638566137354 -0.010170178588334996 0.01196912888104841 0.002455640904646195 0.037394567673889552 -0.041318377759276659 0.0047036022099266614 0.080987742769322246 -0.033478946010446757 0.008568633474262911 0.023606202858091965 0.029189386621460336 0.018622224101934395 0.033030864580307191 -0.024772818873378549 -0.032648856346754372 0.045381681772344862 -0.018160348517836097 -0.0029115232360114938 -0.011101927941898605 0.041006856916861005 0.050948292205481409 0.010330989836850581 0.040659992244827574 0.056526290498330835 -0.063800088520601692
leaf_weight=7.5920603722333899 3.8382390588521949 4.682095646858218 3.3131447732448569 5.1967194974422446 64.23012762516737 527.95481377840042 203.79066362977028 241.1562133282423 35.100132986903191 5.3865259736776379 109.82127418369055 4.9665752798318863 5.5629475861787823 32.474026888608932 7.3761575371027019 17.352288894355301 20.565518073737621 19.391527831554416 6.4105519801378277 3.6104499697685233 3.803367480635643 4.3990850821137419 5.7125050723552722 7.3637481927871695 7.5760230123996735 22.876245476305485 2.2226925864815703 2.9575313180685034 40.349092148244381 3.5534449145197868
leaf_count=35 29 21 25 21 339 2288 869 1175 131 25 411 21 33 142 32 82 93 76 30 20 25 20 22 29 26 138 20 22 320 23
internal_value=0.00221533 0.0273069 -0.000634641 -0.000322022 -0.0011944 -0.00308898 0.00587091 -0.00621133 0.00942751 0.0362782 0.00130444 0.0188247 0.0245508 0.0235417 0.0246652 0.00751905 0.00752949 0.0428092 -0.00495885 0.0370187 0.00738164 0.0196132 0.00197605 0.010279 0.0221271 0.0442817 0.0515224 0.0534644 0.0554427 -0.0588099
internal_weight=1430.59 145.917 1284.67 1277.8 1222.12 1037.13 268.021 769.111 184.987 114.172 117.413 55.6833 50.4866 67.5742 64.8041 27.1379 26.1285 24.3581 31.7449 37.6662 7.41382 21.7514 27.0628 20.6523 13.2885 30.2524 49.3676 47.1449 43.3066 6.86659
internal_count=6543 861 5682 5634 5390 4671 1208 3463 719 733 446 244 223 273 342 127 126 97 128 215 45 102 107 77 48 170 391 371 342 48
is_linear=0
shrinkage=0.05


Tree=42
num_leaves=31
num_cat=0
split_feature=15 11 11 11 11 15 20 10 13 20 8 10 13 1 11 13 7 8 10 16 5 3 16 11 20 1 10 15 20 16
split_gain=33.6944 15.9959 11.1375 11.1226 9.97329 9.34572 9.32799 10.7801 10.7588 8.25023 15.2695 8.63651 7.63081 6.28643 6.15404 6.15237 5.81792 4.325 3.90609 2.72133 2.60138 2.46073 2.10151 2.09358 4.29534 2.06533 1.70468 0.884028 1.18909 0.595758
threshold=17.494866529774132 3.4989733059548258 -1.9548254620123202 70.981519507186874 -1.0000000180025095e-35 11.995893223819303 446.50000000000006 34.0205338809035 0.7895918230251916 19.000000000000004 3.5000000000000004 20.977412731006165 0.46574787963404068 301.02000000000004 -20.517453798767963 0.71770393537216803 68.500000000000014 1.0000000180025095e-35 15.983572895277209 0.034679322254101842 75.500000000000014 638.30000000000007 1.5531787232752756 11.498973305954827 90.500000000000014 369.38500000000005 35.99178644763861 7.0472279260780297 454.00000000000006 1.1583804103704087
decision_type=10 10 8 10 8 8 2 8 10 2 8 8 8 8 10 10 8 10 8 8 8 10 10 10 2 8 10 8 2 8
left_child=2 6 19 4 5 -4 14 8 13 10 -6 -11 -9 -8 17 -14 18 -2 -3 -1 29 -22 -10 24 -20 -21 -25 -27 -29 -16
right_child=1 16 3 -5 9 -7 7 12 22 11 -12 -13 15 -15 20 -17 -18 -19 23 25 21 -23 -24 26 -26 27 -28 28 -30 -31
leaf_value=0.0057141995671998102 0.024148083368916096 -0.0068037172038496567 0.072874138831680355 -0.061901798502070254 -0.045612568486979074 -0.011645849197519589 -0.00057987090080632267 0.06179922578312004 0.041291294433355427 0.021617671816539896 0.0014289218876334057 -0.00049630036093053619 -0.039234368243660396 -0.066472804794657045 0.036512185014749253 0.016716151945418825 -0.0075202618839265217 -0.029837648910907601 -0.017036730140680436 -0.011437106414824599 0.032028625375180787 -0.0065023119283438334 -0.0077683048208849609 0.054008954288739447 0.035046406113390487 -0.063493907297271293 0.036763688376863501 -0.056648095487832999 -0.021247513044908437 0.062081530473998239
leaf_weight=3.5647363066673279 6.8071133792400351 5.0903247147798529 8.8753223568201047 7.334783047437667 28.34742696583271 5.1792566627264032 4.7978056594729486 6.3956017717719105 4.3138010203838331 46.118040725588799 44.067124500870705 1035.3738822713494 6.9640122130513218 14.740312144160269 3.3545074984431267 16.685156419873238 8.2935701832175237 8.1539405584335309 4.3980823829770079 4.4688840210437837 20.735583409667019 5.1785057559609404 4.418865367770195 25.427658803761005 39.616747960448265 6.845217704772943 32.833343811333179 5.0241782218217921 4.4937968254089355 7.09935314953327
leaf_count=14 30 29 33 54 129 25 23 29 18 183 184 4512 38 73 18 83 35 39 24 27 85 28 24 176 234 43 261 27 25 40
internal_value=0.00211496 0.0198565 -0.00121694 -0.000522842 -0.000137383 0.0417277 0.00617334 -0.00750898 -0.0296708 -0.000647299 -0.016986 0.000446705 0.0133443 -0.0502921 0.021718 0.000240304 0.0328281 -0.00527474 0.0359448 -0.0346547 0.0328223 0.0243288 0.0164664 0.0380725 0.0298421 -0.0415625 0.0442903 -0.0497899 -0.0399341 0.0538767
internal_weight=1425 225.304 1199.69 1175.3 1167.96 14.0546 109.645 58.3156 28.2708 1153.91 72.4146 1081.49 30.0448 19.5381 51.329 23.6492 115.66 14.9611 107.366 24.3968 36.3679 25.9141 8.73267 102.276 44.0148 20.8321 58.261 16.3632 9.51798 10.4539
internal_count=6543 1287 5256 5120 5066 58 528 288 138 5008 313 4695 150 96 240 121 759 69 724 136 171 113 42 695 258 122 437 95 52 58
is_linear=0
shrinkage=0.05


Tree=43
num_leaves=31
num_cat=0
split_feature=15 11 9 6 11 6 1 11 9 13 17 13 15 11 19 15 8 8 2 8 5 13 16 0 1 1 5 8 11 13
split_gain=31.4689 16.6569 10.6914 10.1602 9.0694 8.69778 11.0292 8.21833 7.32125 7.05255 6.51319 7.29223 6.38207 6.78149 7.92475 6.19576 6.0245 5.57289 7.44212 6.78035 4.93799 4.91606 4.56652 4.45603 4.2793 4.09091 3.92562 2.90751 2.77472 5.73212
threshold=3.4825462012320334 3.4989733059548258 28.960985626283371 3.5000000000000004 10.51334702258727 -1.0000000180025095e-35 5677.4350000000004 -1.9548254620123202 43.48254620123204 0.67903182530936823 0.16397849462365593 0.035852942327438728 11.531827515400412 19.515400410677621 122.00000000000001 8.5092402464065717 inf 2.5000000000000004 188.90000000000003 14.500000000000002 30.500000000000004 0.01773209169362264 0.13713237700893591 484.23500000000007 869.72000000000014 209.64000000000001 11.500000000000002 2.5000000000000004 8.5256673511293659 0.30478765335032193
decision_type=10 10 8 8 8 10 10 8 10 10 10 10 10 10 2 10 8 8 10 10 10 10 10 8 10 10 10 10 10 10
left_child=2 3 4 -2 27 6 7 25 -9 -7 11 21 13 14 22 -16 28 20 -19 -20 26 -6 -3 -12 -13 -4 -5 -1 29 -14
right_child=1 12 5 17 10 9 -8 8 -10 -11 23 24 16 -15 15 -17 -18 18 19 -21 -22 -23 -24 -25 -26 -27 -28 -29 -30 -31
leaf_value=0.03869115284478615 0.0454225900844617 0.060220676415630628 -0.053946792593624282 0.0082338320319303542 -0.023577813397808258 -0.045841250412190455 0.044066695550030545 -0.002173652225577844 0.0087955444228286564 0.0093545265284018415 0.047753017847174152 -0.057165848110400146 -0.021445953030843411 -0.034679169498337541 -0.038211765820630551 0.031429559078465584 -0.012991049842299443 -0.080232063098634579 -0.013753378884087113 0.041214755796527829 0.055130843718128389 0.040547604915383631 0.0092530959766447315 -0.02452487616987678 0.010046932441746464 0.0046536252718415031 -0.032613720739151641 -0.0029311293781263546 0.037971621743867992 0.030412608897205713
leaf_weight=6.418430611491206 13.144519828259945 10.844443529844289 10.6420851200819 69.375949464738369 22.750625170767311 18.604197710752491 14.055159345269201 757.38404555618763 190.34610340744257 8.4004402905702573 4.3706089556217167 27.209960408508781 6.3259157091379157 7.5343500524759284 8.1895874887704831 5.2354464009404174 7.4465667605400077 3.7582684755325309 49.723750121891499 6.323552079498767 5.201627865433692 3.4408264234662047 7.3893748074769965 4.1641517058014879 2.5939054116606703 4.1355920433998099 6.4267663508653632 12.116008102893828 92.85932008177042 33.799726590514183
leaf_count=24 80 39 64 317 147 96 55 3206 782 39 21 189 33 34 33 23 27 17 223 32 27 20 31 26 17 23 30 55 650 183
internal_value=0.00201747 0.0154506 -0.00210628 0.00338203 -0.0193453 -0.000679422 9.46295e-05 -0.000547479 2.94473e-05 -0.0286713 -0.0281997 -0.0344013 0.0257944 0.0079544 0.0181006 -0.0110533 0.0307734 -0.000542435 -0.0121189 -0.00755158 0.0080045 -0.0151535 0.0395657 0.0124883 -0.0513162 -0.0375472 0.00477066 0.0114826 0.033224 0.022237
internal_weight=1420.21 333.579 1086.63 153.954 83.0645 1003.57 976.563 962.508 947.73 27.0046 64.5301 55.9953 179.625 39.1932 31.6589 13.425 140.432 140.81 59.8056 56.0473 81.0043 26.1915 18.2338 8.53476 29.8039 14.7777 75.8027 18.5344 132.985 40.1256
internal_count=6543 1779 4764 726 499 4265 4130 4075 3988 135 420 373 1053 160 126 56 893 646 272 255 374 167 70 47 206 87 347 79 866 216
is_linear=0
shrinkage=0.05


Tree=44
num_leaves=31
num_cat=0
split_feature=12 15 11 11 11 11 10 17 9 0 3 9 9 11 6 9 13 0 0 3 12 3 10 9 13 13 11 16 6 3
split_gain=36.4918 17.3261 12.9941 12.6679 12.4321 11.8976 8.66865 7.9193 6.35574 7.18187 5.36278 5.66308 5.73806 4.84215 8.63543 5.33138 4.05616 4.79651 4.92894 4.92103 5.82058 3.91179 3.4309 9.33916 4.01474 3.41862 4.40093 3.31797 3.09381 2.70216
threshold=1.2453621511232134 17.494866529774132 -1.0000000180025095e-35 17.527720739219717 -1.9548254620123202 -9.5112936344969174 114.97330595482548 0.16954022988505749 44.50102669404518 373.46000000000009 118.105 26.447638603696102 37.01026694045175 16.016427104722798 -7.4999999999999991 99.466119096509246 0.78092682942036273 701.50500000000011 497.07500000000005 1404.0900000000004 2.167859309661111 22.895000000000003 34.496919917864481 81.494866529774143 0.64307228309537467 0.05670235284104367 37.995893223819309 0.55006078574172956 44.000000000000007 9.9200000000000035
decision_type=10 10 10 10 8 10 10 10 10 8 10 8 10 10 10 8 10 10 8 8 10 10 10 10 10 8 8 8 10 10
left_child=1 3 8 4 27 16 7 -6 9 -3 25 -12 -13 14 15 -4 17 18 21 -19 -21 -2 24 -24 -10 26 -5 -1 29 -7
right_child=5 2 13 10 6 28 -8 -9 22 -11 11 12 -14 -15 -16 -17 -18 19 -20 20 -22 -23 23 -25 -26 -27 -28 -29 -30 -31
leaf_value=-0.0074346138218599478 0.024014794456916868 0.058367028159120871 -0.0066977756568507886 -0.012784188608073545 -0.002446425905260249 -0.0026565311803131847 -0.061363958197995394 0.0094056508175832942 -0.063564100247579913 -0.0098747054193154757 -0.057881073576510761 0.016091910643359245 -0.025222964675679319 0.038739044368119535 0.043593718078747949 0.021995963366756362 0.03465834282496242 0.04646888506523579 -0.049835220721015136 -0.016458366416037869 0.049284563917123159 -0.011348085075599342 0.035555973485047278 -0.031614630653877471 -0.015677990539700173 -0.055526248335816486 -0.05669034498351741 -0.051417319057431111 -0.015455937700940607 0.048579257568003249
leaf_weight=5.9274006634950638 13.546286284923552 7.0645372271537754 32.910115897655487 20.819526955485347 816.33339211344719 2.707400530576705 5.8657219335436812 170.35295538604259 6.4954794719815281 8.487541675567627 5.1242944449186316 19.698684886097908 14.657506942749022 34.634591050446033 22.131391420960426 31.860742941498756 18.707258716225624 12.938027977943422 4.9871858209371558 10.479196809232233 4.9603857398033133 18.500609129667282 9.1713065057992953 11.875013530254362 13.420521274209021 13.252948924899099 7.8628092259168616 15.502814613282682 2.1244602501392356 51.985442474484444
leaf_count=28 55 26 152 118 3465 17 29 684 36 33 44 84 65 239 141 155 98 64 24 47 23 90 37 57 60 83 50 96 20 423
internal_value=0.00192559 -0.00074621 0.0137196 -0.00309755 -0.00157394 0.026067 -0.000760426 -0.000400146 -0.00608856 0.0211241 -0.0220732 -0.00884781 -0.0015344 0.0229304 0.0166299 0.00741666 0.0141277 0.00825606 -0.00359595 0.0237235 0.00466334 0.00359987 -0.0164203 -0.00234385 -0.0312957 -0.0345245 -0.0248204 -0.0392521 0.0437435 0.046043
internal_weight=1414.39 1273.45 178.051 1095.4 1013.98 140.936 992.552 986.686 56.5144 15.5521 81.4158 39.4805 34.3562 121.537 86.9023 64.7709 84.119 65.4117 37.0341 28.3776 15.4396 32.0469 40.9623 21.0463 19.916 41.9353 28.6823 21.4302 56.8173 54.6928
internal_count=6543 5682 936 4746 4302 861 4178 4149 249 59 444 193 149 687 448 307 401 303 169 134 70 145 190 94 96 251 168 124 460 440
is_linear=0
shrinkage=0.05


Tree=45
num_leaves=31
num_cat=0
split_feature=12 8 5 6 9 10 9 8 10 11 2 11 2 19 17 17 3 16 13 3 13 13 6 3 2 10 19 19 2 13
split_gain=33.6013 15.4484 12.3908 11.9985 8.86366 14.2188 13.5951 13.0653 10.028 7.74133 6.70132 5.34875 5.09153 4.93753 4.41813 4.4161 4.34924 4.33968 4.96541 4.33173 4.58259 3.87754 5.61136 4.45952 3.87634 3.18529 3.17697 3.78825 3.84061 3.1452
threshold=1.2453621511232134 123.00000000000001 3.5000000000000004 4.5000000000000009 23.014373716632445 52.977412731006169 60.50102669404518 4.5000000000000009 18.053388090349078 40.509240246406577 597.33500000000015 10.51334702258727 209.81000000000003 214.00000000000003 0.25833333333333336 0.10555555555555557 471.97000000000008 0.37489610595064965 0.19044835011895347 379.50000000000006 0.67277065147705628 0.22590224353519228 8.5000000000000018 44.670000000000009 431.24500000000006 59.515400410677621 113.00000000000001 145.50000000000003 843.57000000000005 0.36114455770439696
decision_type=10 8 10 8 8 8 8 8 8 8 10 10 10 2 8 10 10 8 10 10 8 10 8 10 10 8 2 2 8 8
left_child=2 9 3 14 8 7 -7 -6 -5 -2 12 -10 -4 16 15 -1 24 18 -12 -16 -21 23 -23 -14 -11 -3 -27 -28 -29 -20
right_child=1 25 10 4 5 6 -8 -9 11 13 17 -13 21 -15 19 -17 -18 -19 29 20 -22 22 -24 -25 -26 26 27 28 -30 -31
leaf_value=-0.030613747631752009 0.050251981007551377 -0.04379917887444322 0.034160936613586025 0.021217590758836335 0.018302958071728988 -0.02519514808957083 -0.0013357129968855205 -0.011299948227872779 -0.015982131694923876 0.042906255267531765 -0.027819442035743037 -0.052782451607744779 -0.00071543770180665259 -0.024037395864855721 -0.054250433031088424 0.029116193401868818 0.04732890985364023 0.0462706278488293 0.057999842749674346 -0.04486151223410173 0.025391895381485979 0.02369111446204087 -0.01980797464525319 0.059900563733219551 0.0079004981754383641 -0.032010046907233629 0.040267575013539392 -0.041988948677148107 0.013326243354979806 0.010571429160156545
leaf_weight=7.0587802529335004 44.446618899703026 4.6341876685619381 12.512151412665842 10.68862824141979 160.2888929694891 64.531552486121655 798.05357798188925 48.565974786877632 20.914357513189316 11.00677853822708 5.2085519805550602 18.704522967338562 7.8934600949287397 5.131217621266841 18.387585975229744 5.5101600885391235 18.226990237832069 22.226754933595657 5.7138846218585941 5.0292870551347706 4.310852363705636 9.8553441688418371 29.927881501615047 4.9289763793349266 28.092830054461956 5.7142795175313976 6.9485468566417721 4.6618224084377262 9.5999850630760193 9.0034041926264763
leaf_count=42 391 21 64 42 627 328 3389 210 122 53 23 165 44 30 106 23 123 152 26 27 17 62 142 25 136 24 25 22 36 46
internal_value=0.00183979 0.0252281 -0.000711525 -0.00221246 -0.0012495 -0.000286423 -0.00312068 0.0114193 -0.021761 0.0343022 0.0155479 -0.033356 0.00549314 0.022952 -0.0290187 -0.00442844 0.0271579 0.0310807 0.0141366 -0.0401654 -0.0124367 -0.00132544 -0.00903211 0.0225855 0.0177548 -0.00551035 0.00107981 0.00999455 -0.00475489 0.0289852
internal_weight=1407.78 138.463 1269.31 1162.04 1121.75 1071.44 862.585 208.855 50.3075 106.904 107.27 39.6189 65.1178 62.4578 40.2967 12.5689 57.3266 42.1526 19.9258 27.7277 9.34014 52.6057 39.7832 12.8224 39.0996 31.5588 26.9246 21.2104 14.2618 14.7173
internal_count=6543 861 5682 5098 4883 4554 3717 837 329 733 584 287 337 342 215 65 312 247 95 150 44 273 204 69 189 128 107 83 58 72
is_linear=0
shrinkage=0.05


Tree=46
num_leaves=31
num_cat=0
split_feature=12 8 9 10 9 10 19 19 9 7 0 9 11 19 19 3 16 8 9 3 10 1 12 1 13 19 19 11 10 1
split_gain=31.1135 13.0994 9.81419 12.7521 14.9001 11.614 11.4003 24.4252 10.5983 17.9901 14.3473 8.4935 7.42945 6.75765 8.07778 6.06516 5.94982 4.95866 4.75657 3.523 3.51204 3.28295 4.04419 4.59701 3.2214 3.11682 4.14517 4.05112 2.87279 2.59739
threshold=1.1254147220599471 7.5000000000000009 16.969199178644768 40.000000000000007 40.476386036960996 18.053388090349078 144.50000000000003 110.00000000000001 60.50102669404518 24.500000000000004 536.98000000000013 77.470225872689952 -1.4784394250513346 138.00000000000003 91.500000000000014 10051.575000000003 2.0023510971786842 3.5000000000000004 88.476386036960989 4.1000000000000005 30.04517453798768 240.32000000000002 1.3348855159794144 676.36500000000012 0.21566436074585268 113.00000000000001 138.00000000000003 -1.0000000180025095e-35 49.987679671457911 2288.4400000000001
decision_type=10 8 8 8 8 8 2 2 10 8 10 8 10 2 2 10 8 10 10 10 8 8 10 8 10 2 2 10 10 8
left_child=2 12 5 8 13 -1 7 -6 9 17 16 -8 21 14 -5 25 -10 -4 -12 -14 -11 -2 23 -23 -24 29 -27 -28 -15 -3
right_child=1 15 3 4 6 -7 11 -9 10 20 18 -13 19 28 -16 -17 -18 -19 -20 -21 -22 22 24 -25 -26 26 27 -29 -30 -31
leaf_value=0.019939323318398171 0.059314817714732251 0.0014461675492666889 0.01241187649165728 -0.027466082128255211 0.008143537005826448 -0.040826179594392713 -0.018516381202965719 -0.012836828265322812 -0.044171873860596442 -0.05397410246000748 0.033102908494334164 0.0099194063881142304 -0.00047369265991895705 -0.053735564629432547 0.027553453581678225 0.050575881841517838 -0.005989344166113345 0.030261928074197898 -0.010153635727465398 0.048961609297090078 -0.0051144015939568856 -0.040096177587602269 0.013031058010182454 0.012394021619418955 0.041245206196177095 0.038716471302779477 -0.017055845086478713 0.025816017558285238 -0.022114117193400507 -0.051204047448662665
leaf_weight=10.611142680048941 4.9597729146480551 3.859402343630788 73.682006508111954 20.674596920609478 219.70186792314053 30.365866519510746 29.237342476844788 376.37251494079828 20.901256404817104 9.3601605221629107 20.944943137466911 257.87971614301205 3.9039578959345809 20.574909508228306 9.8491479977965337 5.3799532726407042 19.932455487549305 82.436123907566071 9.123518265783785 46.896171145141125 6.0584076270461091 5.2768507450819042 20.559024795889854 19.907136164605618 19.918970607221127 6.1307436302304259 22.282622411847115 7.3205250352621105 11.034739241003988 5.9598354175686845
leaf_count=42 21 16 316 108 966 244 143 1717 111 45 89 1004 21 116 51 41 86 339 39 404 31 22 93 84 127 24 99 50 61 33
internal_value=0.00175797 0.0216523 -0.00103259 -0.000202605 -0.00282626 -0.0250907 -0.00116128 -0.00510386 0.0100276 0.0167487 -0.00623293 0.00702377 0.0305799 -0.026493 -0.00971284 0.000369271 -0.0255336 0.0218374 0.0199778 0.0451625 -0.0347757 0.0200902 0.0171274 0.00139565 0.0269151 -0.00556027 0.00129565 -0.00645412 -0.0426967 -0.0305101
internal_weight=1401.1 172.355 1228.74 1187.76 945.325 40.977 883.191 596.074 242.439 171.537 70.9022 287.117 121.422 62.1334 30.5237 50.9331 40.8337 156.118 30.0685 50.8001 15.4186 70.6218 65.662 25.184 40.478 45.5531 35.7339 29.6031 31.6096 9.81924
internal_count=6543 1035 5508 5222 4166 286 3830 2683 1056 731 325 1147 772 336 159 263 197 655 128 425 76 347 326 106 220 222 173 149 177 49
is_linear=0
shrinkage=0.05


Tree=47
num_leaves=31
num_cat=0
split_feature=12 7 5 9 10 5 19 10 3 11 11 3 1 12 12 13 19 3 9 19 0 9 0 3 11 9 19 3 16 12
split_gain=28.7571 13.6939 11.6186 8.95467 10.4611 9.54814 11.0806 12.9941 12.3378 10.1098 7.70407 7.06413 4.99053 5.55622 3.31393 4.0795 3.13449 3.16031 3.04518 4.28699 4.48811 5.75144 2.73475 2.39895 3.41207 2.27963 1.82828 1.60556 0.853644 0.787931
threshold=1.2453621511232134 116.00000000000001 40.500000000000007 16.969199178644768 18.053388090349078 33.500000000000007 144.50000000000003 52.977412731006169 134.38000000000002 70.505133470225886 40.509240246406577 1.0000000180025095e-35 1868.6550000000002 1.3416122404056421 3.0087014778460559 0.24517014084507047 106.50000000000001 341.67000000000002 235.99178644763865 127.50000000000001 611.0150000000001 95.507186858316246 596.83500000000015 41.005000000000003 10.51334702258727 24.000000000000004 52.500000000000007 1.5500000000000003 10.406593406593409 1.3207195891029573
decision_type=10 8 10 8 8 8 2 10 8 10 8 10 8 10 10 10 2 10 8 2 10 10 10 10 10 10 2 10 8 10
left_child=2 10 3 4 22 9 8 -8 -7 11 26 -5 13 -12 27 -16 17 -4 19 -3 21 -21 -1 24 -6 -15 -2 -14 -18 -28
right_child=1 18 16 5 23 6 7 -9 -10 -11 12 -13 14 25 15 -17 28 -19 -20 20 -22 -23 -24 -25 -26 -27 29 -29 -30 -31
leaf_value=-0.0090983705279692496 0.016411442207384174 -0.05292768356326101 -0.021447536836259218 0.053841625153884999 -0.011319630765591822 -0.017597431790514463 0.0092131709699005363 -0.02449693726634326 -0.0019928310489062038 -0.060900284997602888 -0.040567323739672936 0.011813183225102192 0.021160320894627195 0.0077759199691206995 -0.034506114907075232 0.042455772682713985 0.05380422500002479 0.042597854534168006 0.025237029921150296 0.021258053070986507 0.028867203791635678 -0.0488288508701714 0.041368881011210286 -0.060289250675984368 -0.052963536083422594 0.047840688822118463 0.032113969184496265 0.048695496880726039 0.02789292332666813 0.055246576309702013
leaf_weight=5.0584746003150922 3.8278618156909934 5.3202014714479509 4.1975350528955486 11.091662332415579 11.00612866133452 160.40088179707527 285.78162236511707 31.764146864414215 602.3531100153923 4.4478458017110816 5.3570934087038067 101.39490182697773 7.1459438651800182 16.221498064696792 3.5520211085677138 3.3417906165122986 11.574248522520064 3.5595909282565117 6.5254462212324134 4.8779963552951831 7.2537899762392035 7.3191182613372803 5.7194613367319107 9.6692229285836202 8.8932163417339307 4.5452352017164221 4.1385174617171279 20.428991086781025 4.3820540085434905 33.306114479899406
leaf_count=22 37 24 27 47 74 818 1117 154 2575 34 25 481 32 73 20 25 87 28 23 21 28 32 21 87 83 29 37 138 27 317
internal_value=0.00167857 0.0237768 -0.000654469 -0.00131875 -0.0244871 -0.000537979 -0.00200704 0.00584114 -0.00527435 0.0130339 0.0326644 0.0159574 0.0213159 0.00483319 0.0338081 0.00280133 0.0340135 0.00794162 -0.00515053 -0.0131555 -0.00227706 -0.020799 0.0176828 -0.0398583 -0.0299307 0.0165449 0.0493252 0.0415599 0.0466882 0.0526899
internal_weight=1394.46 133.162 1261.29 1237.58 40.3465 1197.23 1080.3 317.546 762.754 116.934 101.865 112.487 60.5926 26.1238 34.4687 6.89381 23.7134 7.75713 31.2966 24.7711 19.4509 12.1971 10.7779 29.5686 19.8993 20.7667 41.2725 27.5749 15.9563 37.4446
internal_count=6543 861 5682 5513 287 5226 4664 1271 3393 562 733 528 342 127 215 45 169 55 128 105 81 53 43 244 157 102 391 170 114 354
is_linear=0
shrinkage=0.05


Tree=48
num_leaves=31
num_cat=0
split_feature=12 15 11 7 11 15 19 19 15 20 3 7 13 17 5 19 17 7 2 0 1 13 11 20 12 3 16 2 13 16
split_gain=26.5971 12.6539 12.6041 12.3833 10.6024 12.3141 8.64044 12.2147 12.5555 9.11807 8.18703 8.07367 7.4137 7.06674 6.84613 6.82318 6.95794 6.07302 5.98004 6.69451 5.8289 7.2035 5.7923 4.44955 4.33306 4.60839 3.78999 3.61351 3.30874 3.69527
threshold=1.1412698953516673 3.0112936344969206 -3.4825462012320325 1.5000000000000002 1.0000000180025095e-35 -4.9938398357289513 144.50000000000003 58.500000000000007 1.4784394250513351 331.50000000000006 52.100000000000009 23.500000000000004 0.12379801781887183 0.6014705882352942 -13.999999999999998 23.000000000000004 0.53589743589743599 1.0000000180025095e-35 2438.3700000000003 4935.8100000000004 844.37000000000012 0.52619328812776922 17.527720739219717 67.000000000000014 1.2049240975712945 1364.0100000000002 0.5159315993283301 265.94000000000005 0.86770247121563726 0.20809726454993552
decision_type=10 10 10 8 10 10 2 2 8 2 8 8 10 8 10 2 10 8 10 10 8 8 10 2 10 10 10 10 10 10
left_child=1 4 20 12 6 -6 7 11 -9 13 -11 -1 27 -8 23 -4 17 -17 22 -20 21 26 -7 -5 25 -14 -3 -2 29 -22
right_child=3 2 15 14 5 18 9 8 -10 10 -12 -13 24 -15 -16 16 -18 -19 19 -21 28 -23 -24 -25 -26 -27 -28 -29 -30 -31
leaf_value=0.023779551414665853 0.064724330261748717 -0.036483253479886846 0.056845505039976985 0.041172277947766935 -0.04380835906476091 -0.004361583762251005 0.013725444046906468 -0.044559958072740942 -0.0061095297869657866 0.042541114583240239 0.0089211182902690853 -0.0065099960747626627 0.036096623178055155 -0.019162630871653156 0.054976600805785453 0.013627329983573864 0.034159859460614242 -0.0076530057307316367 0.052631810038239607 -0.0067843245889076063 -0.037487230320600667 -0.060947520837821782 -0.029173867406345668 -0.0085547165575268948 0.046669345826754777 -0.03078431802777571 0.019769312927802502 0.0082920000909537713 0.027375126240494593 0.0081430911265898409
leaf_weight=56.342499665915966 3.096143774688243 5.4147506058216113 8.8711097836494428 4.9825672730803481 30.998880065977573 64.50827556848526 24.621086589992046 22.278169885277748 451.71367607265711 20.655430041253567 146.82682804763317 36.093706995248795 7.3783084824681264 48.525278344750404 5.4996412247419348 134.3291877284646 30.478481009602547 44.677207298576832 7.814773008227351 12.052114792168139 7.3717965185642305 11.245264299213884 37.019067533314228 46.308335557579994 55.585333235561848 3.9569308310747147 6.6984331086277962 33.852331206202507 8.6895951032638532 11.144441664218901
leaf_count=213 13 24 44 25 172 312 97 139 1961 85 555 150 41 194 56 654 179 203 37 68 35 63 237 225 460 21 31 167 33 49
internal_value=0.00160263 -0.000899558 0.008686 0.0207338 -0.00358626 -0.0156819 -0.00130228 -0.00467428 -0.00791674 0.00663524 0.0130674 0.0119523 0.0309982 -0.0080925 0.00196055 0.013895 0.0120762 0.00831609 -0.00849964 0.0165874 -0.0138085 -0.0321295 -0.0134087 -0.00372407 0.0409239 0.0127497 -0.00537632 0.0130208 0.00192167 -0.0100235
internal_weight=1389.03 1228.37 268.92 160.66 959.45 152.393 807.057 566.428 473.992 240.629 167.482 92.4362 103.869 73.1464 56.7905 218.356 209.485 179.006 121.394 19.8669 50.5643 23.3584 101.527 51.2909 66.9206 11.3352 12.1132 36.9485 27.2058 18.5162
internal_count=6543 5535 1315 1008 4220 826 3394 2463 2100 931 640 363 702 291 306 1080 1036 857 654 105 235 118 549 250 522 62 55 180 117 84
is_linear=0
shrinkage=0.05


Tree=49
num_leaves=31
num_cat=0
split_feature=12 15 7 11 11 11 19 11 2 12 5 7 3 17 8 19 5 7 13 11 3 3 2 16 13 3 3 19 13 16
split_gain=24.572 13.0484 12.0998 11.4116 10.5542 10.7673 8.03001 7.66412 7.54931 6.36728 7.33069 5.4078 6.16362 5.30417 5.11454 4.77444 4.43781 4.34171 5.39939 4.09868 4.06184 4.01206 3.48639 3.18587 2.87862 2.50657 2.62737 1.85733 1.76773 1.62543
threshold=1.2453621511232134 17.494866529774132 116.00000000000001 3.4989733059548258 17.527720739219717 -1.9548254620123202 24.500000000000004 40.509240246406577 1100.8400000000004 0.99999828385692868 37.500000000000007 10.500000000000002 118.105 0.48096385542168679 12.500000000000002 214.00000000000003 32.500000000000007 1.0000000180025095e-35 0.36114455770439696 17.034907597535938 143.63500000000002 471.97000000000008 431.24500000000006 0.55006078574172956 0.05670235284104367 177.73500000000004 880.80000000000007 52.500000000000007 0.67277065147705628 2.6181124674154899
decision_type=10 10 8 10 10 8 2 8 10 10 10 8 10 10 8 2 10 8 8 8 10 10 10 8 10 10 8 2 10 8
left_child=1 4 7 9 5 23 14 27 -8 -3 16 12 24 17 -7 21 -11 19 -19 -5 -14 22 -9 -1 -6 -4 28 -2 -27 -12
right_child=2 3 25 13 11 6 8 15 -10 10 29 -13 20 -15 -16 -17 -18 18 -20 -21 -22 -23 -24 -25 -26 26 -28 -29 -30 -31
leaf_value=-0.0058786254611433286 0.014687011958267122 0.050935785233280378 -0.024817191860065403 0.014763889625440181 -0.022062553893549011 0.063413691438109848 0.00059855072437404186 0.039926805249914293 -0.012960156009815184 -0.0052406551098110573 0.010321647273398939 -0.072367276806499112 0.047309840651981308 0.051353774921595756 -0.0012305249192020914 -0.02728186073065117 -0.05487125756828222 -0.052119103094314882 0.015098475300840953 0.044164522475671618 -0.007772013996657068 0.044840661305045784 0.0057263061967280935 -0.049595995593532838 -0.05217220991193016 0.0018000347503041793 -0.019848312404082791 0.052028048503158203 0.037726576669759232 0.053471595662176775
leaf_weight=5.8255286812782288 3.6834522411227217 5.7918493449687949 10.367606118321421 29.742363840341572 27.071240782737732 7.9766107201576206 853.63086785376072 10.251531057059763 116.69674874097109 72.152797155082226 3.384187325835228 4.6908838525414458 3.7436675652861586 16.376099996268749 4.9638565182685861 4.9485740140080443 4.8040067628026 4.2396267876028988 10.116372346878052 19.709648840129372 31.581537015736103 16.197481893002987 27.283418990671635 14.640708833932878 11.231364406645296 7.6605448722839373 6.9320398718118659 34.71387742459774 6.1910999417304993 6.1461316719651204
leaf_count=28 37 25 51 168 166 33 3586 53 538 322 17 27 16 120 21 30 21 25 50 150 159 123 136 96 76 29 27 354 21 38
internal_value=0.00152996 -0.000600997 0.0223779 0.0121718 -0.00263679 -0.00125742 -0.000510287 0.0310784 -0.00103209 0.000182668 -0.00321615 -0.0203148 -0.0169985 0.0259694 0.0386167 0.0197141 -0.00833883 0.0194546 -0.00475228 0.0264818 -0.00193459 0.0240423 0.0150671 -0.0371522 -0.0308915 -0.00473579 0.0052815 0.0484459 0.0178577 0.0381492
internal_weight=1382.75 1254.52 128.23 172.463 1082.05 1003.73 983.268 97.0783 970.328 92.279 86.4871 78.3187 73.6278 80.1841 12.9405 58.681 76.9568 63.808 14.356 49.452 35.3252 53.7324 37.535 20.4662 38.3026 31.1513 20.7837 38.3973 13.8516 9.53032
internal_count=6543 5682 861 936 4746 4302 4178 733 4124 423 398 444 417 513 54 342 343 393 75 318 175 312 189 124 242 128 77 391 50 55
is_linear=0
shrinkage=0.05


Tree=50
num_leaves=31
num_cat=0
split_feature=12 7 15 11 0 7 10 1 15 13 8 6 3 5 8 13 12 15 2 13 1 16 15 10 3 10 3 2 1 1
split_gain=22.6982 10.7996 10.2122 10.9906 9.81682 13.8794 13.8996 17.361 16.1008 10.5612 7.57335 6.77611 6.82333 6.21769 5.51224 5.32098 6.70062 5.13148 4.86906 4.77365 5.31904 5.19505 7.52165 4.051 3.90849 3.49609 6.04913 3.19884 2.93967 4.40034
threshold=1.1254147220599471 1.5000000000000002 3.0112936344969206 -6.9815195071868574 6185.7050000000008 38.500000000000007 40.476386036960996 425.80000000000007 -10.513347022587267 0.99315002814631026 16.500000000000004 1.0000000180025095e-35 2916.3650000000002 -13.999999999999998 2.5000000000000004 0.12379801781887183 1.2049240975712945 1.0000000180025095e-35 11918.360000000002 0.55854318774021894 844.37000000000012 0.43257204500222757 27.003080082135529 29.94661190965093 142.21500000000003 40.000000000000007 625.18500000000006 265.94000000000005 676.36500000000012 1545.6900000000003
decision_type=10 8 10 10 8 8 8 10 10 10 10 10 10 10 8 10 10 8 8 8 8 8 8 10 10 10 10 10 8 8
left_child=2 15 4 19 5 6 8 -8 -1 23 11 12 -5 18 17 27 25 -6 28 21 -21 -4 -23 -7 -13 26 -17 -2 -3 -30
right_child=1 13 3 10 14 9 7 -9 -10 -11 -12 24 -14 -15 -16 16 -18 -19 -20 20 -22 22 -24 -25 -26 -27 -28 -29 29 -31
leaf_value=0.023205310746399314 0.056818221249626377 0.014720416547707435 -0.034617863180738166 0.0086214442690969294 0.0054912366460809093 -0.043625161216941447 -0.013393616393514341 0.0063686050346784574 -0.012716489554914093 0.04324468980306042 0.053303096394905262 0.0081483764105785058 -0.047327760365750954 0.054574366704540772 0.0040563686540258303 0.027171589587903805 0.045464784724753148 0.066702767386766185 0.04560679215063667 -0.064026029288760389 -0.011120549192418339 0.056120915151267659 -0.019691028950331032 -0.020220382355577257 0.050828744525873298 0.045455061090887289 -0.05322861548324892 0.0091115760875125906 -0.066340358995799251 -0.009015866091114131
leaf_weight=88.695091441273689 3.9108403697609893 10.957281388342379 6.861646443605423 183.04821600019932 6.6861052811145765 32.659841284155846 362.23475649580359 160.31819371134043 48.116809405386448 5.2084880769252768 10.652907185256479 8.3627887964248675 5.6166055500507346 5.0814794600009909 199.92877979576588 4.9470442086458188 52.098927937448025 7.0173438042402267 4.6360885277390471 8.4410337582230586 10.867279276251791 6.6983126997947693 6.3956099972128886 42.607528872787952 14.959038749337195 3.9036078676581374 4.4384268373250961 34.609359681606293 3.7193609029054633 33.501292549073696
leaf_count=322 17 47 32 907 36 156 1721 631 285 19 58 41 24 56 798 25 460 24 29 49 49 24 34 218 80 23 24 172 17 165
internal_value=0.00146187 0.0190545 -0.000880249 0.0078647 -0.00328234 -0.00600859 -0.00361607 -0.00733061 0.0105716 -0.0256113 0.012166 0.0100988 0.00695582 0.00174909 0.00615907 0.0286967 0.0373811 0.0368368 -0.00333347 -0.0165254 -0.0342493 0.000623573 0.0190912 -0.0303761 0.0355243 0.00568937 -0.01085 0.0139551 -0.00804292 -0.0147442
internal_weight=1377.18 161.804 1215.38 261.903 953.473 739.841 659.365 522.553 136.812 80.4759 222.64 211.987 188.665 57.8955 213.632 103.908 65.388 13.7034 52.814 39.2639 19.3083 19.9556 13.0939 75.2674 23.3218 13.2891 9.38547 38.5202 48.1779 37.2207
internal_count=6543 1035 5508 1298 4210 3352 2959 2352 607 393 1110 1052 931 314 858 721 532 60 258 188 98 90 58 374 121 72 49 189 229 182
is_linear=0
shrinkage=0.05


Tree=51
num_leaves=31
num_cat=0
split_feature=12 7 9 10 9 3 10 11 7 9 10 20 20 20 10 11 10 13 10 1 0 10 0 13 0 9 0 3 11 0
split_gain=21.0963 11.0433 8.12515 10.4355 13.2765 12.5529 9.69914 8.86477 7.71669 8.15258 13.1698 7.52184 19.8307 14.1914 6.81081 6.28587 4.97744 4.05991 4.01657 3.32034 5.45676 3.05819 3.91127 3.05681 3.00438 2.52179 2.46728 2.41569 3.30511 4.31431
threshold=1.2916825967753054 14.500000000000002 16.969199178644768 53.963039014373727 60.50102669404518 201.63000000000002 18.053388090349078 70.505133470225886 116.00000000000001 54.47227926078029 34.496919917864481 536.00000000000011 665.00000000000011 454.00000000000006 46.012320328542103 40.509240246406577 30.997946611909654 0.92108481241487195 35.99178644763861 1868.6550000000002 1039.1250000000002 84.977412731006169 687.31000000000006 0.11712756316848497 1424.3650000000002 95.507186858316246 596.83500000000015 41.005000000000003 10.51334702258727 511.84500000000008
decision_type=10 8 8 8 8 8 8 8 8 10 10 2 2 2 10 8 10 10 10 8 10 8 8 8 10 10 10 10 10 10
left_child=2 15 6 8 5 7 26 -5 9 18 -11 13 -13 -6 16 -2 -10 21 -4 20 25 -3 -23 24 -21 -17 -1 28 29 -8
right_child=1 17 3 4 11 -7 27 -9 14 10 -12 12 -14 -15 -16 19 -18 -19 -20 23 -22 22 -24 -25 -26 -27 -28 -29 -30 -31
leaf_value=-0.0079821046606436286 0.049602182832480031 -0.033105491568893801 0.022042706195757739 0.02108149488527734 -0.00038202825175740282 -0.041571461518351352 -0.030745913663547671 -0.024366796964065074 -0.0051311339259679919 -0.016091126402523793 0.020180412269975617 0.024269748974779067 -0.0021015961032516714 -0.022407888207736551 0.036004519599696048 0.00922878622679686 -0.043910986463271899 0.036296648614387576 0.0045298484841592278 -0.016749269713545813 -0.046655413042856586 -0.014082329549372986 0.035531216858023788 0.042776435591496763 0.043927132253240062 0.057423844236426595 0.040186166471027525 -0.059661396943445681 -0.052011288439663211 0.038218378727024861
leaf_weight=5.0077910274267179 30.817204430699348 9.5511617064476031 129.9619772657752 20.474606454372406 350.67192257940769 40.298015087842941 7.5628466382622772 22.542060643434525 20.097494564950466 57.108669750392437 44.546540595591068 95.832080692052841 278.33772061765194 92.39982582628727 6.164312355220317 14.844353981316095 14.065096348524092 5.6536163762211791 43.765680685639381 5.186220087110998 3.9718337729573241 12.395702585577967 5.8458504080772391 20.240713380277157 3.3630543649196625 3.3215395733714095 5.6668940782546997 9.0497433654963952 8.3089429810643178 3.2390473335981369
leaf_count=22 339 46 554 103 1520 227 52 131 86 277 219 381 1214 436 26 73 71 30 200 31 17 54 29 146 22 24 21 87 83 22
internal_value=0.00139718 0.0218756 -0.000482298 0.000236563 -0.00250565 -0.0215195 -0.022996 -0.00273481 0.00805866 0.01105 -0.0001965 -0.000567255 0.00465261 -0.00497538 -0.0123687 0.0317783 -0.0210972 -0.00232727 0.0176308 0.0209928 0.00643351 -0.0101842 0.00181727 0.0321879 0.00711919 0.018041 0.0175891 -0.0383804 -0.028303 -0.0100663
internal_weight=1370.29 115.191 1255.1 1216.27 900.556 83.3147 38.8353 43.0167 315.71 275.383 101.655 817.242 374.17 443.072 40.3269 81.7449 34.1626 33.4463 173.728 50.9277 22.1377 27.7927 18.2416 28.79 8.54927 18.1659 10.6747 28.1606 19.1108 10.8019
internal_count=6543 811 5732 5445 4012 461 287 234 1433 1250 496 3551 1595 1956 183 652 157 159 754 313 114 129 83 199 53 97 43 244 157 74
is_linear=0
shrinkage=0.05


Tree=52
num_leaves=31
num_cat=0
split_feature=12 15 11 8 20 10 11 20 8 20 11 11 10 10 10 15 17 1 20 11 11 19 0 19 10 8 17 19 15 1
split_gain=19.4743 11.567 10.2397 10.1861 9.67984 8.86363 9.09248 8.89447 13.0165 8.37353 7.6726 7.48644 6.50983 6.50179 5.82164 5.51859 5.30747 4.97802 4.95781 4.66588 4.05076 3.4879 4.14864 3.36192 3.26422 3.24152 2.89623 2.88178 2.78844 2.32725
threshold=1.2916825967753054 17.494866529774132 3.4989733059548258 86.500000000000014 446.50000000000006 115.99178644763862 -1.9548254620123202 19.000000000000004 3.5000000000000004 153.50000000000003 2.4969199178644765 40.509240246406577 46.012320328542103 34.0205338809035 59.515400410677621 24.459958932238198 0.48096385542168679 301.02000000000004 153.50000000000003 14.997946611909653 85.50308008213554 113.00000000000001 605.46000000000015 214.00000000000003 26.924024640657088 78.000000000000014 0.59761904761904772 158.50000000000003 63.49075975359343 1868.6550000000002
decision_type=10 10 10 8 2 10 8 2 8 2 8 8 8 8 8 8 10 8 2 10 8 2 8 2 8 8 10 2 8 8
left_child=1 5 4 11 10 6 24 8 -8 -9 28 -2 -12 17 -5 -15 18 -6 19 -4 -7 -16 27 26 -1 -20 29 -23 -3 -13
right_child=3 2 16 14 13 20 7 9 -10 -11 12 23 -14 15 21 -17 -18 -19 25 -21 -22 22 -24 -25 -26 -27 -28 -29 -30 -31
leaf_value=0.012983813593046116 0.04944700325893344 0.03645022830922675 -0.042104030557589892 -0.062369467621278145 0.011689871505503376 -0.0060557905979226768 -0.0467720169647328 0.012435155389493567 -0.0015894031832246478 -0.0017720949277900506 0.024794753215588994 0.013136432936414616 -0.047501386742481069 -0.034577119312962666 -0.029778093042823563 0.019793009884650783 0.050568994114554705 -0.043221316388265901 0.028053910506523391 0.024933790040781861 -0.067757025653669534 0.029597825800674833 0.045715123250269364 -0.025100986681523677 -0.044046798900232324 -0.019523167031946113 -0.012989681771211965 -0.018671211926424128 -0.0071096490263772407 0.036841273386498112
leaf_weight=2.9497941732406643 31.496556483209133 27.136132113635544 5.9726731032133085 3.7106617093086269 5.1581621915102032 4.1266610249876958 25.767175808548927 117.87246638536453 41.79597345739603 863.29658797383308 5.5728702172636959 18.256210766732693 7.0562364012002954 6.521023653447628 5.7810385078191784 16.416201099753383 15.948228970170019 20.653950236737728 48.787715405225754 4.5904877185821533 7.4846637845039368 4.7484947890043285 6.9185692369937888 4.0721723139286032 16.791075229644775 3.863593950867652 5.1935684606432906 8.8648875653743726 4.2491984292864791 23.920649811625481
leaf_count=14 364 121 33 18 25 21 122 504 176 3779 23 93 37 32 27 73 126 102 321 32 48 18 25 26 110 14 33 38 19 169
internal_value=0.00133271 -0.000461202 0.0115845 0.0212154 0.000312191 -0.00237863 -0.00190645 -0.00127363 -0.0188211 -6.53109e-05 0.0173103 0.0302489 -0.0155991 -0.015035 -0.00373939 0.00433565 0.0247936 -0.0322481 0.0182908 -0.0129711 -0.0458284 0.00452863 0.0141881 0.0184946 -0.035525 0.0245627 0.0222423 -0.00183445 0.0305527 0.0265807
internal_weight=1364.97 1252.01 171.926 112.963 92.7638 1080.08 1068.47 1048.73 67.5631 981.169 44.0144 82.9392 12.6291 48.7493 30.0237 22.9372 79.1627 25.8121 63.2145 10.5632 11.6113 26.313 20.532 51.4426 19.7409 52.6513 47.3704 13.6134 31.3853 42.1769
internal_count=6543 5732 958 811 432 4774 4705 4581 298 4283 200 685 60 232 126 105 526 127 400 65 69 108 81 321 124 335 295 56 140 262
is_linear=0
shrinkage=0.05


Tree=53
num_leaves=29
num_cat=0
split_feature=5 9 5 11 10 19 3 19 11 10 9 3 20 2 19 19 3 0 0 13 11 20 3 10 11 0 2 9
split_gain=12.7399 8.26949 8.16335 8.78959 8.16222 7.84172 12.2731 11.0618 8.36142 9.0969 6.40917 6.2601 6.89974 6.57157 5.05234 5.78569 6.48447 4.97733 2.5412 2.43805 3.30795 3.24996 1.09515 0.923303 0.503525 0.447194 0.0582897 0.00892443
threshold=40.500000000000007 19.482546201232037 33.500000000000007 70.505133470225886 19.498973305954831 144.50000000000003 134.38000000000002 138.00000000000003 2.4969199178644765 52.977412731006169 67.991786447638617 1.0000000180025095e-35 831.50000000000011 860.73500000000001 106.50000000000001 38.500000000000007 348.51500000000004 511.84500000000008 208.17500000000004 0.12379801781887183 9.5441478439425058 822.50000000000011 46.365000000000002 6.5051334702258741 14.012320328542096 333.32000000000005 402.92000000000002 62.965092402464073
decision_type=10 8 8 10 8 2 8 2 8 10 8 10 2 10 2 2 10 10 10 10 8 2 10 8 8 10 10 8
left_child=1 4 3 11 17 6 10 -8 18 -10 -4 12 -3 -13 15 -2 -17 -1 -7 20 -6 -22 -16 -24 -21 -26 -25 -28
right_child=14 2 5 -5 19 8 7 -9 9 -11 -12 13 -14 -15 22 16 -18 -19 -20 24 21 -23 23 26 25 -27 27 -29
leaf_value=-0.016517048476614973 0.057367819936220033 0.0042582142600257012 -0.0015496952914161707 -0.059238631077213368 0.014215131245612946 -0.0023398618945848337 0.0058100057755871536 -0.0075008804369129005 0.0073958226140156281 -0.018025163376220656 -0.022290159587115423 0.0017856952000054494 0.084248594700421411 0.02765652339527655 0.016246371728060264 -0.082273608228558837 0.022843022950234861 0.042315846711464239 0.048070941627145203 -0.07258794107169729 -0.047023290768574193 0.006544278032981298 0.024588628441561476 0.061668146993029083 -0.029747726249661568 -0.058627610565556126 0.057190273375045154 0.053758772692176673
leaf_weight=7.8957763463258726 3.1207901239395159 4.5189474672079069 57.603119418025017 3.9645308144390574 4.1092662364244497 3.0075298547744778 383.35278743132949 263.27173785865307 301.84920941665769 39.836914755403996 105.40960188210011 58.831580184400082 6.6823253110051155 42.120408557355404 2.5168055891990688 2.7824366167187691 3.1036523766815662 6.5999758243560791 14.812787793576716 3.3031260222196561 13.466123830527073 3.5853737741708747 2.7261239141225841 3.6451310962438574 2.1064430698752403 3.6860349141061306 2.3650312423706028 9.5287127979099751
leaf_count=37 27 20 269 34 23 15 1743 1164 1263 216 588 285 29 247 23 20 33 25 63 20 128 30 20 22 20 39 18 122
internal_value=0.00127267 0.000548377 0.00128406 0.0139283 -0.0205802 2.82529e-05 -0.00270041 0.000390508 0.00617342 0.00443201 -0.0149612 0.0165147 0.0519779 0.0125798 0.033611 0.00233251 -0.0268471 0.0102698 0.0395631 -0.0353604 -0.026055 -0.0357598 0.0471671 0.0514278 -0.0570091 -0.0481254 0.0561364 0.0544411
internal_weight=1359.8 1330.01 1285.26 116.118 44.7521 1169.14 809.637 646.625 359.506 341.686 163.013 112.153 11.2013 100.952 29.7887 9.00688 5.88609 14.4958 17.8203 30.2564 21.1608 17.0515 20.7818 18.265 9.0956 5.79248 15.5389 11.8937
internal_count=6543 6258 5936 615 322 5321 3764 2907 1557 1479 857 581 49 532 285 80 53 62 78 260 181 158 205 182 79 59 162 140
is_linear=0
shrinkage=0.05


Tree=54
num_leaves=31
num_cat=0
split_feature=12 8 12 12 20 10 9 8 1 16 3 17 20 1 6 0 19 13 12 1 1 13 3 13 9 9 20 12 20 2
split_gain=17.7591 9.24071 7.46408 9.70218 8.65902 8.75567 11.9943 9.63298 8.2749 8.64209 7.72191 7.61285 6.88644 6.56446 6.03381 5.94335 5.85705 5.07199 5.15736 4.96682 4.71525 4.69487 4.55985 4.7128 4.41787 4.49115 4.24745 4.09383 3.69795 2.96465
threshold=1.1201398545092089 1.5000000000000002 0.9832240605314605 0.66114490960797645 1043.5000000000002 40.000000000000007 42.480492813141687 5.5000000000000009 215.53000000000003 0.29024209192716138 332.21000000000009 0.16954022988505749 153.50000000000003 1929.7300000000002 25.500000000000004 1374.3300000000002 58.500000000000007 0.11712756316848497 1.2049240975712945 701.50500000000011 206.60500000000005 0.71770393537216803 625.18500000000006 0.76444498059865529 61.946611909650933 37.01026694045175 67.000000000000014 0.13739126819545966 397.50000000000006 265.94000000000005
decision_type=10 8 8 10 2 8 8 10 8 8 8 8 2 8 8 10 2 10 10 10 10 8 8 8 10 10 2 10 2 10
left_child=2 17 3 10 5 8 12 -8 -4 -10 -1 27 -7 19 -3 22 -13 29 21 20 -5 -19 23 -6 25 -15 -16 -12 -21 -2
right_child=1 14 4 13 15 6 7 -9 9 -11 11 16 -14 24 26 -17 -18 18 -20 28 -22 -23 -24 -25 -26 -27 -28 -29 -30 -31
leaf_value=-0.048884710116558296 0.05442575802146387 0.052642752346069077 -0.039955078942335985 0.068259237176682905 0.021476810959072331 0.0069198666426325524 -0.0062966568954805112 0.01419801079867361 -0.010524938811561382 0.011807219382418091 -0.0043920599603455672 0.032753500794118449 -0.034870116253618008 0.011930147178788734 0.040485957300998403 -0.036844558304035151 0.0020159860022568202 0.04862638337984538 0.044199013618701911 0.034346629432919676 0.013012913700431823 -0.014040672451150408 0.044765969912351475 -0.036173033500840848 0.040324823596683601 -0.034102045604347368 -0.0070675042299382877 -0.059989962905832916 0.08917963217521134 0.007410897990758631
leaf_weight=7.6035999059677115 3.7402570694684973 5.3903037831187248 10.013085812330244 4.8926594182848957 18.843331210315231 12.161225654184816 592.27494502067566 63.480033256113529 57.00366535037756 180.47895435243845 6.5484728813171369 19.092783331871033 52.051914222538471 15.487728014588361 5.1680564135313025 4.2982517182826987 82.31954437494278 4.6588902324438068 44.820384617894888 5.7112781554460508 18.33856700360775 8.3369386792182922 16.912299379706383 4.3665471374988547 7.4651270583271971 8.0543737411499006 51.381047654896975 6.6970122009515762 6.6607809513807297 32.391312167048454
leaf_count=37 16 57 49 19 100 68 2666 304 324 804 24 65 330 68 30 24 316 30 436 21 73 42 64 19 32 42 271 27 23 162
internal_value=0.00121212 0.0170891 -0.000849106 0.00827546 -0.00255224 -0.00354333 -0.00633218 -0.00431268 0.00456946 0.00644676 -8.91862e-05 0.00314672 -0.0269556 0.0236285 0.00209654 0.0190334 0.0078029 0.0269737 0.0361578 0.0382767 0.0246482 0.00842492 0.0250196 0.010631 0.00680906 -0.00381868 -0.00272156 -0.0325028 0.0638672 0.0122778
internal_weight=1356.64 155.887 1200.76 188.872 1011.88 967.464 719.968 655.755 247.496 237.483 122.261 114.658 64.2131 66.6105 61.9394 44.4204 101.412 93.9478 57.8162 35.6033 23.2312 12.9958 40.1222 23.2099 31.0072 23.5421 56.5491 13.2455 12.3721 36.1316
internal_count=6543 1044 5499 747 4752 4545 3368 2970 1177 1128 469 432 398 278 358 207 381 686 508 136 92 72 183 119 142 110 301 51 44 178
is_linear=0
shrinkage=0.05


Tree=55
num_leaves=31
num_cat=0
split_feature=12 7 5 12 0 12 1 0 7 10 13 20 20 20 11 3 13 19 10 0 0 1 0 19 13 0 3 1 19 16
split_gain=16.4224 9.13457 8.13046 7.04815 10.6897 10.7334 9.39672 6.91717 16.0643 13.143 6.81509 6.76198 15.4114 12.7361 6.09852 5.56097 3.54142 3.1991 3.0003 3.2083 4.73822 2.99529 4.81739 3.93759 2.88212 2.89748 2.80935 1.73053 1.41431 0.94527
threshold=1.2916825967753054 14.500000000000002 40.500000000000007 0.9832240605314605 160.05000000000004 0.66114490960797645 426.89500000000004 12170.160000000002 24.500000000000004 104.54209445585217 0.99315002814631026 785.50000000000011 724.50000000000011 967.50000000000011 40.509240246406577 24.450000000000006 0.92108481241487195 106.50000000000001 92.024640657084205 392.42000000000002 1338.8050000000003 1868.6550000000002 1017.8550000000001 200.00000000000003 0.11712756316848497 1424.3650000000002 341.67000000000002 8869.0000000000018 52.500000000000007 10.406593406593409
decision_type=10 8 10 8 10 10 10 8 8 8 10 2 2 2 8 10 10 2 10 10 10 8 8 2 8 10 10 10 2 8
left_child=2 14 3 4 -1 6 -6 8 9 -5 -10 12 -9 -13 28 -7 18 26 19 -3 -21 22 23 -16 25 -23 -4 -26 -2 -19
right_child=1 16 17 7 5 15 -8 11 10 -11 -12 13 -14 -15 21 -17 -18 29 -20 20 -22 24 -24 -25 27 -27 -28 -29 -30 -31
leaf_value=0.097654012465134277 0.011366202209161571 -0.045205222603991596 -0.024533440004351415 0.0050572365365709965 -0.019896779672853134 0.036957099378963854 0.008782380724169812 0.0053251213966952898 -0.029352716711702871 -0.0082922524426698938 0.025646192370734816 0.044324274996918926 -0.049407946856324922 -0.0046363373898150916 0.028570528924348512 0.0075129703684704563 0.034456647167348774 0.051897526158276544 0.015614249574443982 0.02269382030141439 -0.043201011983378647 -0.018036464960844965 -0.04459625270600899 -0.028860437946988084 0.046647413717819754 0.042621872376217486 0.039079103347004915 0.0019765319458723814 0.051881870988188 0.023125549261641402
leaf_weight=3.2613263726234427 2.3593682758510139 7.7602446824312272 4.0490391105413464 333.6723872795701 47.143402919173241 33.391074061393738 72.463160865008831 138.15111890435219 77.962963033467531 412.07401069998741 6.0711470693349829 27.799094587564468 14.18145205080509 25.436104506254196 13.793536141514783 30.852748937904835 5.4895219020545474 10.231392808258532 8.2773020267486555 6.8582890406250936 4.529947891831398 5.1106134057045001 4.0075785517692557 3.8086316585540763 16.268937215209011 3.2022635266184807 3.0378231853246689 2.5014063417911521 24.741334944963455 3.9593892842531195
leaf_count=12 30 38 27 1597 191 122 268 559 397 1978 23 107 61 103 75 142 30 90 31 28 32 31 17 22 129 22 28 17 309 27
internal_value=0.00115581 0.0197921 -0.000473096 -0.00100644 0.00792421 0.00633249 -0.00252162 -0.00262042 -0.00465459 -0.00231924 -0.0253793 0.00559056 0.000229728 0.0209306 0.0293434 0.0228167 -0.00220161 0.030169 -0.0095391 -0.0204121 -0.00351745 0.0187625 0.0048796 0.016144 0.0298398 0.00533017 0.00273443 0.0406944 0.0483546 0.0438698
internal_weight=1352.45 108.709 1243.74 1222.46 187.112 183.85 119.607 1035.35 829.781 745.746 84.0341 205.568 152.333 53.2352 75.7937 64.2438 32.9153 21.2776 27.4258 19.1485 11.3882 48.693 21.6097 17.6022 27.0832 8.31288 7.08686 18.7703 27.1007 14.1908
internal_count=6543 811 5732 5560 735 723 459 4825 3995 3575 420 830 620 210 652 264 159 172 129 98 60 313 114 97 199 53 55 146 339 117
is_linear=0
shrinkage=0.05


Tree=56
num_leaves=31
num_cat=0
split_feature=12 11 15 11 6 10 13 19 9 9 8 1 19 13 6 7 13 9 16 1 11 8 20 0 20 10 0 13 13 19
split_gain=15.2741 9.06285 7.35853 9.40631 9.22995 8.69454 14.2852 21.1359 13.2787 12.2215 7.27442 7.18506 6.68088 6.32441 5.5759 5.0516 4.32123 5.38509 6.48714 5.08578 4.29048 3.8565 3.70946 4.44673 3.93213 3.35409 5.04978 3.66031 3.1918 3.03674
threshold=1.1201398545092089 -1.4784394250513346 3.0112936344969206 -6.9815195071868574 -1.0000000180025095e-35 53.963039014373727 1.0320426231678959 144.50000000000003 28.960985626283371 88.476386036960989 16.500000000000004 2546.0200000000004 23.000000000000004 0.035852942327438728 11.500000000000002 1.5000000000000002 0.55854318774021894 82.496919917864489 0.43257204500222757 844.37000000000012 40.509240246406577 16.500000000000004 724.50000000000011 1183.7900000000002 506.50000000000006 59.515400410677621 392.42000000000002 0.72466495397621167 0.12379801781887183 127.50000000000001
decision_type=10 10 10 10 10 8 8 2 10 10 10 10 2 8 10 8 8 10 8 8 10 8 2 8 2 10 10 8 10 2
left_child=2 15 4 16 5 8 7 -7 13 -10 12 -8 -5 -1 -14 22 17 18 -4 -18 21 -3 24 -24 -2 26 27 -17 -22 -23
right_child=1 20 3 10 -6 6 11 -9 9 -11 -12 -13 14 -15 -16 25 19 -19 -20 -21 28 29 23 -25 -26 -27 -28 -29 -30 -31
leaf_value=0.011389001853204031 0.015860738950236122 0.046792560143939871 -0.028518157032675545 0.054426497957246314 -0.028366916625281093 -0.022897602569581677 3.4242514895736123e-05 0.0058329050169100829 0.02263340636627716 -0.02548586287437235 0.052285379171109626 0.033179684767542961 0.0048869257059374442 -0.026178393878523932 0.040332462926375462 -0.070958470632912871 -0.062895783939755895 -0.051598553103224344 0.038354416544716045 -0.010526026091490587 -0.028376910874765383 -0.034754278692154542 0.010158941449278723 -0.051613260832500077 0.051734715171307483 0.010149093508864001 0.0049825278584808286 -0.015477813426637352 0.033218819112918643 0.02896833175363249
leaf_weight=16.858526162803173 26.590851403772831 34.715474050492048 5.748297855257988 7.7086206600069991 34.117731839418411 186.61253656819463 430.86415238678455 97.438205696642399 109.95469062030315 14.995104894042013 10.064118318259714 16.99511481821537 187.32817412167788 33.395701169967651 11.793639525771139 5.5718946009874353 8.1497267559170741 3.9646095782518378 9.8253795355558413 10.752338901162146 4.5122572705149633 2.6651341766118986 17.587546400725845 3.4917726069688788 10.717107750475405 17.949379503726959 11.576859891414641 6.3733123242855081 3.9392769187688828 6.2639766745269299
leaf_count=111 137 388 26 40 199 1047 1698 412 414 59 58 59 940 206 69 31 49 22 41 49 30 20 97 22 66 74 55 29 45 50
internal_value=0.00110229 0.0160347 -0.000794012 0.00673417 -0.00283624 -0.001876 -0.004271 -0.0130421 0.00812905 0.0168587 0.0107743 0.00129203 0.00875441 -0.0135759 0.0069863 0.00721499 -0.0160616 0.000427249 0.0136715 -0.0331055 0.0329405 0.0392548 0.0166928 -7.35753e-05 0.0261659 -0.0061287 -0.0185501 -0.041357 0.000332982 0.0099486
internal_weight=1348.52 151.955 1196.57 255.335 941.232 907.114 731.91 284.051 175.204 124.95 216.895 447.859 206.83 50.2542 199.122 99.8587 38.4404 19.5383 15.5737 18.9021 52.0961 43.6446 58.3873 21.0793 37.308 41.4714 23.5221 11.9452 8.45153 8.92911
internal_count=6543 1044 5499 1294 4205 4006 3216 1459 790 473 1107 1757 1049 317 1009 511 187 89 67 98 533 458 322 119 203 189 115 60 75 70
is_linear=0
shrinkage=0.05


Tree=57
num_leaves=31
num_cat=0
split_feature=12 7 5 19 19 12 10 12 7 0 11 12 11 20 19 0 9 19 20 0 19 20 20 9 20 19 9 20 9 16
split_gain=14.1369 8.28846 7.29311 7.11526 24.1878 8.2936 10.9928 10.0827 6.69392 10.8638 6.55161 6.4112 5.66662 4.75248 4.57817 4.76819 4.21798 3.56209 5.19734 3.19699 3.12565 2.53257 4.17149 2.33596 2.17059 2.68181 2.66769 2.44335 1.07563 0.944419
threshold=1.2916825967753054 1.5000000000000002 40.500000000000007 106.50000000000001 111.50000000000001 0.96707034465020592 60.008213552361404 0.47464262589030198 33.500000000000007 1.0000000180025095e-35 76.517453798767988 0.057557887974463574 40.509240246406577 492.50000000000006 74.000000000000014 3935.7850000000003 35.498973305954827 145.50000000000003 454.00000000000006 392.42000000000002 106.50000000000001 665.00000000000011 233.50000000000003 95.507186858316246 111.50000000000001 211.50000000000003 79.474332648870657 724.50000000000011 146.44763860369611 10.406593406593409
decision_type=10 8 10 2 2 10 8 10 8 10 10 10 8 2 2 8 8 2 2 10 2 2 2 10 2 2 10 2 8 8
left_child=2 12 3 8 21 7 -7 -6 10 13 11 -1 -2 -10 28 17 -11 18 -16 -19 23 22 -5 -4 -14 27 -27 -26 -3 -22
right_child=1 14 20 4 5 6 -8 -9 9 16 -12 -13 24 -15 15 -17 -18 19 -20 -21 29 -23 -24 -25 25 26 -28 -29 -30 -31
leaf_value=-0.016838648367965767 0.051123933000547961 -0.055987555118339964 -0.0267600745835141 -0.074053587421411687 0.00030620918069618793 0.0021509054457387721 -0.011906795076171662 0.022669397903105442 -0.0071076251219289264 -0.0031844221254339528 -0.05344308377509234 0.013650137981978623 -0.0065281170618896878 0.030231931029479565 -0.01466790024583061 0.05756009098890557 -0.045568111563159604 -0.032306280226266117 0.059391929132037585 0.0079016876730018237 0.051279352322886176 -0.072883033127820324 -0.01240968899907815 0.031128997510169898 0.04247344398190369 -0.032593827322868571 0.028882279755065045 0.012754352289484247 -0.017340439546047064 0.022121988229637637
leaf_weight=18.843193173408508 21.077305316925049 3.2982695885002604 3.5298863947391537 4.7867285460233706 284.01698473840952 253.13864562660456 308.59920396655798 61.276310548186302 18.565219327807426 8.5582035183906573 4.0077720098197451 202.96979323029518 6.7616431824862948 15.75186514854431 4.2463611029088515 4.3759712912142268 18.689027450978756 9.0818095207214373 5.3581389524042606 10.850119419395922 9.7523312009870988 10.492767050862311 6.432351291179657 3.4418615028262138 17.946309003978971 3.7023607119917861 3.3717550374567509 11.252346221357582 3.964451365172863 3.8829736709594718
leaf_count=72 288 20 29 22 1117 1190 1551 245 72 56 36 967 38 58 25 39 94 45 25 64 90 49 31 26 127 22 25 73 20 27
internal_value=0.00105277 0.0186408 -0.00044455 -0.000944362 -0.00307182 -0.0018234 -0.00557191 0.00427482 0.00593093 -0.00868396 0.00991532 0.0110601 0.0298835 0.0100316 0.00113548 0.00885107 -0.0322556 0.00163458 0.0266484 -0.0104187 0.0290519 -0.0552253 -0.0387107 0.00181901 0.0194804 0.0243287 -0.0032923 0.0310205 -0.0348915 0.0429761
internal_weight=1342.02 105.287 1236.74 1216.13 928.743 907.031 561.738 345.293 287.385 61.5643 225.821 221.813 64.1117 34.3171 41.1751 33.9124 27.2472 29.5364 9.6045 19.9319 20.6071 21.7118 11.2191 6.97175 43.0344 36.2728 7.07412 29.1987 7.26272 13.6353
internal_count=6543 811 5732 5560 4205 4103 2741 1362 1355 280 1075 1039 573 130 238 198 150 159 50 109 172 102 53 55 285 247 47 200 40 117
is_linear=0
shrinkage=0.05


Tree=58
num_leaves=31
num_cat=0
split_feature=15 11 11 11 11 15 20 8 10 20 20 17 11 8 10 11 2 10 9 15 15 9 9 10 9 9 2 9 15 15
split_gain=12.3329 10.3784 7.36103 7.0105 7.86245 9.35807 6.79564 12.6647 6.64343 6.0239 8.62776 5.14554 4.95029 4.88581 4.2763 3.84312 3.57227 4.47714 3.40089 3.234 3.15028 2.81713 2.20335 2.26997 2.0235 7.30802 4.74687 2.16873 1.87879 2.42433
threshold=17.494866529774132 8.5256673511293659 70.981519507186874 -1.9548254620123202 -1.0000000180025095e-35 11.995893223819303 19.000000000000004 3.5000000000000004 20.977412731006165 446.50000000000006 476.50000000000006 1.0000000180025095e-35 5.5195071868583172 78.000000000000014 38.981519507186867 1.4948665297741275 290.9500000000001 46.012320328542103 56.492813141683783 24.459958932238198 33.51129363449693 57.494866529774136 55.474332648870643 45.026694045174544 95.507186858316246 73.938398357289543 1741.0050000000003 49.478439425051342 45.997946611909661 86.506160164271066
decision_type=10 10 10 8 8 8 2 8 8 2 2 8 8 8 8 8 10 8 8 10 10 10 8 8 8 10 10 10 10 10
left_child=2 9 3 18 5 -5 7 -6 -8 12 11 20 22 24 -13 21 -14 -18 -1 -17 -11 -12 -2 -24 25 27 -27 -3 -26 -30
right_child=1 13 -4 4 6 -7 8 -9 -10 10 15 14 16 -15 -16 19 17 -19 -20 -21 -22 -23 23 -25 28 26 -28 -29 29 -31
leaf_value=0.0038159615913919221 0.04937510642292775 0.020017848185064704 -0.058793763797194448 0.069452151272464804 -0.042682137677565818 -0.018988187560629744 0.019416429641899689 0.0011064220617744373 -0.00043093247585477938 0.017957501299489798 0.009767643896715781 -0.06629522320025176 -0.043455837770626254 -0.01422311638348308 -0.0029908982214908535 -0.010947795867190824 0.042182260742864887 -0.014305311844400218 -0.04185986965286996 0.027290726735227575 -0.032132991246866832 -0.033381542421173853 0.0023108635010449059 0.030763385603876266 0.056976272728013214 -0.065765180569418324 0.03067828933056866 0.055309440754897771 0.010390417760055155 0.046447373439321211
leaf_weight=5.5822913348674801 8.5399151779711229 8.2987077496945911 5.4754356928169718 8.5014114081859571 26.802230983972549 4.6146354675292978 44.031345300376415 43.010947167873383 993.39722163975239 6.8888740539550799 7.3465357944369298 9.885837029665705 4.4314231276512173 5.7313369512557975 3.6536843553185472 7.2251886464655426 5.753251034766433 8.9876369871199131 15.096002019941805 23.558745078742504 5.7663313895463943 7.7977187186479568 10.874694008380176 19.725188713520765 13.021218072623013 3.2750163637101641 2.0901022478938103 9.1559258885681611 7.6075051277875927 12.03948041051626
leaf_count=30 50 71 54 33 129 25 183 184 4512 33 32 49 25 27 23 46 29 55 106 151 30 38 56 99 114 30 24 88 76 141
internal_value=0.00100375 0.012744 -0.000958789 -0.000681259 -0.000148815 0.0383361 -0.000604695 -0.0157046 0.000411445 0.00477284 -0.00488888 -0.0277878 0.0167229 0.0297276 -0.0492123 0.00817132 -0.0040922 0.00774134 -0.0295293 0.0183159 -0.00486618 -0.0124497 0.026919 0.0206518 0.0342672 0.0228429 -0.0281935 0.0385303 0.0422474 0.0324858
internal_weight=1338.17 191.654 1146.51 1141.04 1120.36 13.116 1107.24 69.8132 1037.43 130.435 72.1229 26.1947 58.3121 61.2193 13.5395 45.9282 19.1723 14.7409 20.6783 30.7839 12.6552 15.1443 39.1398 30.5999 55.488 22.8198 5.36512 17.4546 32.6682 19.647
internal_count=6543 1287 5256 5202 5066 58 5008 313 4695 716 402 135 314 571 72 267 109 84 136 197 63 70 205 155 544 213 54 159 331 217
is_linear=0
shrinkage=0.05


Tree=59
num_leaves=31
num_cat=0
split_feature=12 7 15 11 10 0 1 10 0 8 3 1 8 3 12 11 0 1 20 11 10 15 19 19 20 0 1 12 11 10
split_gain=12.9044 7.67787 7.56492 10.6133 7.66779 7.13003 9.33024 16.8256 8.16796 7.99165 15.0792 12.8407 5.79013 6.86272 7.69 5.56276 4.21897 3.19569 3.72665 2.77468 2.75403 2.63036 2.62786 3.24894 4.79237 2.86654 2.45465 3.34509 2.34636 3.47158
threshold=1.2916825967753054 1.5000000000000002 3.4825462012320334 -1.4784394250513346 115.99178644763862 2598.4600000000005 425.80000000000007 1.9712525667351131 430.22500000000008 3.5000000000000004 inf 11043.710000000001 16.500000000000004 2916.3650000000002 1.0225650300957059 40.509240246406577 3935.7850000000003 844.37000000000012 164.50000000000003 85.50308008213554 21.96303901437372 140.48459958932241 74.000000000000014 145.50000000000003 454.00000000000006 392.42000000000002 1868.6550000000002 2.968351265636866 -3.9917864476386034 48.969199178644772
decision_type=10 8 10 10 10 8 10 10 10 8 8 8 10 8 10 8 8 8 2 8 8 8 2 2 2 10 10 8 10 10
left_child=2 15 4 17 5 6 7 -1 -8 10 -7 -11 13 14 -5 -2 22 18 -4 -6 -20 -17 -3 24 -24 -25 27 -23 29 -19
right_child=1 16 3 12 19 9 8 -9 -10 11 -12 -13 -14 -15 -16 21 -18 28 20 -21 -22 26 23 25 -26 -27 -28 -29 -30 -31
leaf_value=-0.014771891967496807 0.050793859033997794 -0.033377879829519272 0.014858143824235432 0.0085825542584559381 -0.0086702177720665696 0.0046846399883037687 0.052383121835635482 0.0031004681458065291 0.0032443980469401162 -0.063289942582594252 0.078657788391672256 0.0041293152072223093 0.047474708324756934 -0.04000967395710097 0.041049280443763533 0.047587058961568007 0.044797236744556795 0.014718414863614783 -0.0041128145727054545 -0.066343083845592621 -0.045649605941387367 0.015179202337101141 -0.013908709379327734 -0.03074067400519756 0.057447229975370828 0.0074386930383964827 0.044762600491426288 -0.029868087032871245 -0.030721014333435666 -0.025567333703248197
leaf_weight=332.96956001967192 19.907101154327393 6.5837510339915744 4.7027713805437115 168.30994358658791 3.1093546822667104 21.068827979266647 8.9543590545654279 217.84599126875401 152.19089395552874 7.3124446198344222 10.236419245600699 206.65247255563736 11.10378699749708 6.5369083955883971 20.455064538866282 6.6660240478813648 4.8622286692261687 20.714472591876987 5.4500941634178188 6.3334870636463165 14.902372673153875 25.513466116040949 4.2517420724034327 9.0304182916879672 5.2691584080457687 10.791301298886536 5.3041005693376055 4.9149585589766493 5.7640145868062964 7.2086657881736746
leaf_count=1604 288 36 19 882 17 106 31 1012 621 34 33 831 72 32 136 71 43 85 24 45 87 150 25 45 25 64 33 31 25 36
internal_value=0.00095734 0.0179503 -0.000464841 0.00701675 -0.00251696 -0.00207467 -0.00460747 -0.00770342 0.00597489 0.00527746 0.0288729 0.0018252 0.0123534 0.0103566 0.0121007 0.0289905 0.00108602 -0.0117347 -0.0252573 -0.0473525 -0.0345267 0.0187534 -0.0048298 0.00157567 0.0255819 -0.00995514 0.0133743 0.00790293 -0.00167715 0.00431821
internal_weight=1334.92 103.094 1231.82 265.148 966.674 957.231 711.961 550.816 161.145 245.27 31.3052 213.965 206.406 195.302 188.765 62.3057 40.7886 58.7424 25.0552 9.44284 20.3525 42.3985 35.9264 29.3426 9.5209 19.8217 35.7325 30.4284 33.6872 27.9231
internal_count=6543 811 5732 1398 4334 4272 3268 2616 652 1004 139 865 1122 1050 1018 573 238 276 130 62 111 285 195 159 50 109 214 181 146 121
is_linear=0
shrinkage=0.05


Tree=60
num_leaves=31
num_cat=0
split_feature=12 8 19 9 10 19 10 15 11 10 19 11 12 13 13 3 1 1 1 3 20 12 13 13 20 1 19 10 1 11
split_gain=11.9466 7.75836 6.51646 6.93264 9.23628 7.51699 9.29638 13.1491 7.17334 9.39304 6.4683 4.5645 4.61638 7.63736 4.0163 4.89561 3.97887 4.94594 4.49825 3.86028 3.62673 2.97631 2.46241 3.63827 2.15082 3.33902 1.87351 2.55669 1.73743 1.3206
threshold=1.1136205917848911 1.5000000000000002 24.500000000000004 16.969199178644768 19.498973305954831 144.50000000000003 118.98151950718687 13.946611909650926 -1.0000000180025095e-35 53.963039014373727 53.500000000000007 40.509240246406577 1.2049240975712945 0.72466495397621167 0.66588883223777484 669.54000000000008 207.01500000000001 410.47000000000008 5677.4350000000004 143.63500000000002 67.000000000000014 1.3054921008360847 0.02091371501156122 0.010298687123454551 981.50000000000011 2370.3000000000006 138.00000000000003 17.478439425051338 14760.735000000002 16.016427104722798
decision_type=10 8 2 8 10 2 8 10 8 10 2 8 10 10 10 8 8 8 10 8 2 10 8 10 2 10 2 8 10 8
left_child=2 11 19 4 26 6 10 -8 -7 -10 -5 12 13 -2 24 -16 -3 -18 20 -1 -19 -17 23 -6 25 -13 -4 -28 -20 -21
right_child=1 16 3 5 22 8 7 -9 9 -11 -12 14 -14 -15 15 21 17 18 28 29 -22 -23 -24 -25 -26 -27 27 -29 -30 -31
leaf_value=0.061722432780261308 0.064851752377890315 -0.05512414861782481 -0.017457414092956775 -0.012225934197295008 -0.039406068336828914 0.051106534188906177 -0.0095995253071977371 0.019620739979091154 0.0077422517251382883 -0.017496362131814085 0.0077554316511283059 0.0080483481053653695 0.052705052758705254 -0.035548688145941219 0.069435555593174256 -0.019879609274285715 0.046620840006180428 0.036547999853799265 0.014662305513902119 0.034594975121608806 -0.011351661180657857 0.042363350404029776 -0.055512919847223396 0.037063960304151732 -0.022544760087312116 0.062964624543274741 0.048941765874747953 -0.0034639886535703917 0.067199309700782139 0.0011109497482157732
leaf_weight=5.9532129988074329 3.3119682483375099 3.03308381140232 4.335013158619403 49.326796606183052 6.6679880283772963 8.4737329483032209 470.15546748042107 41.934612058103085 288.50299689918756 42.265835590660572 226.39772536605597 35.513326141983271 20.686020497232676 4.4246043413877487 6.8456713184714291 3.8353468924760827 5.9972076825797549 4.3676896728575221 3.535924080759286 4.5696754753589603 41.497834976762533 3.8470938578248024 13.852564953267573 2.0286588072776794 4.9947393909096709 3.0019146353006354 4.5840757042169544 4.7274895310401925 2.8357440531253815 8.2805829867720604
leaf_count=31 27 13 23 246 66 32 2197 207 1172 228 1034 200 289 26 38 18 26 26 30 23 241 36 135 17 31 23 18 23 28 39
internal_value=0.000913965 0.0143197 -0.000761419 -0.00123342 -0.0227724 -0.000541683 -0.00322123 -0.0072067 0.00568097 0.00451725 0.00418079 0.0239653 0.0403818 0.00743198 0.0159257 0.038688 0.00070779 0.00361574 -0.00132155 0.028438 -0.00679026 0.0112895 -0.0424212 -0.021568 0.00832528 0.0123286 0.00969464 0.0223353 0.0380442 0.0130182
internal_weight=1329.78 147.728 1182.06 1163.25 36.1958 1127.06 787.815 512.09 339.243 330.769 275.725 86.4607 28.4226 7.73657 58.0381 14.5281 61.2675 58.2344 52.2372 18.8035 45.8655 7.68244 22.5492 8.69665 43.51 38.5152 13.6466 9.31157 6.37167 12.8503
internal_count=6543 1052 5491 5398 282 5116 3684 2404 1432 1400 1280 688 342 53 346 92 364 351 325 93 267 54 218 83 254 223 64 41 58 62
is_linear=0
shrinkage=0.05


Tree=61
num_leaves=31
num_cat=0
split_feature=12 7 15 11 11 19 19 20 7 13 12 20 11 20 11 7 16 10 17 7 2 0 12 19 0 17 13 19 20 0
split_gain=11.0062 6.70819 6.51291 8.6295 7.98881 8.73319 26.2331 9.28139 8.7312 11.1092 7.9141 6.17835 6.58457 5.47494 5.43919 5.1746 5.17342 5.07901 4.81256 4.62475 3.8619 7.59332 4.18316 3.79809 4.09948 2.89982 4.39021 2.88629 4.5772 2.61769
threshold=1.2916825967753054 1.5000000000000002 17.494866529774132 8.5256673511293659 17.527720739219717 110.00000000000001 113.00000000000001 1043.5000000000002 33.500000000000007 1.1295796126678297 0.057557887974463574 446.50000000000006 5.5195071868583172 476.50000000000006 40.509240246406577 10.500000000000002 1.4438868613138689 48.969199178644772 1.0000000180025095e-35 inf 2840.3550000000005 3501.8450000000007 1.0000021407133715 74.000000000000014 3935.7850000000003 0.40394736842105267 0.75117748666144613 145.50000000000003 454.00000000000006 389.84000000000009
decision_type=10 8 10 10 10 2 2 2 8 8 10 2 8 2 8 8 10 10 8 8 10 8 10 2 8 10 10 2 2 8
left_child=2 14 4 11 5 8 -7 -8 10 -10 -1 12 -4 18 -2 20 -15 -14 -13 25 22 -22 -6 -3 27 26 -5 28 -25 -29
right_child=1 23 3 19 15 6 7 -9 9 -11 -12 13 17 16 -16 -17 -18 -19 -20 -21 21 -23 -24 24 -26 -27 -28 29 -30 -31
leaf_value=-0.015761197908146798 0.050248211066490515 -0.031774101270098387 0.02631959174245407 0.02993147677031617 -0.026010608772661231 -0.063843574605705916 -0.0026878745818668393 0.030408295720690676 -0.041148726596284296 0.00600640241915972 0.018931886701314474 -0.0051329356168974679 0.0064341208310720131 0.013559769804967703 0.01746133937583574 -0.070441366428674601 -0.028532878985934335 -0.053560193709508958 -0.048828416309342891 -0.027879611515098643 0.072489534582017665 -0.011101603929313128 0.014492097447534023 -0.014040573736635706 0.055646914712300814 0.055130683725353472 -0.037320445290319242 -0.029107423121584819 0.055977898547945298 0.0074603927433676154
leaf_weight=18.739693284034729 18.21935511380434 7.21900700777769 36.116605971008539 29.857765953987837 47.535054251551628 17.391674146056175 735.15236426889896 21.812006585299969 17.660302646458149 42.663060076534748 133.8506688401103 12.624556086957456 11.751595944166185 29.057469338178635 41.377598632127047 4.3630265630781642 9.7487484626471979 5.0410530716180793 12.581453137099741 3.5216084271669379 3.4981410354375813 12.162603177130222 7.362307980656623 4.2423169538378733 4.0098468996584407 10.106994736939667 2.6413780935108653 8.9631363153457659 5.1890120469033718 10.77990912273526
leaf_count=72 288 40 176 240 300 83 3247 84 103 170 569 63 59 142 285 27 53 29 65 13 17 72 30 25 39 97 21 45 25 64
internal_value=0.000872209 0.0168219 -0.000429552 0.00887486 -0.00185781 -0.000663284 -0.00312915 -0.00173421 0.00830495 -0.00779876 0.0146712 0.00164987 0.0142921 -0.00879958 0.0274846 -0.0175986 0.00298542 -0.0115758 -0.0269433 0.0271883 -0.014331 0.00757015 -0.0205788 0.00109378 0.00824397 0.0317399 0.0244656 0.00172871 0.0244828 -0.00914101
internal_weight=1325.24 100 1225.24 163.049 1062.19 987.27 774.356 756.964 212.914 60.3234 152.59 116.921 52.9093 64.0122 59.597 74.9211 38.8062 16.7926 25.206 46.1277 70.5581 15.6607 54.8974 40.4032 33.1842 42.6061 32.4991 29.1744 9.43133 19.743
internal_count=6543 811 5732 958 4774 4328 3414 3331 914 273 641 587 264 323 573 446 195 88 128 371 419 89 330 238 198 358 261 159 50 109
is_linear=0
shrinkage=0.05


Tree=62
num_leaves=31
num_cat=0
split_feature=12 15 11 20 11 19 19 11 8 13 12 8 11 11 16 15 17 20 1 11 11 11 20 17 19 2 15 15 2 0
split_gain=10.1092 5.94016 8.07765 7.61561 7.28917 7.88645 24.3961 8.74691 7.75229 10.6467 7.18698 5.74268 6.45785 5.6858 5.45858 7.38508 5.12925 4.79613 4.60465 4.13298 4.06985 7.08391 4.66949 3.68541 3.54949 4.55688 3.30095 2.86847 3.24961 3.74543
threshold=1.2916825967753054 17.494866529774132 3.4989733059548258 446.50000000000006 17.527720739219717 110.00000000000001 113.00000000000001 -1.9548254620123202 44.500000000000007 1.1295796126678297 0.057557887974463574 5.5000000000000009 40.509240246406577 2.4969199178644765 1.0004440497335703 24.459958932238198 0.48096385542168679 153.50000000000003 302.32000000000005 14.997946611909653 20.533880903490765 22.981519507186864 80.000000000000014 0.28991596638655465 103.50000000000001 4383.9300000000012 67.018480492813154 140.48459958932241 431.24500000000006 701.50500000000011
decision_type=10 10 10 2 10 2 2 8 8 8 10 8 8 8 10 10 10 2 8 10 10 10 2 10 2 10 10 8 10 10
left_child=1 4 3 13 5 8 -7 -8 10 -10 -1 12 -2 -3 15 -5 17 19 -16 -4 -6 -22 -23 -15 -13 -26 -19 -14 -29 -30
right_child=11 2 16 14 20 6 7 -9 9 -11 -12 24 27 23 18 -17 -18 26 -20 -21 21 22 -24 -25 25 -27 -28 28 29 -31
leaf_value=-0.015007308272776451 0.050282367191826383 0.025906260468825999 -0.044198676081038717 -0.033001759685269964 -0.043676272173023188 -0.062326704844939976 -0.037207553165315752 -0.00083559086090673152 -0.039006840894874419 0.0064310710240916601 0.018111801137804775 -0.029420313110725127 0.046549487834823856 0.0066537422360625903 0.010529228929210131 0.023200152955735076 0.048569849184417098 0.026846489561586525 -0.044084033291102762 0.020943806567597242 0.02128235225371243 0.021824738104995023 -0.025948151410972176 -0.050486552897448501 -0.0022929704439298777 0.043314186893784315 -0.0084117878615670456 0.039830834728412826 -0.018946927033408285 0.017471448421947908
leaf_weight=18.698108211159706 18.611221291124821 29.577878549695015 5.8255761265754682 9.58355411142111 11.89638030529022 16.935799017548561 16.907351553440094 739.73262682557106 18.305750109255314 43.590911947190762 132.15988457202911 7.6820181347429743 6.1287723332643509 7.488079793751238 4.8926591873168972 14.984034158289431 13.658835057169197 40.407063100486994 18.278980612754822 4.1833405345678329 12.870431602001188 5.7930378913879386 43.702323738485575 4.5284460261464119 22.781364988535646 7.2104977518320075 7.9432497881352893 7.1125669926404944 12.210202172398569 16.737614467740059
leaf_count=72 301 140 33 51 67 83 116 3215 108 173 561 45 70 33 24 67 126 273 90 32 60 32 287 27 115 59 62 43 74 104
internal_value=0.000832261 -0.000409701 0.0085281 -0.00151664 -0.00176944 -0.000632055 -0.00297676 -0.00164833 0.00789328 -0.00700705 0.0140068 0.0162435 0.0257481 0.0141233 -0.0151435 0.00127639 0.0209879 0.0145325 -0.0325525 -0.0169716 -0.0168759 -0.0117637 -0.0203567 -0.0148797 0.000904406 0.00867168 0.0210541 0.014925 0.0095502 0.00211016
internal_weight=1320.42 1221.94 161.352 89.3336 1060.59 986.33 773.576 756.64 212.755 61.8967 150.858 98.4743 60.8004 41.5944 47.7392 24.5676 72.0181 58.3592 23.1716 10.0089 74.2622 62.3658 49.4954 12.0165 37.6739 29.9919 48.3503 42.1892 36.0604 28.9478
internal_count=6543 5732 958 432 4774 4328 3414 3331 914 281 633 811 592 200 232 118 526 400 114 65 446 379 319 60 219 174 335 291 221 178
is_linear=0
shrinkage=0.05


Tree=63
num_leaves=27
num_cat=0
split_feature=12 5 7 8 20 9 10 10 10 9 2 2 12 11 2 17 20 9 11 9 17 17 12 3 16 8
split_gain=9.40097 7.31007 6.29586 6.04459 6.65851 5.93587 6.71128 6.16252 7.5183 7.18754 5.90789 5.16821 4.25977 5.2653 3.57356 4.16768 3.36344 3.01393 2.75401 2.54969 2.40562 2.10328 0.0179285 0.00392288 0.00120606 0.000206086
threshold=1.1136205917848911 154.50000000000003 1.5000000000000002 25.500000000000004 1068.5000000000002 16.969199178644768 19.498973305954831 40.000000000000007 43.006160164271058 60.50102669404518 381.04500000000002 265.94000000000005 1.2748015277256342 40.509240246406577 11918.360000000002 0.63068181818181823 589.00000000000011 90.480492813141709 20.024640657084195 101.47022587268997 0.16954022988505749 0.080128205128205135 1.2519778947368423 397.75500000000005 0.034679322254101842 5.5000000000000009
decision_type=10 8 8 10 2 8 10 8 8 10 10 10 10 8 8 8 2 10 8 8 8 8 10 10 8 10
left_child=3 21 11 4 5 6 10 9 -9 -7 -1 -3 19 -14 15 -4 -5 -17 -18 -13 -8 -2 23 -23 -24 -26
right_child=1 2 14 16 -6 7 20 8 -10 -11 -12 12 13 -15 -16 17 18 -19 -20 -21 -22 22 24 -25 25 -27
leaf_value=-0.035758284780848346 -0.0062038539891400013 0.061802152507015089 -0.052564449515395587 -0.0047161183303884085 0.052317108227311053 0.012318371757413085 -0.016805675126781477 -0.03705645452311003 -0.0020101984498508518 -0.0072946450544109313 0.032807629637866917 0.024531871886086978 0.053086357912129289 0.01370367591085395 0.03814088923988853 0.009511115586799776 0.074248785376047302 -0.017125748655506208 0.024658226065845223 -0.014629376847911157 -0.051205352118104022 0.058072314203924016 0.054034718807019849 0.054879119432518657 0.052075708792615284 0.052676410311955579
leaf_weight=5.1042905971407881 1.6582067795097799 6.2516283690929404 4.7974698320031157 5.1903081312775639 5.8010497353970996 160.6236000135541 8.0171345323324221 15.57606580853462 872.88890989497304 65.867986384779215 8.1704667508602125 5.6517337113618877 10.924683656543495 38.034693226218224 4.5210330486297599 21.904388442635536 4.5202834904193852 20.613062910735607 7.3551068305969247 15.709110520780085 13.883279532194136 1.9802086018025886 1.0379684939980505 1.8702179268002508 5.9219712875783426 1.8814338855445383
leaf_count=28 22 29 33 26 26 718 78 76 3988 317 35 25 171 257 31 110 26 93 32 75 141 18 12 22 122 32
internal_value=0.000794253 0.0129091 0.00912674 -0.000680162 -0.00111628 -0.00138578 -0.021609 -0.000747774 -0.00262461 0.00661454 0.00644328 0.018236 0.0143629 0.0224914 -0.00432941 -0.00838753 0.0288597 -0.00340281 0.0435345 -0.00426794 -0.0386126 0.0467546 0.0536737 0.0565213 0.0524335 0.0522205
internal_weight=1315.76 142.758 128.408 1173 1155.93 1150.13 35.1752 1114.96 888.465 226.492 13.2748 76.5718 70.3202 48.9594 51.836 47.3149 17.0657 42.5175 11.8754 21.3608 21.9004 14.35 12.6918 3.85043 8.84137 7.80341
internal_count=6543 1052 824 5491 5407 5381 282 5099 4064 1035 63 557 528 428 267 236 84 203 58 100 219 228 206 40 166 154
is_linear=0
shrinkage=0.05


Tree=64
num_leaves=31
num_cat=0
split_feature=12 11 20 8 20 20 19 20 20 10 9 10 19 12 8 1 20 11 13 6 19 11 19 19 20 1 13 6 0 17
split_gain=8.59771 6.16509 5.62918 16.7551 7.34728 15.9981 8.80973 17.9725 19.3679 13.9446 10.4936 7.43227 8.40678 7.07707 6.03293 5.67161 4.58024 4.24172 4.21965 4.78015 4.17821 6.16357 4.81757 3.9949 6.12107 10.1469 5.52023 4.28474 3.85781 4.35208
threshold=1.1412698953516673 -1.4784394250513346 19.000000000000004 3.5000000000000004 157.00000000000003 263.50000000000006 144.50000000000003 105.00000000000001 42.500000000000007 27.975359342915812 52.468172484599599 94.488706365503091 144.50000000000003 0.15545369723448102 11.500000000000002 390.76000000000005 67.000000000000014 68.024640657084205 0.12379801781887183 45.500000000000007 43.500000000000007 11.498973305954827 149.50000000000003 138.00000000000003 297.50000000000006 1215.7700000000002 0.041844668760808959 -1.0000000180025095e-35 182.24000000000004 0.24404761904761907
decision_type=10 10 2 8 2 2 2 2 2 10 10 10 2 8 8 8 2 8 10 10 2 8 2 2 2 8 8 10 8 10
left_child=2 16 3 15 6 20 7 8 -4 -9 13 12 -7 -8 -12 -1 -2 -13 -3 -20 21 -6 -22 24 25 -18 -25 -28 -5 -30
right_child=1 18 4 28 5 11 10 9 -10 -11 14 17 -14 -15 -16 -17 23 -19 19 -21 22 -23 -24 26 -26 -27 27 -29 29 -31
leaf_value=0.0043815140142246505 0.040811253632030572 -0.0054038728317891208 0.071617765620426196 -0.041111499573140094 0.036127274719949871 -0.0018300744694010628 0.03393499019677549 0.10248426506272995 -0.0010698120540491329 0.00099915636442872327 0.054786606876135374 0.0019531051978899324 0.0089020531255748128 -0.030490871880041237 -0.013477098108603418 -0.055715387257450066 0.037118297161928486 -0.049000072222651458 0.040019584486839073 -0.055164968119004842 -0.038593020208429203 -0.022778309802417272 -0.0060223552495203038 0.03707666593614508 0.02806020342848279 -0.07248123695783236 -0.018561928756930423 0.035848952552675097 -0.0057688204204104383 0.025005791802168411
leaf_weight=4.7565287947654751 8.3468301184475404 7.4177920222282401 10.840183556079863 4.4630708247423163 6.6336988434195518 613.48794798925519 5.0029164701700202 10.477056726813315 59.280156895518303 5.0003599002957335 9.0588153153657878 6.2878151386976242 259.72371091321111 28.805224824696779 5.0358354225754747 22.482295572757721 3.9673995450139019 11.656398452818395 32.833088617771864 1.3742170445621003 42.046974543482065 13.433624267578127 15.552412644028662 6.1744670569896689 24.500510741025209 4.5152211785316476 38.840544320642948 3.9898855462670317 26.563811376690865 20.242614522576332
leaf_count=20 44 62 44 22 30 2943 17 44 271 26 41 31 1148 144 21 116 24 80 437 19 209 59 67 30 136 26 204 26 117 85
internal_value=0.000757325 0.0128615 -0.000595341 -0.0135312 0.000325961 -0.00118934 0.0113226 0.0209312 0.0101673 0.069697 -0.00584703 0.000707466 0.00136204 -0.0209572 0.0303969 -0.0452211 0.00552538 -0.0311456 0.0287825 0.0361957 -0.0229535 -0.00330576 -0.0297986 0.00193309 0.0153862 -0.0212205 -0.00712161 -0.0134933 0.00330522 0.00754043
internal_weight=1312.79 131.96 1180.83 78.5083 1102.32 968.823 133.501 85.5978 70.1203 15.4774 47.9028 891.156 873.212 33.8081 14.0947 27.2388 90.3349 17.9442 41.6251 34.2073 77.6667 20.0673 57.5994 81.988 32.9831 8.48262 49.0049 42.8304 51.2695 46.8064
internal_count=6543 1008 5535 360 5175 4567 608 385 315 70 223 4202 4091 161 62 136 490 111 518 456 365 89 276 446 186 50 260 230 224 202
is_linear=0
shrinkage=0.05


Tree=65
num_leaves=31
num_cat=0
split_feature=15 11 11 20 20 20 19 13 10 0 0 9 3 20 20 17 0 8 9 17 11 0 16 17 3 13 9 9 20 13
split_gain=7.3197 8.42946 6.3239 6.13313 6.84969 15.1605 9.7363 8.19062 6.25011 5.3979 5.12313 7.49375 4.98705 4.81014 6.49166 4.42391 4.47942 4.41981 3.83151 5.68446 4.14226 5.19232 3.56227 3.86618 3.31657 2.75974 2.17831 7.60872 2.59696 2.02391
threshold=17.494866529774132 8.5256673511293659 70.981519507186874 1043.5000000000002 958.50000000000011 913.50000000000011 62.000000000000007 0.99315002814631026 24.459958932238198 1385.4450000000002 257.04500000000002 7.4743326488706376 127.30500000000002 446.50000000000006 476.50000000000006 1.0000000180025095e-35 487.91000000000003 78.000000000000014 63.983572895277213 0.44590643274853808 -20.517453798767963 443.63000000000005 3.6510360592439937 0.70185185185185195 638.30000000000007 0.5057925596544296 73.938398357289543 84.501026694045194 665.00000000000011 0.81673020440437538
decision_type=10 10 10 2 2 2 2 10 8 10 8 10 8 2 2 8 8 8 10 8 10 8 10 8 10 10 10 8 2 10
left_child=2 13 3 4 5 8 -6 -8 -1 10 12 -12 -5 18 15 25 -17 26 19 -2 -20 -22 23 -16 -21 -15 29 -28 -29 -3
right_child=1 17 -4 9 6 -7 7 -9 -10 -11 11 -13 -14 14 22 16 -18 -19 20 24 21 -23 -24 -25 -26 -27 27 28 -30 -31
leaf_value=0.013135905645188142 -0.022084594607950425 0.042609475445422679 -0.057868179799001274 0.026417351749648932 0.053514867529899673 0.056249987317123086 -0.019589331514316924 0.050723054564380657 -0.0018478027078671526 -0.026990129831621714 0.048976870088662701 -0.0066736173153412043 -0.041816397224271967 0.0268277743334377 0.049017735178831123 -0.069041987678632927 -0.0091083515043181348 -0.015678773724530481 -0.02798602346164604 0.040478874390229215 -0.028672170150567 0.040273793649909323 -0.0386580938250864 0.0041099684207041966 -0.0074012438315121283 -0.022106347991685565 -0.052676325536125161 0.048069038659955661 -0.0026698241519880557 0.0038957201339092163
leaf_weight=75.554893508553505 5.5255265198647967 30.085636295378208 4.828783329576253 5.5997861996293041 5.1974346414208403 11.8444996625185 98.386261537671089 4.3238649368286124 882.55037432163954 6.0643347427248946 22.368788316845897 8.2915507927536947 5.1319860517978677 4.4985685721039799 5.5710880532860747 8.1174260377883876 5.0615552663803109 5.6095703169703475 9.2078123316168803 24.22766445949674 4.1658698171377155 7.9269277006387719 4.0817441530525675 34.30157820507884 4.2514117397367945 8.0143985226750356 3.227768994867799 8.8103342838585359 3.5332268625497827 3.8026915527880183
leaf_count=335 27 291 54 27 24 45 460 19 4108 29 89 45 21 21 34 41 31 27 53 129 27 51 24 209 27 42 34 130 54 35
internal_value=0.000720475 0.0100844 -0.000771112 -0.000526105 -0.00130064 2.8822e-05 -0.0132508 -0.0166293 -0.000666208 0.0170656 0.0235202 0.0339272 -0.00621236 0.00290166 -0.00584036 -0.0258068 -0.0460237 0.0263821 0.0139106 0.0243265 -0.00271763 0.0165225 0.00583032 0.0103846 0.0333312 -0.00451392 0.0311525 0.0156727 0.0335455 0.0382653
internal_weight=1310.16 180.021 1130.14 1125.31 1077.86 969.95 107.908 102.71 958.105 47.4564 41.3921 30.6603 10.7318 124.952 69.6464 25.6919 13.179 55.0692 55.3052 34.0046 21.3006 12.0928 43.9544 39.8727 28.4791 12.513 49.4597 15.5713 12.3436 33.8883
internal_count=6543 1287 5256 5202 4991 4488 503 479 4443 211 182 134 48 716 402 135 72 571 314 183 131 78 267 243 156 63 544 218 184 326
is_linear=0
shrinkage=0.05


Tree=66
num_leaves=31
num_cat=0
split_feature=12 9 10 5 17 10 19 3 13 11 11 9 9 8 11 0 19 10 0 11 19 8 13 11 9 6 19 3 13 13
split_gain=7.93812 5.72016 6.92822 5.90411 11.2615 7.92013 7.88169 9.49627 7.68714 7.6524 6.64896 5.86461 4.95237 4.84402 6.20472 4.32405 3.24159 3.87509 4.05288 2.93515 2.68701 2.28554 3.36344 2.94095 2.14739 2.11218 1.80734 2.9464 1.01587 0.842909
threshold=1.2916825967753054 16.969199178644768 19.498973305954831 -1.0000000180025095e-35 0.54772727272727284 113.95482546201234 144.50000000000003 134.38000000000002 0.02091371501156122 35.48254620123204 2.4969199178644765 77.470225872689952 25.938398357289532 5.5000000000000009 40.509240246406577 511.84500000000008 103.50000000000001 62.997946611909661 611.0150000000001 22.981519507186864 148.00000000000003 1.5000000000000002 0.093923617985896393 10.51334702258727 175.47433264887067 6.5000000000000009 211.50000000000003 268.24000000000007 0.56081834993747037 0.10650643907659928
decision_type=10 8 10 10 8 10 2 8 10 8 8 8 10 8 8 10 2 8 10 10 2 8 8 10 8 10 2 8 8 8
left_child=1 2 15 5 9 6 7 -3 19 11 -8 -5 -10 14 -2 -1 24 -18 20 -6 -19 -4 23 -23 -15 26 27 -16 -20 -28
right_child=13 3 21 4 8 -7 10 -9 12 -11 -12 -13 -14 16 25 -17 17 18 28 -21 -22 22 -24 -25 -26 -27 29 -29 -30 -31
leaf_value=-0.019374412272612305 0.049630188074827927 -0.014929270309464497 -0.060873775643215694 -0.0085866328281997192 0.075957433351032888 -0.055713162101195327 0.039879899416712467 -0.00070721353387062939 -0.022574207020144788 -0.070659568360963862 0.004373964038770343 0.046822967728292295 0.01943547384625879 -0.052793388726257051 0.040286592745719822 0.036961758543855347 -0.035426803876466732 0.033088216580764156 0.023832965407809877 0.02437726481457303 -0.013411312257215993 0.017674620540445624 -0.058493985228120396 -0.039465209591545376 0.00046166617541525319 0.054471819756935873 -0.036656138419944188 0.0058427414835205077 0.056152440491594319 0.0013800637228996637
leaf_weight=7.1166240721940976 16.492063708603382 147.23698335140944 7.2242991998791721 43.283766243606806 7.8885270208120328 6.5974694713950148 13.808693848550318 578.67889009416103 7.8477202057838431 4.4949344024062148 292.08799943700433 5.3675877526402465 66.148643657565117 4.147367797791957 8.4086613655090314 6.532721720635891 4.3621021918952492 4.3192601948976543 4.6200064681470367 4.2407595962285995 11.067539714276789 5.0029403716325724 5.1875962838530549 4.0952214747667313 3.4822485335171223 2.8960382379591456 2.5823780894279471 23.732271384447813 5.132391259074212 3.3409913778305054
leaf_count=37 301 802 84 213 32 41 55 2554 49 34 1187 29 416 27 60 28 31 17 22 33 57 37 54 47 18 32 16 159 47 24
internal_value=0.00068694 -0.000401052 -0.0202741 0.000192254 0.00985912 -0.00110427 -0.000755097 -0.00359186 0.0210279 -0.00824038 0.00597676 -0.00247342 0.0149801 0.0146383 0.0237349 0.00758868 0.000563138 0.00807611 0.0156246 0.0579235 -0.000358334 -0.0379547 -0.0263645 -0.00804489 -0.0284871 0.0133085 0.0101767 0.0148539 0.0408417 -0.0152024
internal_weight=1307.42 1212.84 35.1594 1177.68 139.272 1038.41 1031.81 725.916 86.1257 53.1463 305.897 48.6514 73.9964 94.5833 57.4524 13.6493 37.1309 29.5013 25.1392 12.1293 15.3868 21.5101 14.2858 9.09816 7.62962 40.9603 38.0643 32.1409 9.7524 5.92337
internal_count=6543 5732 287 5445 806 4639 4598 3356 530 276 1242 242 465 811 592 65 219 174 143 65 74 222 138 84 45 291 259 219 69 40
is_linear=0
shrinkage=0.05


Tree=67
num_leaves=31
num_cat=0
split_feature=9 15 0 7 9 19 13 13 13 7 16 1 15 3 0 2 7 13 10 1 19 3 3 3 20 3 7 20 10 19
split_gain=6.81006 5.96044 6.37061 11.2991 10.3144 15.3038 10.0084 8.57333 6.74337 6.29277 6.2246 11.2722 8.21814 7.14669 5.05517 5.5241 4.86138 11.5643 8.61217 8.39218 5.50179 3.45417 4.87337 5.97099 3.0017 2.69929 5.08029 1.11503 0.890893 0.43968
threshold=168.52566735112939 3.4825462012320334 2598.4600000000005 11.500000000000002 37.486652977412739 145.50000000000003 0.86770247121563726 0.92108481241487195 0.030742262812798109 12.500000000000002 0.14432282944343625 359.12500000000006 23.540041067761809 600.92500000000007 10924.740000000002 854.40000000000009 2.5000000000000004 0.65355826009907891 60.008213552361404 5677.4350000000004 167.00000000000003 184.97500000000002 253.05000000000004 421.73500000000007 589.00000000000011 900.71000000000015 39.500000000000007 405.50000000000006 148.96098562628342 74.000000000000014
decision_type=10 10 8 8 10 2 10 10 8 10 10 10 10 10 8 10 8 8 8 8 2 8 10 10 2 8 8 2 10 2
left_child=1 2 3 4 5 -1 -6 8 -5 10 11 13 -13 -3 15 -12 17 18 -4 -18 -21 -2 -23 -24 -19 28 -27 -11 -25 -29
right_child=21 9 16 7 6 -7 -8 -9 -10 27 14 12 -14 -15 -16 -17 19 24 -20 20 -22 22 23 25 -26 26 -28 29 -30 -31
leaf_value=-0.0098762325886044347 -0.030150533405965449 0.029352221337499068 0.070701818884373588 0.025574607550608155 0.015248315795967943 0.010413779151645205 -0.020408509291503386 0.033849194941665356 -0.028644212807944321 0.01665230658979433 -0.0048934777731755334 -0.057466031512153737 0.027481100905777933 -0.0057156157953080627 -0.052417243513221634 0.016136093989909599 -0.058032649824847043 0.078794068455778521 -0.016113686323930954 0.0078827248205957691 -0.013041060212795509 0.076553576921922814 -0.052315589183399104 0.075768645581286251 0.033410016183351446 0.042143208167413931 -0.038594286327751803 0.038436498451314451 0.038466113808627092 0.063544500914725091
leaf_weight=389.92096629366279 2.416707910597327 66.779453169554472 3.4283750578761127 6.1856763809919348 128.68881176039577 122.01510735228658 23.232470493763685 6.7517331391572943 78.672791462391615 2.5629998408257944 116.48855735361576 8.4171759970486146 4.3025720529258242 18.568532645702362 4.6011108048260203 42.665216989815235 5.5837976410984984 7.4436778277158719 17.130208119750023 172.46125535666943 38.414900839328766 4.9487651139497784 2.4335958659648922 3.1269558444619152 7.1362194940447807 5.5388098619878283 3.0057280138134965 2.6835594698786736 3.2791497968137264 4.9781089127063751
leaf_count=1965 17 355 19 34 577 504 101 26 409 31 669 49 45 118 25 327 27 24 105 703 148 17 17 18 26 90 14 20 24 39
internal_value=0.000654884 0.00015224 -0.00162174 -0.00391671 -0.00164518 -0.0050403 0.00979552 -0.0203775 -0.024692 0.00671916 0.0052164 0.0151786 -0.0287319 0.0217228 -0.000749668 0.000744034 0.00526932 0.0225195 -0.00163622 0.00246905 0.00407108 0.0266325 0.0327771 0.0203153 0.0565806 0.0321378 0.013742 0.0452003 0.0566743 0.0547502
internal_weight=1303.86 1279.11 1007.07 755.468 663.857 511.936 151.921 91.6102 84.8585 272.047 261.823 98.0677 12.7197 85.348 163.755 159.154 251.598 35.1385 20.5586 216.46 210.876 24.7497 22.333 17.3842 14.5799 14.9506 8.54454 10.2247 6.40611 7.66167
internal_count=6543 6346 4668 3616 3147 2469 678 469 443 1678 1588 567 94 473 1021 996 1052 174 124 878 851 197 180 163 50 146 104 90 42 59
is_linear=0
shrinkage=0.05


Tree=68
num_leaves=30
num_cat=0
split_feature=5 9 5 6 3 20 19 3 13 19 19 3 9 19 3 11 20 6 13 13 0 0 19 3 6 11 9 17 2
split_gain=6.31307 5.51994 5.11664 6.24191 5.77097 5.99348 5.30487 8.30306 5.11892 5.10326 5.6525 4.679 6.90899 4.62357 4.52182 4.50637 6.54928 4.00745 3.638 3.54742 3.05421 3.20333 2.49737 1.94638 1.33786 1.083 0.0141853 0.00845333 0.00363336
threshold=40.500000000000007 19.482546201232037 33.500000000000007 4.5000000000000009 1.0000000180025095e-35 831.50000000000011 144.50000000000003 134.38000000000002 0.58616209942455499 106.50000000000001 38.500000000000007 29.815000000000001 37.01026694045175 203.50000000000003 348.51500000000004 10.51334702258727 812.50000000000011 4.5000000000000009 0.11712756316848497 0.84273272149607759 909.78000000000009 2167.5200000000004 119.00000000000001 25.815000000000001 1.0000000180025095e-35 1.4948665297741275 70.505133470225886 0.75735294117647067 649.3850000000001
decision_type=10 8 8 8 10 2 2 8 10 2 2 10 10 2 10 8 2 8 8 8 10 10 2 10 8 10 8 8 10
left_child=1 15 4 13 5 -3 7 -5 -8 10 -2 12 -6 19 -12 18 20 -13 -1 -4 24 -22 -18 -11 -17 -25 27 -27 -28
right_child=9 2 3 6 11 -7 8 -9 -10 23 14 17 -14 -15 -16 16 22 -19 -20 -21 21 -23 -24 25 -26 26 28 -29 -30
leaf_value=0.027149978432132807 0.055888909278409366 0.0017142156699121336 -0.021162337221026634 -0.012547875668734164 -0.078504202609061505 0.078385422738013771 0.0028860099685801195 0.0006810103139629391 0.019414701198779871 -0.010715495135328608 -0.078861132239756215 0.033040151849160614 0.017429373203775394 -0.074058934133558504 0.013699706646316251 -0.020681741288939418 0.05206153646848375 0.0055834811770850293 -0.026622497268664447 0.02808869854944018 0.008970094470771902 -0.062589554064269484 -0.015749715051447215 0.013902490925271564 -0.060750429973524415 0.058841284459574067 0.054753050828234132 0.054768296004801903 0.052148899512235614
leaf_weight=8.038199290633198 2.4674868248403099 4.3742455616593343 27.971511352807283 147.46231068298221 3.7564364969730368 6.1082112826406956 282.54259137436748 606.2834890037775 56.152032993733883 1.5192775353789318 2.830937884747982 16.194102343171835 3.7506867051124573 3.6563615500926963 2.4713215976953506 2.4949842803180218 2.8507487066090098 74.09658120572567 5.1675881296396264 4.2058754973113528 4.7880161255598059 2.322464894503355 2.5925053730607033 1.9107216261327256 12.623911531642085 2.0613431409001324 1.8573516458272941 3.3348950445652008 4.8032576348632574
leaf_count=38 27 20 160 819 24 29 1204 2795 298 17 20 120 20 22 33 23 23 402 24 23 37 27 21 12 129 15 21 36 104
internal_value=0.000623769 0.000153759 0.000751356 -0.000245019 0.0111335 0.0463911 0.000428529 -0.00190708 0.00562629 0.0264404 -0.00662691 0.00735444 -0.0305742 -0.020779 -0.0357196 -0.0179233 -0.0293914 0.010508 0.00610814 -0.0147248 -0.0414281 -0.0144031 0.0197645 0.0430302 -0.0541381 0.0488763 0.0544188 0.0563242 0.0528751
internal_weight=1300.69 1277.43 1236.55 1128.27 108.28 10.4825 1092.44 753.746 338.695 23.2566 7.76975 97.7978 7.50712 35.8337 5.30226 40.8784 27.6726 90.2907 13.2058 32.1774 22.2294 7.11048 5.44325 15.4868 15.1189 13.9676 12.0568 5.39624 6.66061
internal_count=6543 6258 5936 5321 615 49 5116 3614 1502 285 80 566 44 205 53 322 260 522 62 183 216 64 44 205 152 188 176 51 125
is_linear=0
shrinkage=0.05


Tree=69
num_leaves=31
num_cat=0
split_feature=12 19 12 17 0 12 1 1 20 7 13 3 20 0 9 19 1 15 19 13 0 1 0 0 0 13 13 19 1 12
split_gain=6.93425 5.44163 5.51568 8.62603 6.40123 6.63043 5.76689 7.94314 5.75758 5.08015 4.86102 3.88534 3.3981 2.95883 2.73636 4.2758 2.72609 3.17623 2.30122 2.29856 2.50504 2.93298 2.29417 2.12178 1.97777 1.22938 0.99702 0.97849 0.625114 0.606789
threshold=1.2916825967753054 24.500000000000004 0.9832240605314605 0.16954022988505749 163.73000000000002 0.66114490960797645 162.23000000000005 167.99000000000004 1043.5000000000002 1.5000000000000002 0.12379801781887183 143.63500000000002 233.50000000000003 3935.7850000000003 235.99178644763865 74.000000000000014 1367.1400000000001 -1.0000000180025095e-35 145.50000000000003 0.068313396334328799 1039.1250000000002 431.10500000000008 364.27500000000003 294.85500000000008 550.98000000000013 0.62783973937403559 0.086330661179462712 148.00000000000003 7585.1650000000009 4.8994713886540824
decision_type=10 2 8 8 10 10 8 8 2 8 10 8 2 8 10 2 8 10 2 8 10 10 10 10 10 10 10 2 10 10
left_child=1 11 3 12 -5 -6 -4 -8 -9 10 19 -1 -3 14 15 -11 17 23 -17 22 21 -21 -2 -12 -14 26 -13 -15 29 -18
right_child=9 2 6 4 5 -7 7 8 -10 13 16 25 24 27 -16 18 28 -19 -20 20 -22 -23 -24 -25 -26 -27 -28 -29 -30 -31
leaf_value=0.059046777242151453 -0.006585504229273665 0.0061541576367200364 -0.046641809437229363 0.069096667244155141 0.0010489995914670992 0.021880252087968451 0.064713997174310894 -0.0030901530795996077 0.015508529776585865 -0.056000838489708799 0.019558264749118908 0.019457602174598292 -0.065135800619238099 0.011335261927079357 0.027213798898649985 0.018229149978459334 0.050947244446833885 0.053628308034601758 -0.013887007827836036 -0.024546881696793553 -0.027801615795084601 0.03421975000542149 0.048161296969348899 -0.045052350624755474 -0.021969889905528565 0.034180404058458555 -0.014260874671201133 0.060617792659462044 0.011679869444571368 0.015688351560953443
leaf_weight=6.1002923548221615 2.9989196397364157 4.8331801816821089 7.2790564373135558 4.5223884135484687 102.74872776120901 60.804067354649305 4.4450951665639868 948.22031787969172 43.521638549864292 4.4528450518846538 2.6478588730096817 3.8708020299673063 5.5268116444349271 1.7324632741510857 5.6150831095874301 8.5343201905488986 19.028757736086853 2.9683353435248154 16.099645622074604 3.3498120456933957 6.5518644452095023 5.7982042171061039 5.287512369453907 2.4430471770465374 5.1043621525168419 3.84418050199747 5.0558895692229271 2.4058640841394663 1.209014307707547 1.3038362003862847
leaf_count=33 22 19 39 17 401 258 18 4627 212 29 21 14 23 12 23 48 302 46 95 22 33 25 40 21 21 20 30 31 21 20
internal_value=0.000593745 -0.000417905 -0.000841408 0.00712807 0.010416 0.00879344 -0.00229907 -0.00197506 -0.00227397 0.0137925 0.0237722 0.0262206 -0.0286072 2.36425e-05 -0.00474204 -0.010911 0.0373283 0.0125209 -0.00276052 0.00704307 -0.00420174 0.0127006 0.028348 -0.0114474 -0.0444105 0.0105405 0.000360169 0.0399862 0.0466093 0.0486863
internal_weight=1298.3 1205.88 1187.01 183.54 168.075 163.553 1003.47 996.187 991.742 92.4274 53.5872 18.8712 15.4644 38.8402 34.7019 29.0868 29.6008 8.05924 24.634 23.9863 15.6999 9.14802 8.28643 5.09091 10.6312 12.7709 8.92669 4.13833 21.5416 20.3326
internal_count=6543 5732 5635 739 676 659 4896 4857 4839 811 573 97 63 238 195 172 431 88 143 142 80 47 62 42 44 64 44 43 343 322
is_linear=0
shrinkage=0.05


Tree=70
num_leaves=30
num_cat=0
split_feature=9 9 10 5 17 2 1 0 19 13 9 3 2 20 0 20 3 3 3 9 9 3 8 13 20 10 10 10 20
split_gain=5.7875 5.0067 6.34439 5.40042 10.0716 6.88182 8.25213 7.61352 6.86528 6.37927 5.75506 5.69981 5.39711 4.30546 3.68669 3.47087 3.20667 4.38799 5.29912 3.02488 2.57924 2.73266 2.29603 3.23643 4.35847 0.588524 0.238923 0.0259024 0.000592542
threshold=168.52566735112939 16.969199178644768 19.498973305954831 -1.0000000180025095e-35 0.54772727272727284 1100.8400000000004 2546.0200000000004 2167.5200000000004 24.500000000000004 0.027561561786873717 50.447638603696106 39.875000000000007 5266.4700000000003 201.50000000000003 511.84500000000008 361.50000000000006 184.97500000000002 253.05000000000004 421.73500000000007 47.507186858316224 264.50924024640659 900.71000000000015 1.5000000000000002 0.093923617985896393 444.50000000000006 115.51540041067763 23.523613963039015 27.975359342915812 456.00000000000006
decision_type=10 8 10 10 8 10 10 10 2 10 8 10 10 2 10 2 8 10 10 8 10 8 8 8 2 10 10 10 2
left_child=1 2 14 5 8 6 7 -3 -5 15 19 -11 -12 -10 -1 -6 -2 -18 -19 -7 21 -20 26 24 -24 -22 -4 -25 -28
right_child=16 3 22 4 9 10 -8 -9 13 11 12 -13 -14 -15 -16 -17 17 18 20 -21 25 -23 23 27 -26 -27 28 -29 -30
leaf_value=-0.017367718384639724 -0.030091962205710115 0.00098617325921194652 -0.074806104238301752 0.048163479126031514 0.012271928245147501 -0.022981147447848935 0.047215424510704901 -0.064542200135225963 0.015743145828415087 -0.048917970805596324 -0.010391568208798906 0.017527415873353127 0.014296824235829836 -0.020504418515593384 0.035006802180385897 0.068602405450823578 0.072026801869300536 -0.049569800985049733 0.049215843759254689 -0.066061045552006856 0.085450838004283158 -0.0028553210156061614 -0.057183435766568418 -0.062206154196982326 0.017690849186478518 0.046166114373269111 -0.053631999758684483 -0.054712634562565171 -0.05474559118183641
leaf_weight=6.9974961280822736 2.3992254734039333 907.74749905616045 1.9899162426590944 5.0819511115550986 3.8598952479660502 21.318071015179161 9.6213836222887021 4.4544376879930487 10.376808382570742 3.3793124556541434 120.28833793103695 71.860756170004606 27.129530448466539 38.913131799548864 6.4635906293988228 9.3798675127327424 4.9825073629617718 2.437282387167218 4.1303336359560463 5.0376280546188346 1.867769101634621 6.460860515013338 2.8830640874803031 1.9377383440732963 5.9646786339581013 1.9473294671624897 2.3993465844541788 2.8483510836958885 2.3789720498025417
leaf_count=37 17 4112 13 33 22 129 33 19 57 26 647 525 159 214 28 57 17 17 28 26 15 75 30 15 54 28 40 39 31
internal_value=0.000566042 0.000105085 -0.018863 0.000623734 0.00976755 -0.000568501 0.00115204 0.000666187 -0.00716847 0.0201749 -0.00969551 0.0145431 -0.00584813 -0.0128734 0.00778088 0.0521799 0.0247755 0.0308068 0.0186135 -0.0312154 0.0301488 0.0174513 -0.0364424 -0.0246243 -0.00670717 0.0653989 -0.0602488 -0.0577465 -0.0541864
internal_weight=1296.54 1272.31 33.8632 1238.45 142.852 1095.6 921.823 912.202 54.3719 88.4798 173.774 75.2401 147.418 49.2899 13.4611 13.2398 24.2253 21.8261 16.8436 26.3557 14.4063 10.5912 20.4021 13.6338 8.84774 3.8151 6.76823 4.78609 4.77832
internal_count=6543 6346 287 6059 934 5125 4164 4131 304 630 961 551 806 271 65 79 197 180 163 155 146 103 222 138 84 43 84 54 71
is_linear=0
shrinkage=0.05


Tree=71
num_leaves=31
num_cat=0
split_feature=12 5 20 8 20 20 19 20 20 0 9 12 19 19 9 8 1 7 13 19 11 9 9 9 0 0 17 13 12 20
split_gain=6.24663 5.29304 5.17609 15.0666 6.49879 14.6196 8.30528 15.9015 17.0272 12.7174 9.07369 6.29398 5.94956 8.47669 7.52697 5.4922 5.21861 5.15921 3.96976 3.76233 5.36582 4.67605 3.54181 7.02286 3.71037 3.49462 3.60845 4.43035 3.37308 2.70658
threshold=1.1412698953516673 154.50000000000003 19.000000000000004 3.5000000000000004 157.00000000000003 263.50000000000006 144.50000000000003 105.00000000000001 42.500000000000007 508.40500000000003 52.468172484599599 0.15545369723448102 144.50000000000003 110.00000000000001 29.470225872689941 11.500000000000002 390.76000000000005 1.5000000000000002 0.11712756316848497 43.500000000000007 11.498973305954827 68.501026694045194 88.476386036960989 115.99178644763862 516.85000000000014 182.24000000000004 0.24404761904761907 0.52619328812776922 1.2049240975712945 13.500000000000002
decision_type=10 8 2 8 2 2 2 2 2 10 10 8 2 2 10 8 8 8 10 2 8 10 8 8 8 8 10 10 10 2
left_child=2 -2 3 16 6 19 7 8 -4 -9 11 -8 13 -7 -14 -12 -1 18 -3 20 -6 -21 24 -24 -19 -5 29 -28 -20 -27
right_child=1 17 4 25 5 12 10 9 -10 -11 15 -13 14 -15 -16 -17 -18 22 28 21 -22 -23 23 -25 -26 26 27 -29 -30 -31
leaf_value=0.0039554362744069933 0.043925240415682298 0.0035447722794698768 0.06744488869574565 -0.039772851145723487 0.033977302997811841 0.0068994140543856587 0.031372957775316609 0.10123334208306439 -0.0008290193050999831 0.0080213784149027832 0.051548621982862433 -0.029471992258494058 0.011354830267203672 -0.0058728114100910509 -0.0091024452769656646 -0.013930034361849006 -0.053814747654092679 0.038128968685666183 0.0014512178607187537 -0.033775582509243951 -0.021531556182416728 0.011800338386392467 -0.074902121278962938 -0.0050597008870177131 -0.014187984519185286 -0.013619128224366251 0.038042919356556612 -0.01392963571220688 0.036403108489312386 0.025219392867993878
leaf_weight=4.7574988603591946 11.188551057130097 31.186347354203463 10.814042791724203 4.3825241327285758 6.4753414168953896 185.90952114202082 5.0024743080139151 9.6154330223798734 58.716443542391062 5.9073920845985404 8.8395811319351161 28.265869025141001 207.8394127227366 431.24933229014277 57.376914892345667 5.0218374133110055 21.923853278160095 8.1310783028602565 9.1732422113418561 50.333977200090885 13.287024684250357 6.3364099562168112 4.1081643700599662 29.056388009339571 5.8110180422663698 20.66312945634127 14.163351856172087 5.771274756640195 27.889293735846877 5.729589343070983
leaf_count=20 220 158 44 22 30 936 17 41 271 29 41 144 876 2075 315 21 116 40 44 246 59 30 23 158 31 91 59 26 334 26
internal_value=0.000538303 0.0110905 -0.000604572 -0.0130998 0.000281795 -0.00115105 0.0106751 0.0200047 0.00978959 0.0657604 -0.00616161 -0.0203229 0.000666079 -0.00202538 0.0069291 0.0278264 -0.0435139 0.00790577 0.0166906 -0.0221288 -0.00334351 -0.0286797 -0.00482191 -0.0137112 0.0163234 0.00290281 0.00693989 0.0229963 0.0277523 -0.00518768
internal_weight=1294.93 126.544 1168.38 77.3912 1090.99 958.808 132.183 85.0533 69.5305 15.5228 47.1298 33.2683 882.375 617.159 265.216 13.8614 26.6814 115.356 68.2489 76.4328 19.7624 56.6704 47.1066 33.1646 13.9421 50.7099 46.3273 19.9346 37.0625 26.3927
internal_count=6543 1008 5535 360 5175 4567 608 385 315 70 223 161 4202 3011 1191 62 136 788 536 365 89 276 252 181 71 224 202 85 378 117
is_linear=0
shrinkage=0.05


Tree=72
num_leaves=31
num_cat=0
split_feature=12 8 15 12 17 19 12 1 1 1 10 2 15 17 20 10 19 19 2 19 2 1 1 2 13 19 20 6 12 1
split_gain=5.79203 4.54222 5.38362 4.49105 7.46503 5.9839 6.16522 7.33074 5.37221 6.98873 5.32121 6.89374 6.12232 4.18931 3.15862 3.06829 2.70259 2.29146 2.49774 2.17424 2.40632 4.06533 3.13819 2.06358 1.9787 4.15335 4.09942 0.959508 0.906617 0.353282
threshold=1.3348855159794144 17.500000000000004 155.48254620123205 0.9832240605314605 0.16954022988505749 58.500000000000007 0.44337661813861762 13129.610000000002 162.23000000000005 167.99000000000004 40.000000000000007 658.99000000000012 42.01026694045175 0.32738095238095244 361.50000000000006 59.515400410677621 113.00000000000001 52.500000000000007 173.20500000000001 211.50000000000003 1892.4800000000002 1733.5350000000001 1064.9400000000003 116.35000000000001 0.5057925596544296 200.00000000000003 589.00000000000011 2.5000000000000004 1.800201395206505 453.87000000000006
decision_type=10 8 8 8 8 2 10 8 8 8 8 10 8 10 2 8 2 2 10 2 10 10 8 8 8 2 2 10 10 8
left_child=3 2 27 4 14 17 13 -8 -5 -10 12 -12 -11 -7 -1 -3 -17 18 -6 20 22 -22 -4 -19 26 -26 -18 -2 -29 -16
right_child=1 15 19 8 5 6 7 -9 9 10 11 -13 -14 -15 29 16 24 23 -20 -21 21 -23 -24 -25 25 -27 -28 28 -30 -31
leaf_value=0.0015637334299263132 0.052622996532650762 -0.046410245958385082 0.0076171772155480327 -0.044899359604716783 -0.0075821105023492086 0.00047611455588756539 0.026159298156654312 -0.0071296863202938918 0.060999353755964048 -0.0031777602420942869 -0.00073867101945379945 -0.011326410699673727 0.012402530339026351 -0.032569331498467642 -0.054314010107960546 -0.028893318948558896 0.026294668290062745 0.061048853935765673 0.038838666649572626 -0.0162790292188295 -0.031468421038207718 0.03087709930266809 0.047766845337152114 0.023948225575696445 0.051173020102746485 -0.012423374203625624 -0.035590852239335176 -0.00095113382308313155 0.053564168745481089 -0.03512619393929766
leaf_weight=6.3862646371126202 12.795698888599871 3.4519138224422958 9.8491365313530022 7.1312377601861945 5.9899878799915331 54.727845892310143 51.824917264282703 24.289210267364979 4.4746438339352599 125.19574524089694 547.77388595975935 213.72558760643005 127.02891583740711 11.628813236951826 4.3441093862056706 5.1386487334966686 5.5083608143031615 8.3526507914066279 5.6132754012942314 5.8469178490340701 5.577330503612755 4.9224151875823736 9.621253125369547 6.7987103164196023 6.6294762790203077 4.1897813379764557 5.2042178213596344 1.829965274780988 1.307609526440501 5.3572639897465715
leaf_count=25 258 24 62 39 22 215 200 119 18 691 2510 1227 569 46 18 27 24 27 24 39 46 42 86 28 43 21 24 26 20 23
internal_value=0.000511989 0.0133828 0.0223679 -0.000358432 0.00680489 0.00989908 0.00582465 0.0155363 -0.0016531 -0.00135021 -0.00162542 -0.00371027 0.004669 -0.005315 -0.0257427 -0.00205361 0.00368739 0.0315957 0.0148747 0.0116117 0.017053 -0.00224004 0.0274571 0.0444011 0.0114629 0.0265452 -0.00376959 0.0465472 0.0217686 -0.0437182
internal_weight=1292.52 81.8727 51.7503 1210.64 185.313 169.225 142.471 76.1141 1025.33 1018.2 1013.72 761.499 252.225 66.3567 16.0876 30.1224 26.6705 26.7546 11.6033 35.8171 29.9701 10.4997 19.4704 15.1514 21.5318 10.8193 10.7126 15.9333 3.13757 9.70137
internal_count=6543 742 579 5801 747 681 580 319 5054 5015 4997 3737 1260 261 66 163 139 101 46 275 236 88 148 55 112 64 48 304 46 41
is_linear=0
shrinkage=0.05


Tree=73
num_leaves=27
num_cat=0
split_feature=12 5 8 20 9 7 9 10 9 10 10 16 1 9 3 9 3 20 17 12 20 8 12 3 5 7
split_gain=5.42243 5.85194 5.35312 5.37232 5.24814 5.04121 4.39814 6.09085 7.46998 5.87428 5.04622 5.24409 3.90571 3.73646 5.53601 4.00268 3.12904 4.10843 2.69929 2.56415 2.26982 2.08237 0.0117356 0.00204406 0.000725063 0.000256214
threshold=1.1136205917848911 154.50000000000003 25.500000000000004 1068.5000000000002 264.00000000000006 1.5000000000000002 23.014373716632445 40.000000000000007 60.50102669404518 43.006160164271058 27.022587268993842 0.95021923672297015 3024.4250000000006 84.501026694045194 776.23500000000013 115.99178644763862 1364.0100000000002 135.50000000000003 0.069047619047619066 1.1642645824984288 822.50000000000011 39.500000000000007 1.2519778947368423 397.75500000000005 8.5000000000000018 9.5000000000000018
decision_type=10 8 10 2 10 8 8 8 10 8 8 8 10 8 8 8 8 2 8 10 2 8 10 10 10 10
left_child=2 18 3 6 5 16 10 8 -8 -9 11 -1 21 14 -7 -15 17 -3 -2 -18 -12 -4 23 -20 -24 -26
right_child=1 4 12 -5 -6 13 7 9 -10 -11 20 -13 -14 15 -16 -17 19 -19 22 -21 -22 -23 24 -25 25 -27
leaf_value=0.0051167962250605378 -0.023467291718235129 -0.017751277680243878 0.059236103018729336 0.046815448186036591 0.061776183716163294 0.032833367262228325 0.013636537192182295 -0.033745387835597204 -0.006853252324640239 -0.0018550348491113322 -0.043159438095139495 -0.050797336257126728 -0.0095183809657388707 -0.057172556411263432 -0.036068544128429962 -0.0092752925441151966 0.038522957196307925 0.028460610037779971 0.056652175569535571 -0.0056033215886396618 -0.0035517970236822317 0.014981423935412207 0.053210098474259129 0.054196418665786297 0.051535473157840933 0.052413439294050818
leaf_weight=28.568103853613138 1.2990888971835346 5.5544176939874879 7.4725238941609868 5.8391042239963999 4.1977431494742623 10.536868747323748 140.89966652542353 14.686986759304999 65.00363802537322 859.74517629295588 16.309794163331393 4.9148426577448836 4.9604976624250403 5.1334582194685927 4.0303104557096967 29.018771346658468 3.8226522803306606 35.866833778098226 1.8148648105561735 23.726164355874062 4.6480711400508872 4.1257857717573652 0.90742171928286541 1.5894651710987089 4.7427216619253159 1.0074957590550182
leaf_count=158 21 57 38 26 39 49 634 71 317 3951 182 27 22 29 23 160 15 301 19 151 41 24 13 22 132 21
internal_value=0.000488103 0.0100396 -0.000611744 -0.00102149 0.00684052 0.00488108 -0.00126764 -0.000568877 0.00716791 -0.00239067 -0.0151341 -0.00309064 0.0276129 -0.00743148 0.0137702 -0.0164748 0.0135785 0.0222638 0.0443605 0.000519606 -0.0343752 0.0434937 0.0531176 0.0555056 0.0518966 0.0516893
internal_weight=1290.42 133.248 1157.17 1140.62 121.887 117.689 1134.78 1080.34 205.903 874.432 54.4408 33.4829 16.5588 48.7194 14.5672 34.1522 68.9701 41.4213 11.3611 27.5488 20.9579 11.5983 10.062 3.40433 6.65764 5.75022
internal_count=6543 1052 5491 5407 824 785 5381 4973 951 4022 408 185 84 261 72 189 524 358 228 166 223 62 207 41 166 153
is_linear=0
shrinkage=0.05


Tree=74
num_leaves=31
num_cat=0
split_feature=5 19 19 12 19 19 11 19 0 19 1 1 13 7 11 20 13 10 13 20 20 20 1 3 16 11 12 1 12 11
split_gain=5.07514 4.92627 5.1309 4.60027 5.10227 18.1365 6.7743 7.91551 5.45989 4.95543 6.49905 6.8946 6.36535 4.69615 4.57618 4.15588 3.69465 3.65925 2.93438 2.41799 4.02703 2.29022 2.19266 1.95073 1.83782 1.83629 2.49584 0.411704 0.0202566 0.0126237
threshold=40.500000000000007 106.50000000000001 38.500000000000007 1.3348855159794144 106.50000000000001 111.50000000000001 35.48254620123204 144.50000000000003 1385.4450000000002 79.000000000000014 5677.4350000000004 3511.9000000000005 0.064973945324498544 2.5000000000000004 40.509240246406577 967.50000000000011 0.58034705535054332 59.515400410677621 0.68394270236762755 665.00000000000011 233.50000000000003 111.50000000000001 153.98500000000004 25.815000000000001 9.5490196078431389 -14.455852156057494 1.8877649078719596 545.18000000000018 1.1373804226918802 9.5441478439425058
decision_type=10 2 2 10 2 2 10 2 8 2 10 10 10 8 8 2 10 8 10 2 2 2 10 10 10 10 10 10 8 10
left_child=3 2 -2 4 9 19 7 -7 -8 10 11 -1 15 14 -5 -11 -4 -15 21 20 -6 -16 -14 -3 28 26 -19 -20 29 -25
right_child=1 23 16 13 5 6 8 -9 -10 12 -12 -13 22 17 18 -17 -18 25 27 -21 -22 -23 -24 24 -26 -27 -28 -29 -30 -31
leaf_value=0.0029820943250082662 0.055253972258423933 -0.012576109406754167 -0.07756228967308916 0.052239911589988447 -0.069623106346300465 -0.0048351455037215097 -0.062308967345273608 0.0048421941586308343 -0.0032523124340483019 0.076889189491877119 0.053439727372524615 -0.057304087541045205 0.012648131868052465 -0.049036446833266051 -0.024176365006699948 0.022856925491024995 0.0059591519401982797 -0.020881796448637399 0.055143741887870815 -0.068042830972010845 -0.0067552951464066443 0.013681819114780426 -0.035027385473740243 0.05776324536257034 -0.0058267364262212171 0.035240065054332373 0.011381586665110093 0.026364378508640048 0.051568873627178935 0.053657293611652203
leaf_weight=243.08847160637379 2.2361719757318523 1.4795601814985264 2.6022419631481171 10.100626323372124 4.3907289505004901 517.5985958352685 8.1758014075458014 357.07523635774851 7.5074211321771154 6.7453659623861331 6.2478491663932791 4.8369354307651511 8.0839917659759504 3.7154576145112506 4.8514161482453373 7.533075537532568 2.6957648769021034 9.8969124294817465 3.9832406416535369 9.4543464183807355 6.0668280720710754 22.625075813382864 3.437053754925727 4.8424616008996937 1.4061423018574704 3.9738074541091946 15.201233714818953 1.8061800524592397 3.4193069506436595 3.0516622923314571
leaf_count=1191 27 17 30 212 22 2460 58 1574 57 25 27 25 45 29 26 38 23 51 38 49 31 155 20 38 13 39 64 22 98 39
internal_value=0.000465018 0.0244222 -0.00825757 5.38751e-05 -0.000708389 -0.00252393 -0.00146849 -0.000884486 -0.0340391 0.00519445 0.00307515 0.00180593 0.0260736 0.0119676 0.0227638 0.0483826 -0.0350644 -0.00231207 0.0138139 -0.049718 -0.0331511 0.00699735 -0.00157482 0.0417624 0.0480831 0.00365941 -0.00134078 0.0461652 0.0547836 0.056176
internal_weight=1288.13 21.7333 7.53418 1266.4 1190.24 910.269 890.357 874.674 15.6832 279.973 254.173 247.925 25.7995 76.154 43.3665 14.2784 5.29801 32.7874 33.2659 19.9119 10.4576 27.4765 11.521 14.1991 12.7196 29.072 25.0981 5.78942 11.3134 7.89412
internal_count=6543 285 80 6258 5622 4251 4149 4034 115 1371 1243 1216 128 636 453 63 53 183 241 102 53 181 65 205 188 154 115 60 175 77
is_linear=0
shrinkage=0.05


Tree=75
num_leaves=30
num_cat=0
split_feature=15 11 11 11 15 11 20 8 20 20 7 0 1 9 7 2 20 15 9 9 9 12 20 9 11 13 15 13 2
split_gain=4.75665 7.29647 5.80799 6.1812 8.90201 5.71757 5.19882 9.62951 5.06574 4.22817 4.97541 5.21157 3.97532 3.92136 3.84723 3.81789 3.33182 3.13904 3.08564 2.57866 6.50066 3.26163 2.73367 2.57499 1.60184 1.40281 0.900501 0.443055 0.237646
threshold=17.494866529774132 8.5256673511293659 -1.9548254620123202 -1.0000000180025095e-35 11.995893223819303 70.981519507186874 19.000000000000004 3.5000000000000004 153.50000000000003 446.50000000000006 9.5000000000000018 216.24500000000003 281.09500000000008 50.447638603696106 61.000000000000007 511.79000000000002 414.50000000000006 20.996919917864478 56.492813141683783 73.938398357289543 84.501026694045194 0.35094302728266691 665.00000000000011 49.478439425051342 -15.474332648870634 0.58352930634763156 9.4948665297741286 0.65989694030395707 712.00000000000011
decision_type=10 10 8 8 8 10 2 8 2 2 10 10 8 10 8 10 2 10 8 10 8 10 2 8 10 8 8 10 10
left_child=2 9 18 4 -4 6 7 -5 -8 12 11 13 -2 -11 19 -13 17 -14 -1 21 -21 -3 -22 -23 -20 -26 -27 -18 -7
right_child=1 14 3 5 -6 28 8 -9 -10 10 -12 15 16 -15 -16 -17 27 -19 24 20 22 23 -24 -25 25 26 -28 -29 -30
leaf_value=0.0041005113110154368 -0.036016185347101 -0.060118768928051618 0.065059322729176597 -0.038262899783511155 -0.023685093903407475 -0.07397751679368704 0.0098464974986860118 0.00073768790047725309 -0.00088047024760810584 0.058081511249415158 0.048637844217562606 -0.02841609653027832 0.043665214799353175 -0.0053811241779330131 -0.015422428982668475 -0.0017351754775356118 0.035990466260971077 0.0046995036279873842 -0.068875385662575964 -0.050800884300174001 0.046615092162070652 0.012886997393774328 -0.0089664668669822718 0.047313770824157053 -0.054430451970901905 0.004262874996173973 -0.033338100107687195 0.060365214857972797 -0.049275490529244119
leaf_weight=5.3942294567823437 3.9832964837551108 0.84575548768043773 8.2407618165016157 25.307580657303333 4.3005106821656236 1.4417279660701741 125.70077436417341 42.249622814357281 884.50886222720146 4.4532571062445623 3.8197062201797953 29.287214420735836 6.0445998385548583 5.3684572968631983 5.4984680861234656 24.729124363511801 4.4324892312288275 35.664115734398365 3.654884211719037 3.265598185360429 7.3743509370833635 7.0492784567177322 3.160230778157711 23.668021446093917 3.785226315259929 2.9485201165080079 3.4617975950241089 3.2176557071506977 2.9989863410592079
leaf_count=30 22 6 33 129 25 15 575 184 4120 23 28 154 26 30 27 167 26 215 23 34 130 71 54 249 37 20 26 25 39
internal_value=0.000443218 0.00818563 -0.000751245 -0.000272572 0.0346281 -0.000677021 -0.000443738 -0.0138723 0.00045429 0.00150619 -0.00679289 -0.0101096 0.0120325 0.0233934 0.024076 -0.0162014 0.0159101 0.0103466 -0.027981 0.0288636 0.010835 0.0367462 0.0299414 0.0394132 -0.0404756 -0.0302948 -0.016043 0.0462425 -0.0572953
internal_weight=1285.86 171.862 1113.99 1094.75 12.5413 1082.21 1077.77 67.5572 1010.21 121 67.6578 63.8381 53.3422 9.82171 50.8617 54.0163 49.3589 41.7087 19.2447 45.3632 13.8002 31.5631 10.5346 30.7173 13.8504 10.1955 6.41032 7.65014 4.44071
internal_count=6543 1287 5256 5120 58 5062 5008 313 4695 716 402 374 314 53 571 321 292 241 136 544 218 326 184 320 106 83 46 51 54
is_linear=0
shrinkage=0.05


Tree=76
num_leaves=29
num_cat=0
split_feature=9 9 20 15 11 10 20 9 20 20 10 20 2 2 6 12 2 11 20 20 11 20 10 1 11 10 11 11
split_gain=4.64808 4.47399 4.27645 4.25076 8.94899 6.51455 13.4465 5.98793 5.69325 5.45586 5.01717 4.73557 4.3053 4.25653 4.25268 4.24086 3.29402 3.25513 2.60584 1.75654 2.18847 1.50774 2.22784 1.10817 0.167885 0.13419 0.00322604 0.000234602
threshold=12.501026694045175 168.52566735112939 757.50000000000011 3.4825462012320334 4.5174537987679679 24.459958932238198 625.50000000000011 25.018480492813143 1.0000000180025095e-35 686.50000000000011 19.958932238193025 40.500000000000007 1351.8100000000002 872.93500000000006 6.5000000000000009 0.85078358511661867 355.07500000000005 10.51334702258727 444.50000000000006 40.500000000000007 -1.4784394250513346 329.50000000000006 106.51334702258728 3763.1800000000007 8.5256673511293659 19.991786447638606 14.997946611909653 27.498973305954831
decision_type=8 10 2 10 10 8 2 8 2 2 10 2 10 10 8 10 10 8 2 2 10 2 10 10 8 8 10 10
left_child=2 3 17 5 14 6 11 13 -9 15 -8 -2 -11 -7 18 -6 -16 -1 -5 -3 21 -21 -23 24 -22 -19 -27 -28
right_child=1 19 -4 4 9 7 10 8 -10 12 -12 -13 -14 -15 16 -17 -18 25 -20 20 23 22 -24 -25 -26 26 27 -29
leaf_value=0.0099112644107239179 -0.0052708151306394497 0.055440485248087958 0.0092839518201763803 0.056572316288935436 -0.054325677819067608 -0.042676820987666904 -0.047238422727578083 -0.057646711193601853 -0.0013052436028931479 0.045243102839541971 0.0049036717958625504 0.037475259427757125 0.0058292696487598633 0.0048042265021813451 0.0033453913717394626 0.011232200151817511 -0.013002598233864571 -0.06820009756466093 0.0087289152424688109 -0.014930622346447823 0.076897256668159414 0.041586775282827934 -0.0049422561049895794 -0.0030563714705390825 0.052788572939910378 -0.056042670587944689 -0.054013046573998025 -0.053032884090851475
leaf_weight=2.1129180639982215 7.9209712445735923 3.4443955626338747 5.4532975330948821 4.2476368416100749 2.5354314371943465 15.222750145941975 9.2519476413726824 4.506423979997634 892.14714500308037 22.663917245343328 9.2018288522958738 35.59563172608614 9.9794406667351705 6.8414874747395507 55.868196532130241 91.206832034513354 68.708110256120563 2.953087002038953 8.6252935416996461 4.9717205390334174 0.98815773427485809 5.2077333554625493 5.0842340774834156 0.884860049933195 2.6821284703910386 2.8106083795428285 1.3284846954047682 1.129560090601444
leaf_count=9 35 20 38 34 17 135 39 20 4052 160 36 151 87 61 258 675 380 22 63 26 14 27 30 18 62 32 20 22
internal_value=0.000422769 0.000758535 -0.0265395 0.000352439 0.00598624 -0.00116322 0.0145276 -0.00222162 -0.00158841 0.0155894 -0.0212382 0.0296945 0.0331939 -0.0279543 -0.00284392 0.00945907 -0.00567109 -0.0454425 0.0245156 0.0224836 0.0167559 0.0076793 0.0186014 0.0471704 0.0592794 -0.0596679 -0.0548856 -0.0535626
internal_weight=1283.57 1267.79 15.788 1244.52 263.835 980.688 61.9704 918.718 896.654 126.386 18.4538 43.5166 32.6434 22.0642 137.449 93.7423 124.576 10.3347 12.8729 23.2632 19.8188 15.2637 10.292 4.55515 3.67029 8.22174 5.26865 2.45804
internal_count=6543 6400 143 6203 1674 4529 261 4268 4072 939 75 186 247 196 735 692 638 105 97 197 177 83 57 94 76 96 74 42
is_linear=0
shrinkage=0.05


Tree=77
num_leaves=27
num_cat=0
split_feature=12 19 0 0 8 19 9 8 9 9 0 3 11 13 16 19 1 13 13 19 12 12 13 15 13 17
split_gain=4.46845 4.47773 4.56358 7.7797 7.72455 9.15275 5.85791 6.17262 5.5726 5.02905 3.58699 3.52426 3.43427 3.76397 3.46176 4.40648 2.87555 2.83034 2.83686 4.05935 3.73787 2.75793 1.73442 1.15413 0.00592512 0.00145071
threshold=1.2916825967753054 24.500000000000004 195.60500000000002 197.24500000000003 123.00000000000001 149.50000000000003 68.501026694045194 3.5000000000000004 77.470225872689952 18.973305954825467 157.90000000000003 143.63500000000002 1.4948665297741275 0.010298687123454551 0.49982888432580425 58.500000000000007 1899.2200000000003 1.0004521445172199 0.049909163432669941 214.00000000000003 6.1467845291272232 2.1044576963191028 0.65730523625043258 27.003080082135529 0.093923617985896393 0.33771929824561409
decision_type=10 2 10 10 8 2 10 8 10 10 8 8 10 10 10 2 8 10 8 2 8 8 10 8 10 10
left_child=1 11 6 -4 5 -5 7 9 -6 -3 -9 -1 17 -14 24 -16 -17 18 21 20 -20 -2 -8 -13 -15 -26
right_child=12 2 3 4 8 -7 22 10 -10 -11 -12 23 13 14 15 16 -18 -19 19 -21 -22 -23 -24 -25 25 -27
leaf_value=0.05566682303945826 0.060902406171149774 0.012567800925983237 -0.073642431957030297 -0.0035679994311680718 -0.02620076768350528 0.0093554354475455723 -0.01364090493995317 -0.030627919446958501 0.0042666018694720196 0.048508094113777704 0.0037892127152254363 -0.010346617511041914 -0.042115700800389039 0.055665854905280601 -0.070879581985891948 -0.02311913466842418 0.054534949406869926 0.051324645508988 -3.6220192891495442e-05 -0.048891145618382564 0.05738598681872184 0.0022520433444391396 -0.055265392176750597 0.020878233655798446 0.051940744741542283 0.053406841250926484
leaf_weight=5.9605724774301079 3.9804196208715412 37.286550477147102 3.828739531338214 642.46674554422498 53.464627463370562 174.13984970003366 5.4857013896107656 7.8498265966773024 20.865319117903709 13.171729788184164 212.69411236047745 4.7836035080254051 1.6794464215636278 1.4515922963619257 1.4130137395113695 1.7964625582098959 3.5439807940274477 3.2628517001867285 48.325613345950842 4.012013114988803 3.0105803683400145 4.0375522077083597 4.6022141575813293 7.760043043643237 7.9931748304516059 2.1387996152043343
leaf_count=33 23 168 19 3219 299 817 27 38 86 67 875 26 15 15 25 17 84 27 317 24 13 22 20 38 195 34
internal_value=0.000402963 -0.000392424 -0.000776476 -0.00252235 -0.00221672 -0.000812101 0.004781 0.00617362 -0.0176482 0.0219497 0.0025642 0.0240123 0.0113669 0.0295285 0.0360902 0.00763821 0.028413 0.0059109 0.00357245 -0.000454164 0.00333127 0.0313683 -0.0326304 0.00897043 0.0526783 0.0522502
internal_weight=1281.01 1194.36 1175.86 894.765 890.937 816.607 281.09 271.002 74.3299 50.4583 220.544 18.5042 86.6455 20.0165 18.337 6.75346 5.34044 66.629 63.3662 55.3482 51.3362 8.01797 10.0879 12.5436 11.5836 10.132
internal_count=6543 5732 5635 4440 4421 4036 1195 1148 385 235 913 97 811 385 370 126 101 426 399 354 330 45 47 64 244 229
is_linear=0
shrinkage=0.05


Tree=78
num_leaves=31
num_cat=0
split_feature=9 10 9 10 15 9 19 9 0 7 3 0 1 1 16 9 3 0 10 8 3 0 9 11 10 3 11 3 7 11
split_gain=4.30119 5.78724 4.07841 4.08637 7.45484 9.66444 9.17714 6.64521 11.1515 9.09191 6.80933 6.59071 9.68188 5.40051 4.80038 4.59568 4.44988 3.39807 2.75126 2.26938 2.9135 2.82384 2.26036 1.09064 0.222466 0.119783 0.0226794 0.000548574 0.000528924 0.000356025
threshold=16.969199178644768 19.498973305954831 264.00000000000006 40.000000000000007 22.981519507186864 73.938398357289543 108.50000000000001 54.47227926078029 649.25000000000011 24.500000000000004 838.20000000000016 205.60500000000005 453.87000000000006 857.7650000000001 0.27853806344870052 47.507186858316224 600.92500000000007 511.84500000000008 29.94661190965093 1.5000000000000002 41.005000000000003 410.17000000000002 325.99589322381934 16.016427104722798 22.028747433264893 530.96000000000015 19.515400410677621 84.610000000000014 10.500000000000002 17.527720739219717
decision_type=8 10 10 8 10 10 2 10 10 8 8 10 10 10 8 8 10 10 8 8 8 10 10 8 10 10 8 10 8 10
left_child=1 17 3 7 11 16 -7 9 14 13 -10 15 -13 -2 -9 -5 -6 -1 -11 24 21 23 25 -21 -3 -4 -22 29 -28 -26
right_child=2 19 22 4 5 6 -8 8 10 18 -12 12 -14 -15 -16 -17 -18 -19 -20 20 26 -23 -24 -25 27 -27 28 -29 -30 -31
leaf_value=-0.016458809076547638 0.014799893993021007 -0.074932482478995185 0.055904248816746938 0.046088938043558292 0.034495887291356241 -0.037848389154514099 0.015186699334467382 -0.061637041266315584 0.052166511082336879 -0.045921104001707229 0.0010936230441260517 -0.0090110146685382624 0.0042410858541906916 0.06721616759122219 -0.013035209540416984 0.0033819149476971358 0.00092530487292463107 0.034253076486685193 -0.0039397607087587484 -0.033739124849088406 -0.061933159771361636 0.048863764171550306 0.0075644396041327352 0.0098791813415162605 -0.054904142541714919 0.074833115680520368 -0.053674797241348972 -0.053102942478871033 -0.055068158142815141 -0.053834090699172277
leaf_weight=6.8788117393851262 133.95094699412584 1.7703310027718568 1.362062752246856 6.449624463915824 40.695773238316178 14.480566348880528 18.678037721663713 5.67432951182127 10.69293535128236 7.2837691903114292 16.748276598751545 439.69643041118979 200.75313498452306 5.1012252010405055 48.55123982951045 270.24727059155703 13.032368602231143 6.3552298694849014 8.4072695001959801 4.9831001013517371 1.5483904369175441 1.8106603845953939 2.8374998439103365 2.0116763226687882 1.4342415668070319 2.1630124058574438 1.3938394263386729 1.3018059972673652 1.331937840208411 1.6971969604492185
leaf_count=37 620 12 15 31 284 124 205 39 56 38 87 2253 875 23 249 1139 128 28 43 43 14 17 17 24 19 30 23 25 17 28
internal_value=0.000384154 -0.017568 0.000852354 0.000647547 -0.000744998 0.0132527 -0.00797405 0.00656169 -0.00497748 0.0126516 0.020995 -0.00207109 -0.00485706 0.0167228 -0.0181211 0.00437739 0.026353 0.00789397 -0.0234275 -0.0350426 -0.0232296 -0.00678854 0.0407813 -0.0211946 -0.059949 0.0675191 -0.0571007 -0.0539656 -0.0543557 -0.0543242
internal_weight=1279.32 32.5172 1246.81 1240.44 1004.03 86.8867 33.1586 236.41 81.6668 154.743 27.4412 917.146 640.45 139.052 54.2256 276.697 53.7281 13.234 15.691 19.2832 13.0796 8.80544 6.36258 6.99478 6.20358 3.52508 4.27417 4.43324 2.72578 3.13144
internal_count=6543 287 6256 6194 5039 741 329 1155 431 724 143 4298 3128 643 288 1170 412 65 81 222 138 84 62 67 84 45 54 72 40 47
is_linear=0
shrinkage=0.05


Tree=79
num_leaves=28
num_cat=0
split_feature=5 19 19 16 9 20 19 19 20 2 20 8 13 19 20 8 2 20 11 13 16 0 10 11 13 11 2
split_gain=4.35723 4.32314 4.54074 4.05629 3.91347 4.04778 3.81013 18.6838 6.7875 6.68177 6.34381 5.93999 9.91935 4.58005 4.57302 4.4521 4.54193 4.41173 3.09249 1.88216 2.06025 0.957236 0.115616 0.0164918 0.0138848 0.00252483 0.00155245
threshold=40.500000000000007 106.50000000000001 38.500000000000007 1.5207316151819359 12.501026694045175 757.50000000000011 106.50000000000001 111.50000000000001 1043.5000000000002 393.99000000000007 964.50000000000011 44.500000000000007 0.96325104297257236 110.00000000000001 492.50000000000006 25.500000000000004 642.68500000000006 536.00000000000011 10.51334702258727 0.064973945324498544 10.406593406593409 152.69000000000003 19.991786447638606 9.5441478439425058 0.64648498746548233 14.997946611909653 1441.3000000000002
decision_type=10 2 2 10 8 2 2 2 2 8 2 8 8 2 2 8 8 2 8 10 10 10 8 10 10 10 10
left_child=4 2 -2 -4 5 18 11 13 10 -10 -9 15 17 -8 -14 16 -6 -13 -1 -3 23 -15 -20 24 -21 -24 -25
right_child=1 19 3 -5 6 -7 7 8 9 -11 -12 12 14 21 -16 -17 -18 -19 22 20 -22 -23 25 26 -26 -27 -28
leaf_value=0.0092344960857386159 0.055029212248907014 -0.012290754171540168 0.0013580074889089759 -0.08796315747263117 0.013266272644587702 0.0095409841196711885 0.0011085597577464898 0.00047855148268945223 -0.021795637210485098 0.036589702483847512 -0.013164840917103949 -0.01657638478770973 -0.0099611432485089899 -0.042659855988947705 0.022617930502104172 0.053979987853085713 -0.0018925648280390215 -0.062591495127160932 -0.0672508059336243 0.058670310552921268 -0.014080579464115823 -0.068685609172146556 -0.055557941868941023 0.053180119262364434 0.053649676128960759 -0.053278980262301857 0.051350767473782526
leaf_weight=2.1078500598669043 2.1443012654781368 1.4930235259234894 3.5418504886329174 1.982484422624111 143.91612432897091 5.3920403234660617 3.7120201662182835 807.38359703682363 6.2780829351395395 22.329246204346418 95.253027901053429 12.412991710007192 22.322672419250011 5.1752541512250927 20.814978659152985 5.4090051092207423 75.251659793779254 8.9752534665167314 2.7934027910232535 3.0888991281390172 1.2210677601397026 11.134293362498282 2.6123302727937698 2.8445541597902775 2.4849252551794052 2.272655202075839 1.9580584745854137
leaf_count=9 27 19 37 16 687 38 21 3929 32 105 461 72 90 26 77 29 471 56 22 23 11 59 32 44 42 42 66
internal_value=0.000365824 0.0230859 -0.00672564 -0.0306961 -9.82876e-06 -0.0252445 0.000298966 -0.00122874 -0.000201269 0.0237766 -0.000961202 0.00532574 -0.0080449 -0.0490185 0.00575906 0.00916742 0.00806146 -0.0358859 -0.0444107 0.0405499 0.0473525 -0.0604273 -0.0591373 0.0545817 0.056432 -0.0544977 0.0524343
internal_weight=1276.31 20.7592 7.66864 5.52433 1255.55 15.1783 1240.37 951.266 931.244 28.6073 902.637 289.103 64.5259 20.0216 43.1377 224.577 219.168 21.3882 9.78624 13.0905 11.5975 16.3095 7.67839 10.3764 5.57382 4.88499 4.80261
internal_count=6543 285 80 53 6258 143 6115 4633 4527 137 4390 1482 295 106 167 1187 1158 128 105 205 186 85 96 175 65 74 110
is_linear=0
shrinkage=0.05


Tree=80
num_leaves=31
num_cat=0
split_feature=12 20 8 20 20 19 20 20 0 9 12 12 10 19 9 8 11 19 9 7 11 0 17 13 16 0 20 12 16 13
split_gain=4.06512 4.13063 12.973 5.92929 12.7475 7.46607 12.3493 15.3591 13.617 8.06896 5.54044 5.48363 5.0278 5.11688 4.98727 4.91572 3.71297 7.78946 4.39806 3.60739 4.81841 3.3374 3.39689 5.82066 2.93378 2.74302 2.66485 2.29814 2.28276 2.04927
threshold=1.2916825967753054 19.000000000000004 3.5000000000000004 157.00000000000003 263.50000000000006 144.50000000000003 103.50000000000001 42.500000000000007 508.40500000000003 52.468172484599599 0.15545369723448102 1.0739833967539192 103.52361396303904 110.00000000000001 93.50308008213554 11.500000000000002 11.498973305954827 119.00000000000001 48.509240246406577 1.5000000000000002 28.008213552361401 182.24000000000004 0.48096385542168679 0.52619328812776922 0.74331183997388151 3935.7850000000003 13.500000000000002 4.6798927287133552 1.4520701583698181 0.71509090684881615
decision_type=10 2 8 2 2 2 2 2 10 10 8 8 10 2 8 8 8 2 8 8 8 8 10 10 8 8 2 8 8 10
left_child=1 2 11 5 16 6 7 -3 -8 10 -7 24 13 -6 -14 -11 17 -5 -18 20 -2 -4 26 -24 -1 28 -23 -22 -21 -30
right_child=19 3 21 4 12 9 8 -9 -10 15 -12 -13 14 -15 -16 -17 18 -19 -20 25 27 22 23 -25 -26 -27 -28 -29 29 -31
leaf_value=-0.010653665937041373 0.051959054722312818 0.060950335147427197 -0.039108870229017281 0.023007765953407089 0.0085236627795700539 0.029113987718166291 0.089880335698557801 -0.0016270824370743166 0.003247713878493578 0.049128510253634246 -0.028042789068923414 0.0060323916391641728 -0.056772400382182564 -0.00081849492137057794 0.0063438953761749866 -0.01310984948397202 -0.061544837524138467 -0.047437226322400119 -0.021174978462005285 -0.038600235939131977 0.015442161890091483 -0.01129545435008341 0.052015197119084124 -0.011900636687765788 -0.060278354947348581 0.03978720231970026 0.021358006149880229 -0.03266549110613888 -0.0088330223823591403 0.020054468020853977
leaf_weight=3.5987868383526802 9.4466938432306033 11.813418608158825 4.2812721952795973 11.838266491889955 185.2467711828649 4.9970401823520652 11.164054300636055 57.690458428114653 7.6398180350661269 8.6547971293330157 27.979985345155001 5.1174525916576377 7.4781784377992127 702.06115416623652 5.382583763450385 5.0085270851850519 7.7518711108714333 5.8699376210570327 52.025716323405504 4.4555119033902884 35.883210914209485 22.70537094026804 8.9923297613859159 5.8985046632587901 17.274907849729068 3.7558874618262044 8.6203878596425074 2.6670046765357247 20.503424800932411 8.7632667329162341
leaf_count=19 237 48 22 60 926 17 48 269 37 41 146 23 60 3342 31 21 50 30 240 34 309 101 39 29 95 43 38 27 110 51
internal_value=0.000347429 -0.000409644 -0.011649 0.000363037 -0.000993063 0.0101875 0.0187345 0.00900906 0.0546824 -0.00599517 -0.0193818 -0.0403512 0.000682028 0.0011319 -0.0303565 0.026314 -0.0204529 -0.000343428 -0.0264101 0.0108795 0.0199562 0.00312395 0.00703619 0.0266971 -0.0517227 -0.000744758 -0.0023097 0.0121139 -0.0052591 -0.000183299
internal_weight=1274.57 1189.09 76.489 1112.6 977.654 134.948 88.3077 69.5039 18.8039 46.6403 32.977 25.9911 900.169 887.308 12.8608 13.6633 77.4858 17.7082 59.7776 85.475 47.9969 50.4979 46.2166 14.8908 20.8737 37.4781 31.3258 38.5502 33.7222 29.2667
internal_count=6543 5732 366 5366 4739 627 402 317 85 225 163 137 4359 4268 91 62 380 90 290 811 573 229 207 68 114 238 139 336 195 161
is_linear=0
shrinkage=0.05


Tree=81
num_leaves=31
num_cat=0
split_feature=5 20 20 17 10 10 7 20 9 2 5 20 12 20 11 10 11 16 10 10 20 20 12 9 9 7 20 16 16 20
split_gain=3.89793 3.79332 17.374 12.7854 9.50481 9.17236 7.81917 7.01248 6.88115 6.64071 5.63867 12.2428 5.39415 5.37161 10.9445 5.20205 5.11185 4.88179 4.6998 4.52855 4.67828 4.22045 3.06586 2.27769 4.04821 1.95059 1.92568 1.8152 3.22005 2.34841
threshold=40.500000000000007 553.50000000000011 590.50000000000011 0.10555555555555557 15.490759753593432 8.9856262833675586 8.5000000000000018 785.50000000000011 25.938398357289532 2304.9000000000005 8.5000000000000018 201.50000000000003 1.0498750592944686 926.00000000000011 24.492813141683783 90.0205338809035 4.5174537987679679 0.067095006695140236 20.977412731006165 26.036960985626287 40.500000000000007 589.00000000000011 1.0498750592944686 59.498973305954827 62.455852156057496 4.5000000000000009 67.000000000000014 2.6181124674154899 2.1264096840168323 243.00000000000003
decision_type=10 2 2 10 8 8 8 2 8 8 8 2 8 2 8 8 10 10 8 8 2 2 10 10 10 8 2 8 8 2
left_child=1 5 6 4 -4 26 9 -6 19 16 11 -10 15 17 -15 -8 -3 -5 -12 20 -7 -14 -11 -2 -25 -21 -1 28 29 -26
right_child=23 2 3 13 7 8 12 -9 10 22 18 -13 21 14 -16 -17 -18 -19 -20 25 -22 -23 -24 24 27 -27 -28 -29 -30 -31
leaf_value=0.011648364739136545 0.055286145670775444 0.051881405891478417 -0.059498277162576989 0.036440394463937612 -0.013685961543713154 -0.053598910349939577 0.0057707782965389677 0.0011370564263813714 0.054287878483265765 -0.0084615695669511982 0.031088391646907038 -0.011350677054970658 0.056372889159211792 0.037012611116187276 -0.036225248612753384 -0.056796459097704678 0.016122214445752996 -0.0015252064542997051 -0.0035579329451317296 -0.056762864078537201 0.0016728818597025416 0.0076251823989640357 0.041924459966421419 -0.065651797897132824 -0.027700354497296815 -0.016601932084572921 0.051331061934803052 0.055249321881073302 -0.048674012441766126 0.035714855000037168
leaf_weight=4.5952050983905783 4.1230891253799227 34.190864948555827 7.8386531248688689 36.824992453679442 120.12362120859325 4.8550117909908321 7.6149108186364147 237.61786821857095 13.491824880242349 11.957178853452204 9.9450266957283002 15.004366561770437 5.4456680715084103 9.3726580776274186 11.192845717072489 5.8931733444333085 14.121944587677715 10.995343124493955 620.89242727868259 10.691436436027285 18.1054364182055 24.044863492250443 4.0388203561305991 1.4635662026703382 1.795099725946782 4.2155234571546325 9.1341124475002271 3.1404993496835223 1.8188971485942591 7.8185985703021288
leaf_count=21 47 146 36 172 622 28 42 1146 53 49 45 77 19 53 52 29 110 73 3047 123 97 95 42 11 30 40 41 45 20 132
internal_value=0.000329943 -2.12015e-05 0.00313269 -0.00132181 -0.00503367 -0.00242245 0.0211473 -0.00384027 -0.00321942 0.0321837 -0.002029 0.0197266 0.00464124 0.0185212 -0.00284734 -0.0215254 0.0414289 0.027711 -0.00301174 -0.0239466 -0.0100144 0.0166268 0.00426037 0.022141 0.0136192 -0.0454058 0.0380493 0.0215804 0.0123316 0.0238738
internal_weight=1272.36 1252.2 541.273 433.966 365.58 710.93 107.307 357.741 697.201 64.3088 659.334 28.4962 42.9986 68.3858 20.5655 13.5081 48.3128 47.8203 630.837 37.8674 22.9604 29.4905 15.996 20.1598 16.0367 14.907 13.7293 14.5731 11.4326 9.6137
internal_count=6543 6258 2686 2154 1804 3572 532 1768 3510 347 3222 130 185 350 105 71 256 245 3092 288 125 114 91 285 238 163 62 227 182 162
is_linear=0
shrinkage=0.05


Tree=82
num_leaves=31
num_cat=0
split_feature=19 7 19 15 12 1 13 9 1 13 9 0 2 19 0 1 9 19 0 12 9 0 2 0 0 1 19 12 1 2
split_gain=3.74569 11.8393 11.1705 12.4148 8.8773 8.21849 8.18628 11.1783 8.75879 7.90458 7.29803 6.30218 11.0491 7.82165 7.8024 10.1675 7.60586 7.36579 6.23763 6.62048 6.0866 5.90693 5.53189 5.07011 4.7917 6.41239 4.72508 7.73359 6.02283 5.69241
threshold=149.50000000000003 40.500000000000007 210.00000000000003 8.5092402464065717 0.5208187401828509 1161.1100000000004 0.22590224353519228 63.983572895277213 1367.1400000000001 0.030742262812798109 77.470225872689952 6185.7050000000008 1304.5000000000002 144.50000000000003 2284.9700000000007 2010.5850000000003 147.46611909650929 144.50000000000003 2435.4800000000005 0.68643463772933189 60.50102669404518 1647.5250000000003 8389.1850000000031 257.04500000000002 1566.5000000000002 1064.9400000000003 203.50000000000003 0.96707034465020592 641.65000000000009 2375.0250000000005
decision_type=2 8 2 8 8 10 10 8 8 8 10 8 8 2 8 10 10 2 10 10 10 8 8 10 10 10 2 10 8 8
left_child=11 2 3 5 21 10 24 -8 -9 -3 -2 12 14 18 15 16 -1 22 20 -20 -14 -5 -13 -15 25 -4 28 -28 -11 -30
right_child=1 9 6 4 -6 -7 7 8 -10 26 -12 17 13 23 -16 -17 -18 -19 19 -21 -22 -23 -24 -25 -26 -27 27 -29 29 -31
leaf_value=-0.00090383385119135377 -0.0068620217329317182 0.058326334890474188 -0.020803738962974074 -0.021185356263534089 0.034407710848095428 -0.073864560107912314 -0.047282185503726398 -0.027308581647175024 0.052730413928958358 0.036603032088607622 0.066270428051792646 0.055995629010825748 -0.022769952398926249 -6.3203042589475604e-05 -0.064518074556858845 0.078749783666771364 0.039199588531839448 0.033169272764663575 0.074154082787763143 0.00043622158673881241 0.0076203079673403595 0.037738456531165726 0.0015625996347814041 -0.058621308363386637 -0.068746595287116657 0.046974391063801843 0.030925865501999762 -0.020695464774081372 -0.06517601025710057 -0.019993702438330735
leaf_weight=623.25011786073446 27.439748516306285 3.9646262824535361 32.076361546292901 13.520728692412378 89.429297657683492 4.0014650113880625 5.3067626580595997 4.4210801888257292 15.066192982718347 3.8787139505147925 3.8956527747213832 4.8250665813684455 84.037520194426179 4.9107571989297893 4.6674173921346656 4.1103633195161811 12.051554042845963 24.064621683210135 3.357555776834487 32.788506612181664 20.49359393119812 6.2052341103553763 142.96951063349843 14.948592161759732 4.3926845937967292 3.9156308360397807 12.909865349531175 16.565126396715641 8.5265432987362129 38.212869871407747
leaf_count=3254 143 18 155 50 541 23 38 25 104 18 19 26 460 19 20 14 64 92 12 202 154 21 613 75 22 18 45 86 48 164
internal_value=0.000314273 0.00526486 0.0116208 0.019372 0.0277109 -0.00638687 -0.00556252 0.0170524 0.034572 -0.0105892 0.00222989 -0.00117489 -0.00303131 -0.0147674 -0.000106107 0.000364071 -0.000143079 0.00751658 -0.0106207 0.00728377 -0.0168119 -0.00264958 0.00333968 -0.0441412 -0.0194469 -0.01343 -0.0140005 0.00191436 -0.0232678 -0.0282362
internal_weight=1270.2 293.729 209.671 144.492 109.155 35.3369 65.1787 24.794 19.4873 84.0577 31.3354 976.475 804.616 160.537 644.079 639.412 635.302 171.859 140.677 36.1461 104.531 19.726 147.795 19.8593 40.3847 35.992 80.0931 29.475 50.6181 46.7394
internal_count=6543 1538 1159 797 612 185 362 167 129 379 162 5005 4274 922 3352 3332 3318 731 828 214 614 71 639 94 195 173 361 131 230 212
is_linear=0
shrinkage=0.05


Tree=83
num_leaves=29
num_cat=0
split_feature=15 16 16 11 20 8 2 11 0 13 19 20 20 13 2 11 20 8 0 16 19 13 1 20 15 13 2 19
split_gain=3.62026 4.16099 7.00376 3.46975 3.89382 10.1841 7.87262 4.13416 4.015 5.13713 3.93971 4.14075 3.0022 3.04509 4.02122 3.68337 2.97775 5.74711 2.86979 2.54505 2.27781 0.968935 0.904688 0.825083 0.0642615 0.0158708 0.00276339 0.000739502
threshold=93.979466119096529 1.905595181568571 2.4320093079724812 -1.4784394250513346 19.000000000000004 3.5000000000000004 2584.7500000000005 70.981519507186874 178.64500000000001 0.57116564462597286 20.500000000000004 153.50000000000003 412.50000000000006 0.73108582379542597 611.72500000000002 -6.9815195071868574 297.50000000000006 3.5000000000000004 355.07500000000005 0.55006078574172956 138.00000000000003 0.81025506176978546 1625.2300000000002 444.50000000000006 19.987679671457908 0.96325104297257236 515.08000000000015 113.00000000000001
decision_type=10 10 10 8 2 8 8 10 8 10 2 2 2 10 10 8 2 10 8 8 2 10 8 2 10 10 10 2
left_child=3 22 -3 12 5 6 20 10 -7 -10 18 -12 16 19 15 -15 17 -1 -6 -14 -5 -4 -2 -9 -21 26 -24 -28
right_child=1 2 21 4 7 8 -8 23 9 -11 11 -13 13 14 -16 -17 -18 -19 -20 24 -22 -23 25 -25 -26 -27 27 -29
leaf_value=-0.056360433817679911 0.01260546353594026 -0.062065017336304741 0.068622789004077533 -0.036428484926705917 0.060259092220836898 -0.049877360599467943 0.013412363308505032 -0.021314731225585595 0.013041083625808636 -0.044380052205439904 0.0091612373649808468 -7.1729989418327884e-05 -0.0040929119693745557 -0.024712048691021383 -0.043608530126764217 0.041881420515199094 0.033645017658904618 0.01939112008193996 0.011784397452633519 -0.054688549796268221 -0.070401098527465053 0.017109306080760212 0.055328486152754854 -0.06483070884563237 -0.063864114495430016 0.058762579171378504 0.053782005959433103 0.052245995621335639
leaf_weight=4.3452478013932687 1.5252361837774486 2.98252691887319 1.7086707931011917 11.927008725702768 4.5955650769174072 3.2947307042777529 6.3182802107185116 1.8661414105445135 39.376286011189222 4.3226818293333045 138.57075321674347 981.86789370514452 2.9765223637223244 3.731264915317297 5.192307397723197 4.681969650089739 5.2321466952562323 5.9084132611751556 9.0975167006254196 5.6968746632337588 8.4152349662035686 1.9598744902759788 1.5176150966435678 2.6166251059621572 2.8692960180342197 2.0607641134411097 1.1913736388087275 2.2893608417361975
leaf_count=27 18 27 27 65 26 18 31 26 181 25 684 4918 17 22 30 24 20 25 51 55 50 18 15 31 18 18 17 59
internal_value=0.000298666 0.024525 -0.00516078 4.07088e-06 0.000485803 -0.0106558 -0.0353399 0.00120653 0.00334803 0.00736101 0.00139594 0.00107016 -0.0143678 -0.0250328 -0.00900725 0.0123473 0.0029515 -0.0127105 0.0280531 -0.0439223 -0.0504824 0.0411024 0.0475253 -0.0467153 -0.057762 0.0550703 0.053548 0.0527717
internal_weight=1268.14 15.2354 6.65107 1252.9 1212.27 73.6542 26.6605 1138.61 46.9937 43.699 1134.13 1120.44 40.634 25.1482 13.6055 8.41323 15.4858 10.2537 13.6931 11.5427 20.3422 3.66855 8.58435 4.48277 8.56617 7.05911 4.99835 3.48073
internal_count=6543 199 72 6344 6106 370 146 5736 224 206 5679 5602 238 166 76 46 72 52 77 90 115 45 127 57 73 109 91 76
is_linear=0
shrinkage=0.05


Tree=84
num_leaves=14
num_cat=0
split_feature=9 11 11 20 20 17 10 7 9 9 9 10 7
split_gain=3.5524 3.45974 5.12935 3.57074 15.6501 11.1055 10.4525 7.34165 5.70046 3.58382 2.44539 1.2127 0.287324
threshold=264.00000000000006 70.981519507186874 58.989733059548264 553.50000000000011 590.50000000000011 0.10555555555555557 8.9856262833675586 8.5000000000000018 25.938398357289532 61.470225872689944 325.99589322381934 120.476386036961 1.0000000180025095e-35
decision_type=10 10 10 2 2 10 8 8 8 8 10 8 8
left_child=1 2 3 6 7 -6 9 -5 -8 -1 12 -3 -2
right_child=10 11 -4 4 5 -7 8 -9 -10 -11 -12 -13 -14
leaf_value=0.053148056876362385 0.054350805082330256 -0.0065422293582829173 0.05004575859153193 0.030789564331108174 -0.0045936697801146681 0.017207632654777701 -0.022387743545858849 0.0040972192189590263 -0.0021173329134334955 -0.0023699333755069735 0.0039825126653780544 -0.062257459937750628 0.084034634823098198
leaf_weight=11.235560104250904 1.8496174979954951 1.4528438989073027 5.1512801051139823 64.804343892261386 366.31211398355663 69.495647748932242 36.619109112769365 42.757852535694838 656.22893867455423 3.9213458914309749 2.8074460066854954 2.9798339512199163 1.4576870258897541
leaf_count=59 38 23 34 370 1832 376 270 187 3273 21 17 36 7
internal_value=0.000283478 9.91174e-05 0.000254674 4.97093e-05 0.00309849 -0.00111715 -0.00229012 0.0201789 -0.00318869 0.0387846 0.0383017 -0.0439964 0.0674339
internal_weight=1267.07 1260.96 1256.53 1251.37 543.37 435.808 708.005 107.562 692.848 15.1569 6.11475 4.43268 3.3073
internal_count=6543 6481 6422 6388 2765 2208 3623 557 3543 80 62 59 45
is_linear=0
shrinkage=0.05


Tree=85
num_leaves=26
num_cat=0
split_feature=12 15 8 12 17 20 2 0 1 1 1 2 0 12 20 0 20 20 20 3 17 12 20 0 11
split_gain=3.41897 3.73085 5.1155 3.67891 6.9976 5.01854 10.3851 6.57125 4.50068 6.03162 5.31092 6.64004 5.08625 3.76733 3.36031 2.91664 2.79844 2.68319 2.95707 5.29049 2.99633 2.00928 0.756422 0.611627 0.00390397
threshold=1.3348855159794144 155.48254620123205 98.500000000000014 0.9832240605314605 0.16954022988505749 954.50000000000011 441.52500000000003 163.73000000000002 162.23000000000005 167.99000000000004 206.60500000000005 168.15000000000003 219.17000000000004 0.4257366100830326 1041.5000000000002 600.43500000000006 361.50000000000006 67.000000000000014 118.50000000000001 421.73500000000007 0.51470588235294124 1.506638089943855 40.500000000000007 430.22500000000008 -13.48665297741273
decision_type=10 8 8 8 8 2 10 10 8 8 8 10 10 10 2 10 2 2 2 10 10 10 2 10 10
left_child=3 2 14 4 16 7 15 -6 -5 -10 11 -11 -12 -9 22 -7 -1 -3 19 -19 21 -20 -2 -18 -24
right_child=1 17 -4 8 5 6 -8 13 9 10 12 -13 -14 -15 -16 -17 23 18 20 -21 -22 -23 24 -25 -26
leaf_value=0.00023660256074405003 0.010939861960510415 0.03459289532598965 -0.02416780676979631 -0.042181915654853901 0.078395157243714431 -0.056158268978530351 0.03200810654651879 0.0025189788436460127 0.056843804789482935 0.010613731899447351 0.0044928096825946314 -0.051523610895328142 -0.0034025488566949177 0.018989470370575159 -0.044481849421768735 -0.013463242932171611 -0.056025109729213353 -0.086640080710331607 0.035753117487862106 0.014974440635127274 -0.034606926144594902 0.0041267689345907245 0.054207633508357382 -0.030724874825554999 0.052118878451279139
leaf_weight=6.3411139026284209 1.1911748833954359 6.4560067597776643 3.5321379750967017 6.7771022692322722 3.7127033025026313 8.3011218309402519 8.8059999048709852 67.479456260800362 4.4408434256911269 6.8805081248283413 290.20567661523819 11.460819002240894 686.56047725304961 71.511456768959761 1.0304296761751164 7.7202270179986945 4.4921829998493177 2.5524618662893763 5.8554747179150572 2.5713190864771605 4.4398265108466139 35.28467592317611 2.882367778569459 5.1016852930188179 9.9915926586836559
leaf_count=25 28 35 15 39 12 42 37 259 18 27 1269 59 3642 301 22 30 19 20 45 21 32 231 36 22 257
internal_value=0.000269862 0.0105668 0.0299999 -0.000386036 0.00612553 0.00913711 -0.0116103 0.0127467 -0.00157318 -0.00129784 -0.00155731 -0.0282136 -0.00105677 0.0109931 0.0426743 -0.0355848 -0.0255365 0.00423383 0.000368276 -0.0356458 0.00441673 0.00862814 0.0490595 -0.0425713 0.0525865
internal_weight=1265.58 75.7875 18.6277 1189.79 183.466 167.531 24.8273 142.704 1006.33 999.548 995.107 18.3413 976.766 138.991 15.0956 16.0213 15.935 57.1598 50.7038 5.12378 45.58 41.1402 14.0651 9.59387 12.874
internal_count=6543 742 358 5801 747 681 109 572 5054 5015 4997 86 4911 560 343 72 66 384 349 41 308 276 321 41 293
is_linear=0
shrinkage=0.05


Tree=86
num_leaves=27
num_cat=0
split_feature=5 19 19 16 12 12 1 8 1 13 9 1 1 9 1 0 1 1 1 19 13 12 9 16 10 12
split_gain=3.34355 4.12266 4.11609 3.81258 3.11486 6.88735 7.49215 5.51569 5.92766 4.74029 7.09013 4.65685 7.06896 4.76366 4.13185 4.11009 2.68041 5.69997 3.28347 2.46598 2.37713 1.96407 1.67613 0.827646 0.0120252 0.00221898
threshold=40.500000000000007 106.50000000000001 38.500000000000007 1.5416739285683925 0.96707034465020592 0.66114490960797645 40014.955000000009 1.0000000180025095e-35 1666.5000000000002 0.24205535205446962 59.498973305954827 162.23000000000005 167.99000000000004 254.94866529774131 944.80000000000007 2435.4800000000005 479.34000000000003 272.10000000000008 1929.7300000000002 129.00000000000003 0.0051462791929187289 0.99999828385692868 324.50102669404527 10.406593406593409 28.960985626283371 1.1321848237497989
decision_type=10 2 2 8 8 10 8 10 10 10 10 8 8 10 10 8 8 8 8 2 10 10 10 8 10 10
left_child=4 2 -2 -4 5 6 7 8 -1 16 19 20 -13 15 -9 -14 17 -7 -18 -11 -6 -3 -15 24 -23 -26
right_child=1 21 3 -5 11 9 -8 14 -10 10 -12 12 13 22 -16 -17 18 -19 -20 -21 -22 23 -24 -25 25 -27
leaf_value=0.0036864089939812809 0.054749273125593759 -0.022716989521440075 0.00078010079918256609 -0.085974584259695244 -0.059271401164392383 0.051695249181770424 -0.058530903339931876 -0.0031679548820426904 0.042872382847844712 -0.041868644782563545 0.045389323707753997 0.056829814374897064 -0.0031745044222586689 0.07101200699715117 -0.039952794647772766 0.0039855058013314971 0.055292013615108507 -0.017634642550189553 0.016666061033018136 -0.0011966081718782751 -0.0044105313748545516 0.056393397311116603 0.016359180954828894 0.022112023345147454 0.053289208795384263 0.051196410081481791
leaf_weight=66.394392184913158 1.9131882991641784 1.1625206992030133 3.5244366656988859 1.9766610469669101 5.1568004935979825 5.2121798358857605 5.3774888291954985 25.401426285505295 11.292148187756537 5.713208392262465 6.7937433980405322 5.2958095446228972 777.52925087325275 2.9275826085358849 10.913859844207762 270.04191837087274 15.067137330770494 6.8751511722803125 8.6666417345404607 10.718972995877264 3.1997297778725624 2.8925827946513873 2.6936903577297926 2.7688474114984265 2.8598236553370953 2.2735259160399437
leaf_count=260 27 12 38 15 28 20 28 96 39 30 33 22 4200 27 43 1227 52 26 39 52 20 33 16 30 41 89
internal_value=0.000257078 0.02087 -0.00842259 -0.0303927 -6.35787e-05 0.00605116 -0.00085761 0.00186285 0.0093823 0.0200191 0.00242542 -0.00108625 -0.000792731 -0.00108248 -0.0142229 -0.0013288 0.0314266 0.0122611 0.0411873 -0.0153376 -0.0382651 0.0390333 0.0448226 0.0456833 0.0538151 0.0523623
internal_weight=1264.64 19.3716 7.41429 5.5011 1245.27 178.426 119.379 114.002 77.6865 59.047 23.2259 1066.84 1058.49 1053.19 36.3153 1047.57 35.8211 12.0873 23.7338 16.4322 8.35653 11.9573 5.62127 10.7948 8.02593 5.13335
internal_count=6543 285 80 53 6258 718 466 438 299 252 115 5540 5492 5470 139 5427 137 46 91 82 48 205 43 193 163 130
is_linear=0
shrinkage=0.05


Tree=87
num_leaves=30
num_cat=0
split_feature=15 16 16 20 20 10 17 2 20 10 13 20 20 1 2 10 1 7 0 12 13 20 2 0 13 1 13 12 1
split_gain=3.15741 3.94336 6.12893 2.96235 13.4619 9.49073 9.35411 6.61935 6.58124 7.65158 6.21847 6.35138 5.61158 5.45603 6.48845 5.42155 4.42079 3.7788 3.45867 3.45323 2.9564 1.11457 1.10345 1.04144 0.991078 0.925526 0.0141508 0.00371218 0.000412021
threshold=93.979466119096529 1.905595181568571 2.4320093079724812 553.50000000000011 590.50000000000011 8.9856262833675586 0.10555555555555557 159.12500000000003 1043.5000000000002 15.490759753593432 0.74247477801936146 589.00000000000011 543.00000000000011 492.81000000000006 5141.3150000000005 58.004106776180706 11043.710000000001 15.500000000000002 160.05000000000004 1.0439145680584521 0.75699145203797891 233.50000000000003 11918.360000000002 301.38500000000005 0.81025506176978546 1625.2300000000002 0.96325104297257236 1.1999376506865109 7983.4150000000009
decision_type=10 10 10 2 2 8 10 8 2 8 10 2 2 10 8 8 10 10 10 10 8 2 10 8 10 8 10 10 8
left_child=3 25 -3 5 7 20 8 23 9 -6 11 -9 16 15 -15 -8 17 -7 -10 -12 21 -1 -18 -5 -4 -2 27 -27 -29
right_child=1 2 24 4 6 12 13 10 18 -11 19 -13 -14 14 -16 -17 22 -19 -20 -21 -22 -23 -24 -25 -26 26 -28 28 -30
leaf_value=0.033615145495461261 0.011019761782560374 -0.057556969019938654 0.068880922667803435 0.068791993909375307 -0.05546905067530248 -0.0026915698616248648 0.0042356123852467951 0.038047072825487666 0.038105115983923077 -0.0056962432539064533 0.021155171193559974 0.002994472816080855 -0.05760083786037478 -0.03808330900541862 0.034356915457557945 0.036211648731981204 0.057523267874733601 -0.045292145611580813 0.0057961019983681257 0.077434856559359208 -0.00036319380322251816 0.065577249182515382 0.016449896154712176 0.038856336422925596 0.015485098343302403 0.054721576324367076 0.058380697988933021 0.052708712726925171 0.051337374375970302
leaf_weight=5.1051189396530354 1.4762557409703703 3.0308143086731425 1.5789514193311336 6.0121510624885532 7.9193313568830481 677.35267050750554 22.676627684384584 15.986647214740513 10.526920031756161 309.24587472993881 5.3443175405263883 67.438075993210077 4.6734396368265143 8.7634196113795007 4.7757206521928319 31.909220719709992 3.4776968136429778 5.2458264399319878 38.864132110029459 5.5624523274600506 3.8248270638287076 5.8567109331488609 3.0864533800631762 5.6222941428422937 1.9328151661902664 2.3234132975339898 1.9660330060869453 0.91021913290023837 1.3753879871219394
leaf_count=30 18 27 27 21 40 3437 118 77 39 1553 25 341 31 45 30 158 13 31 214 42 20 29 30 20 18 24 18 19 48
internal_value=0.000245014 0.0233671 -0.00546497 -2.50971e-05 0.00276237 -0.00215181 -0.00113314 0.0187421 -0.00429519 -0.00693903 0.0143534 0.00971159 -0.00299654 0.0158807 -0.0125311 0.0229278 -0.00262625 -0.00301896 0.0126823 0.0498578 0.0374856 0.0506919 0.0382106 0.0543257 0.0394928 0.0467964 0.0548291 0.0533142 0.0518835
internal_weight=1263.86 14.5939 6.54258 1249.27 540.647 708.623 434.681 105.966 366.556 317.165 94.3315 83.4247 693.836 68.125 13.5391 54.5858 689.163 682.598 49.3911 10.9068 14.7867 10.9618 6.56415 11.6344 3.51177 8.05131 6.57505 4.60902 2.28561
internal_count=6543 199 72 6344 2723 3621 2197 526 1846 1593 485 418 3542 351 75 276 3511 3468 253 67 79 59 43 41 45 127 109 91 67
is_linear=0
shrinkage=0.05


Tree=88
num_leaves=30
num_cat=0
split_feature=19 7 19 13 6 19 13 19 1 10 19 9 19 7 7 19 20 3 7 13 11 6 6 9 11 13 1 19 20
split_gain=3.08239 10.6177 10.1045 8.08562 8.10215 7.26279 7.16696 4.59689 4.33721 6.65614 4.82363 4.11267 10.6198 9.39466 7.74409 7.7059 7.35675 7.00832 5.18871 7.89382 7.3071 7.93755 7.82143 5.53944 3.98837 3.97365 2.67196 1.19724 1.17771
threshold=149.50000000000003 40.500000000000007 155.50000000000003 0.83745446220720776 12.500000000000002 210.00000000000003 0.030742262812798109 146.50000000000003 641.65000000000009 46.012320328542103 203.50000000000003 22.505133470225875 58.500000000000007 3.5000000000000004 3.5000000000000004 144.50000000000003 454.00000000000006 492.07500000000005 26.500000000000004 0.99315002814631026 6.5215605749486665 -1.0000000180025095e-35 -7.4999999999999991 149.47022587268995 32.016427104722801 0.075006881800604316 1168.5300000000002 198.50000000000003 329.50000000000006
decision_type=2 8 2 10 8 2 8 2 8 8 2 10 2 8 10 2 2 10 8 10 8 10 10 10 8 10 8 2 2
left_child=7 2 28 4 24 -6 -3 11 -8 -10 -11 12 14 17 16 -15 -1 -14 20 23 22 -22 -13 -20 -4 -9 -5 -28 -2
right_child=1 6 3 26 5 -7 8 25 9 10 -12 18 13 15 -16 -17 -18 -19 19 -21 21 -23 -24 -25 -26 -27 27 -29 -30
leaf_value=-0.0058367120201581338 0.091308872642466982 0.05465425620783694 -0.0034452234072208511 0.0094890519265803663 0.015782589201062975 -0.0061438625760051983 0.025536055476970021 -0.078791101516173398 -0.069040802142795663 -0.023097573776338493 0.0045544164477577019 -0.014265444349676498 -0.008722265231838491 -0.00096264804795545772 0.06496599802557361 0.030496576105212891 0.022002650761096143 -0.032100051732631155 -0.026595136340394267 0.040716755599168493 0.015704655912596788 -0.0057816097607897949 0.022769945643947971 0.018151501445934227 -0.059510281517992453 -0.0071002108384491738 0.032413880662416392 0.06841713369630692 0.051232464986618112
leaf_weight=48.482368282973766 3.0521379522979251 4.0402770638465872 6.0767428316175938 4.0312638934701654 116.13009404204786 55.967622205615044 6.4962662234902373 3.5105779543519011 5.6869338378310195 41.968361662700772 25.265427611768246 69.018373681232333 293.5554681327194 139.8998742531985 6.316018506884574 22.61178383231163 46.481871819123626 35.989100670441985 37.824697662144899 6.4282244443893424 173.72752179857343 57.115292456001043 17.966914810240269 8.4642084985971433 6.6364074498414993 4.3008213303983212 3.352791978046298 7.4176182132214308 4.5899522872641683
leaf_count=245 15 18 55 26 579 302 29 17 34 186 112 352 1544 631 28 81 220 210 206 24 886 373 130 34 51 24 29 66 36
internal_value=0.000233944 0.00475092 0.0108146 0.00865441 0.00580651 0.00865192 -0.0103073 -0.00111745 -0.0136122 -0.0170998 -0.0127064 -0.000807856 -0.00338887 -0.00642368 0.0113554 0.00341457 0.00778974 -0.0112753 0.003325 -0.0112028 0.00573467 0.0103885 -0.00661574 -0.0184129 -0.0327118 -0.0393193 0.0442127 0.0572094 0.0672384
internal_weight=1262.41 290.712 207.255 199.613 184.811 172.098 83.4573 971.693 79.417 72.9207 67.2338 963.882 593.336 492.056 101.28 162.512 94.9642 329.545 370.545 52.7171 317.828 230.843 86.9853 46.2889 12.7132 7.8114 14.8017 10.7704 7.64209
internal_count=6543 1538 1159 1108 987 881 379 5005 361 332 298 4964 2959 2466 493 712 465 1754 2005 264 1741 1259 482 240 106 41 121 95 51
is_linear=0
shrinkage=0.05


Tree=89
num_leaves=31
num_cat=0
split_feature=9 10 10 15 9 19 3 9 0 3 19 2 9 0 3 7 15 17 1 10 16 3 2 7 11 5 3 2 10 3
split_gain=3.00554 3.8563 3.33984 6.13196 8.40004 7.88994 5.64551 5.63443 7.43401 7.29421 10.1932 5.5365 5.35401 10.1111 6.5463 6.05588 7.32508 6.60013 6.20604 5.28366 4.39294 4.11283 10.8568 2.84791 2.78422 2.54719 2.46132 1.95725 1.52484 2.22268
threshold=12.501026694045175 19.498973305954831 40.000000000000007 22.981519507186864 73.938398357289543 108.50000000000001 209.94500000000002 60.50102669404518 194.83000000000001 187.14500000000004 144.50000000000003 260.05000000000001 54.47227926078029 649.25000000000011 2681.7400000000002 24.500000000000004 41.494866529774136 0.67543859649122817 857.7650000000001 95.030800821355243 0.27853806344870052 600.92500000000007 972.79500000000019 1.0000000180025095e-35 2.4969199178644765 60.500000000000007 838.20000000000016 175.60500000000002 30.04517453798768 796.94000000000017
decision_type=8 10 8 10 10 2 10 8 10 8 2 10 10 10 8 8 8 8 10 8 8 10 8 8 10 10 10 10 8 8
left_child=1 -1 12 7 21 25 -7 8 27 10 -9 -10 15 20 26 16 18 -18 -2 -11 -14 23 -23 -5 -22 -6 -15 -4 29 -17
right_child=2 -3 3 4 5 6 -8 9 11 19 -12 -13 13 14 -16 28 17 -19 -20 -21 24 22 -24 -25 -26 -27 -28 -29 -30 -31
leaf_value=0.0037375398026560538 0.0010835669697068235 -0.0479492382325378 0.009862217924088288 0.04182146478613924 -0.046550141462535784 -0.043055166850075627 0.027473590372500373 -0.019165528610189608 -0.057776989268229106 0.020591215416187133 0.0056167345353981633 -0.013103500570018087 -0.060586015562364828 0.050733478782468838 -0.02429933553118982 -0.0080680013080377221 0.043020337476100998 0.010655294037127096 0.055719474503778892 0.00081935667621661388 -0.017439927677220617 -0.10742182176638725 0.019971445320958906 0.012604551664083131 0.01857701003199488 0.0023762131784765025 0.016131747580116866 0.059612600336353974 0.00023000645358328505 -0.056486859325017992
leaf_weight=7.1199305355548841 81.892538715153933 7.3176030106842518 4.0974412485957137 26.830239877104759 11.190912088379262 3.4978146385401514 15.026125834323464 107.43320531025529 7.5020500961691132 35.821265369653702 67.600843939930201 91.830303641036153 5.345416821539402 10.459634054452186 6.3636593427509061 4.9589589014649347 31.651704140007496 31.358323950320482 5.5497733727097502 595.67686605080962 41.527138771489263 1.9861893188208313 10.586985685862601 12.103045938536523 6.1619376111775628 3.4897618368268004 10.10407962463796 3.8200236894190311 6.4918731488287458 4.540357545018197
leaf_count=38 451 105 23 199 94 33 195 655 44 169 300 560 39 56 40 29 129 135 31 2587 203 15 113 85 46 39 49 18 41 22
internal_value=0.000222298 -0.0224597 0.000485349 -0.000801176 0.0120679 -0.00754183 0.0141559 -0.00199419 -0.012761 -0.000562461 -0.00959424 -0.0164775 0.00569866 -0.00493485 0.0200175 0.0108071 0.0139165 0.0269132 0.00455119 0.0019409 -0.017604 0.0247097 -0.000152918 0.0327389 -0.0127862 -0.0349198 0.0337318 0.0338658 -0.0184468 -0.0312106
internal_weight=1259.34 14.4375 1244.9 998.493 84.7111 33.2046 18.5239 913.782 107.25 806.532 175.034 99.3324 246.405 79.9619 26.9274 166.444 150.452 63.01 87.4423 631.498 53.0345 51.5065 12.5732 38.9333 47.6891 14.6807 20.5637 7.91746 15.9912 9.49932
internal_count=6543 143 6400 5129 773 361 228 4356 645 3711 955 604 1271 433 145 838 746 264 482 2756 288 412 128 284 249 133 105 41 92 51
is_linear=0
shrinkage=0.05


Tree=90
num_leaves=24
num_cat=0
split_feature=5 19 19 16 16 10 17 8 19 19 6 8 13 12 2 13 16 13 1 10 1 2 12
split_gain=2.92895 3.72916 3.70989 3.22416 2.93423 4.36123 5.84533 7.10086 3.70943 20.2039 6.52086 4.63589 8.98709 6.76755 2.00861 1.93439 2.09237 1.90413 1.50716 1.63388 0.746752 0.0107827 0.0035307
threshold=40.500000000000007 106.50000000000001 38.500000000000007 1.7642758759173327 4.6847969562854272 20.977412731006165 0.24404761904761907 1.0000000180025095e-35 110.00000000000001 111.50000000000001 4.5000000000000009 44.500000000000007 0.96325104297257236 4.6798927287133552 198.13500000000002 0.064973945324498544 10.406593406593409 0.049909163432669941 507.69000000000005 18.053388090349078 2288.4400000000001 402.92000000000002 1.1321848237497989
decision_type=10 2 2 10 10 8 10 8 2 2 8 8 8 8 10 10 10 10 8 8 8 10 10
left_child=4 2 -2 -4 5 6 7 14 11 20 -11 13 -13 -7 -1 -3 21 -9 -8 -20 -10 -17 -23
right_child=1 15 3 -5 -6 8 18 17 9 10 -12 12 -14 -15 -16 16 -18 -19 19 -21 -22 22 -24
leaf_value=0.048848241453248682 0.054671310784941057 -0.017135601827186892 0.0013044862498173243 -0.077138612246427637 -0.03752840196926055 0.0094809007075059952 0.062874192357004921 -0.06006828467006347 -0.067338993769138419 -0.02540267188506103 -0.0004002198954704943 -0.035331498801007125 0.005165246211081981 -0.038151621348567095 0.011148794122319458 0.056225922259857022 -0.01818142378956674 -0.016234545766759503 0.044180106397131554 0.0066092717836353223 -0.044869726978958795 0.053727601566198872 0.051124183870217332
leaf_weight=4.1028362587094334 1.8068307451903844 1.3955422490835179 3.5443924218416214 2.0778594110161066 5.2100589685142031 213.01320210844278 4.5855969935655621 3.5842763148248187 9.5334992557764018 26.906699230894446 847.05185464210808 19.929111894220114 43.830600142478943 7.7275174446403971 25.446534842252731 3.41201528534293 1.1330483872443426 8.0237550139427167 7.2584588676691029 4.8122242167592058 6.0408057570457467 3.0807092972099781 2.2559665823355317
leaf_count=18 27 19 38 15 30 1177 20 24 53 203 4158 130 174 33 115 35 11 36 35 20 32 44 96
internal_value=0.000212307 0.0198492 -0.0076561 -0.0276863 -8.46347e-05 7.37325e-05 0.0134804 0.00336637 -0.000586461 -0.0021759 -0.00116997 0.00438316 -0.00749266 0.00781342 0.0163832 0.0379687 0.0457507 -0.0297693 0.038472 0.0292017 -0.0586238 0.0540306 0.0526271
internal_weight=1255.76 18.7064 7.42908 5.62225 1237.06 1231.85 57.8137 41.1574 1174.03 889.533 873.959 284.5 63.7597 220.741 29.5494 11.2773 9.88174 11.608 16.6563 12.0707 15.5743 8.74869 5.33668
internal_count=6543 285 80 53 6258 6228 268 193 5960 4446 4361 1514 304 1210 133 205 186 60 75 55 85 175 140
is_linear=0
shrinkage=0.05


Tree=91
num_leaves=31
num_cat=0
split_feature=20 8 2 20 20 19 20 20 10 0 19 20 2 19 11 19 11 19 15 8 0 0 10 3 2 10 2 2 3 3
split_gain=2.8967 10.7368 7.54482 4.36465 11.3071 6.20471 12.3371 16.2464 14.321 12.4825 4.44278 3.73793 3.63826 3.50774 3.4535 5.55963 3.45711 3.36466 3.44688 3.24665 9.25005 6.34737 6.51175 4.31907 3.21894 3.01665 3.0675 2.984 2.91164 5.6287
threshold=19.000000000000004 3.5000000000000004 2584.7500000000005 157.00000000000003 263.50000000000006 144.50000000000003 105.00000000000001 42.500000000000007 113.95482546201234 508.40500000000003 132.50000000000003 297.50000000000006 198.13500000000002 144.50000000000003 11.498973305954827 119.00000000000001 5.5195071868583172 19.500000000000004 3.0112936344969206 4.5000000000000009 1385.4450000000002 923.33500000000015 62.997946611909661 196.82500000000002 348.79500000000002 58.513347022587276 556.35500000000013 597.33500000000015 128.16000000000003 246.78000000000003
decision_type=2 8 8 2 2 2 2 2 8 10 2 2 10 2 8 2 8 2 8 10 10 8 10 10 8 10 10 10 10 10
left_child=1 2 -1 5 14 6 7 10 -9 24 -2 -6 13 -3 15 -5 -17 -13 -19 20 23 -21 -23 -7 -8 26 -16 -11 -14 -30
right_child=3 12 -4 4 11 19 9 8 -10 27 -12 17 28 -15 25 16 -18 18 -20 21 -22 22 -24 -25 -26 -27 -28 -29 29 -31
leaf_value=-0.04923084567177867 0.020983661736181394 -0.029931066032680927 0.012901189633148688 0.020027182368958688 0.039059492934949369 -0.035156512480445878 0.048831130509791341 0.032265947349936902 -0.018844209784819672 -0.032117663250385307 0.07564333558110338 0.028114323721282156 0.037775366162421949 0.0060554642384965185 -0.028323442569512788 -0.076524852227584761 -0.0014904854352379849 -0.0074439356299021518 0.0017624225385281429 0.041371650935783592 0.045996117862281916 -0.076239474417647196 0.021027130252891199 0.021294815712927056 0.10663287510823614 -0.055839186323165958 -0.003191449309893546 0.031450351883994053 -0.034919138340332251 0.033316650322294833
leaf_weight=20.708804685622457 6.2166363857686511 10.918948635458948 6.3948541097342959 12.323837757110597 6.4758115857839575 22.915357839316133 3.6124664470553407 19.663618439808488 45.233878398314118 3.3008602410554877 9.2478729905560595 11.25641021504998 10.924879230558874 17.827485173940659 37.366809394210577 3.0054234266281119 3.1377761345356703 116.17205490916967 814.41662773955613 8.6578969657421077 5.2075129542499772 3.1308478750288495 3.8204475250095129 3.9762312062084666 7.2278459034860143 6.6332632107660165 17.985362768173218 4.1889555342495441 5.5516330637037736 6.6331861540675163
leaf_count=124 29 50 35 67 33 115 17 94 244 14 45 68 57 70 176 18 22 731 4130 41 31 19 23 18 34 42 98 28 27 43
internal_value=0.000201926 -0.00906847 -0.0345714 0.000824803 -0.000324687 0.00890241 0.0160591 0.00761624 -0.00335809 0.0530741 0.0536705 0.0012021 0.00426115 -0.00761354 -0.0183215 0.000657677 -0.0381994 0.000941806 0.000613127 -0.00590244 -0.0149981 0.0128021 -0.0227815 -0.0268095 0.0873708 -0.0239758 -0.0201574 0.00343509 0.0190322 0.00222714
internal_weight=1254.13 78.9598 27.1037 1175.17 1028.77 146.4 98.6921 80.362 64.8975 18.3301 15.4645 948.321 51.8561 28.7464 80.4525 18.467 6.1432 941.845 930.589 47.7083 32.0991 15.6092 6.9513 26.8916 10.8403 61.9854 55.3522 7.48982 23.1097 12.1848
internal_count=6543 406 159 6137 5385 752 505 412 338 93 74 4962 247 120 423 107 40 4929 4861 247 164 83 42 133 51 316 274 42 127 70
is_linear=0
shrinkage=0.05


Tree=92
num_leaves=15
num_cat=0
split_feature=9 11 11 8 17 2 3 19 11 9 1 3 8 3
split_gain=2.92079 3.25829 4.41845 3.08311 4.76566 2.99364 2.64965 6.85638 3.19141 2.26833 1.64189 0.76451 0.208083 0.0010107
threshold=264.00000000000006 70.981519507186874 58.989733059548264 24.500000000000004 0.59175084175084181 417.09000000000009 134.38000000000002 24.500000000000004 -6.9815195071868574 325.99589322381934 254.65000000000003 134.38000000000002 9.5000000000000018 379.50000000000006
decision_type=10 10 10 10 10 8 8 2 8 10 10 10 8 10
left_child=1 2 3 6 10 -6 7 -1 -8 12 -5 -3 13 -2
right_child=9 11 -4 4 5 -7 8 -9 -10 -11 -12 -13 -14 -15
leaf_value=0.050481253583848244 0.055171270314002686 -0.066306102330244421 0.046282252243252768 0.074321559737813597 0.03436519136896337 -0.0169239118418106 -0.019917147914976636 -0.0054826801747612681 0.0014034320166107254 0.0030368371441248619 0.028635462712224224 -0.023828438759466566 0.080278858156326904 0.052700155320285352
leaf_weight=5.5771894622594109 0.77290387824177675 1.9857062976807345 5.1746805012226096 3.6331537961959866 4.2749708220362637 8.5056475456804037 17.900889087468386 292.70735087990761 900.39209336228669 2.7780953720211983 4.2872807867825031 2.270366532728076 1.3482166677713392 0.89056808035820723
leaf_count=34 9 27 34 22 22 74 107 1687 4420 17 22 32 5 31
internal_value=0.000191262 2.67188e-05 0.000176324 -1.65052e-05 0.0191174 0.000231707 -0.000342085 -0.00443629 0.000987816 0.0356222 0.049592 -0.0436467 0.0656802 0.0538483
internal_weight=1252.5 1246.71 1242.45 1237.28 20.7011 12.7806 1216.58 298.285 918.293 5.78978 7.92043 4.25607 3.01169 1.66347
internal_count=6543 6481 6422 6388 140 96 6248 1721 4527 62 44 59 45 40
is_linear=0
shrinkage=0.05


Tree=93
num_leaves=31
num_cat=0
split_feature=19 8 19 19 19 11 19 13 1 17 0 2 19 20 19 20 1 9 19 19 13 19 13 0 20 8 2 19 9 19
split_gain=2.7291 8.9466 10.0494 6.48709 8.13637 7.08145 7.5655 6.44425 5.9816 5.81021 4.66333 9.61071 8.01386 6.51945 5.90102 12.2535 5.64708 8.37207 15.182 6.50485 7.55536 5.92169 5.80764 5.09285 7.72768 5.83643 4.89539 4.1289 6.63591 5.5509
threshold=149.50000000000003 98.500000000000014 155.50000000000003 210.00000000000003 206.50000000000003 32.016427104722801 224.50000000000003 0.030742262812798109 344.80000000000007 0.30131578947368426 6185.7050000000008 1508.1700000000003 144.50000000000003 19.000000000000004 144.50000000000003 635.00000000000011 474.57500000000005 19.991786447638606 110.00000000000001 39.500000000000007 0.93135428781665708 55.500000000000007 0.40775804827817397 2435.4800000000005 1058.5000000000002 42.500000000000007 8389.1850000000031 203.50000000000003 39.474332648870643 221.50000000000003
decision_type=2 8 2 2 2 8 2 8 10 8 8 8 2 2 2 2 10 10 2 2 8 2 10 10 2 8 8 2 10 2
left_child=10 2 -2 4 8 6 -5 -3 -4 -7 11 16 23 -14 26 -16 17 18 -1 20 -18 -21 -19 24 -13 -25 -12 -9 29 -29
right_child=1 7 3 5 -6 9 -8 27 -10 -11 14 12 13 -15 15 -17 19 22 -20 21 -22 -23 -24 25 -26 -27 -28 28 -30 -31
leaf_value=0.0089658220607916912 0.064468068174292389 0.051432550544612182 0.019838293352351346 -0.0070743464253863707 0.065490065075210144 -0.058239603769042497 0.053610522581292099 -0.021790821184600975 -0.002287499960902713 -0.008789467425704172 0.052533335667330754 -0.020045197759977679 0.0031726358360806258 -0.063540633810305211 0.0031769736288246482 0.077735054683544025 -0.07629026331554721 0.012021244416465847 -0.017092565911733044 0.043017279211061382 0.017766983445605081 0.0087520636816164187 -0.0024192123663349138 0.014442302499008925 0.047567580718236573 -0.042778791077665267 0.0009549448004218552 0.041818397901776265 -0.026325389691913864 -0.019461969007447691
leaf_weight=82.040389016270638 8.126179112121461 4.1076584309339514 76.847847892902792 12.227985288947822 7.2517898287624112 7.1127768028527489 8.8551906617358309 48.307000182569027 50.698668692260981 36.030813664197922 4.7533948197960845 81.344430987723172 5.0379502624273327 13.409098593518136 15.768198147416117 8.4713251888751966 4.4926748480647776 119.99950750544667 175.39228362962604 14.796466864645479 4.0685869604349145 85.287549657747149 165.86874489299953 30.204976494424045 4.4576031342148772 5.2275554388761512 142.89114572759718 11.545092076063161 12.038594223558901 5.4350665882229796
leaf_count=448 63 18 448 73 51 46 57 214 251 187 26 478 21 68 63 29 31 629 1030 83 15 388 842 182 28 31 613 44 59 27
internal_value=0.000181766 0.00444709 0.00996685 0.00774157 0.0139726 -0.00533595 0.018414 -0.00959413 0.0110435 -0.016942 -0.00109576 -0.00271662 -0.0146187 -0.045321 0.00636929 0.0292338 -0.00016656 -0.00224751 -0.0087881 0.0102396 -0.0315912 0.0138178 0.00364249 -0.00994706 -0.0165326 0.00600016 0.0026155 -0.012836 0.00207106 0.0222036
internal_weight=1252.1 288.585 207.151 199.025 134.798 64.2268 21.0832 81.4334 127.547 43.1436 963.512 791.628 139.682 18.447 171.884 24.2395 651.946 543.301 257.433 108.645 8.56126 100.084 285.868 121.235 85.802 35.4325 147.645 77.3258 29.0188 16.9802
internal_count=6543 1538 1176 1113 750 363 130 362 699 233 5005 4274 808 89 731 92 3466 2949 1478 517 46 471 1471 719 506 213 639 344 130 71
is_linear=0
shrinkage=0.05


Tree=94
num_leaves=31
num_cat=0
split_feature=12 10 13 10 11 7 11 8 7 10 10 13 10 12 0 11 12 0 13 11 0 19 11 3 0 5 0 13 11 19
split_gain=2.8078 3.37826 8.75525 6.04759 5.1899 3.24918 4.19875 3.15469 7.10655 4.36725 3.91641 2.78969 2.23036 1.99501 1.97223 1.95503 2.41316 3.4614 1.86299 1.68391 1.16179 0.822693 0.774186 0.463916 0.22739 0.000604929 0.000443729 0.000385705 0.000156756 7.19027e-05
threshold=1.3348855159794144 104.54209445585217 0.421691154856011 97.478439425051349 64.509240246406577 2.5000000000000004 28.008213552361401 25.500000000000004 38.500000000000007 91.006160164271066 84.468172484599606 0.66588883223777484 59.515400410677621 4.6798927287133552 1039.1250000000002 -14.455852156057494 1.8877649078719596 611.0150000000001 0.27255952302958014 20.024640657084195 2748.5000000000005 138.00000000000003 32.016427104722801 1404.0900000000004 1202.6100000000004 11.500000000000002 266.05500000000006 0.3132094156033674 7.5236139630390158 39.500000000000007
decision_type=10 10 10 10 8 8 8 10 10 10 10 10 8 10 10 10 10 8 8 8 8 2 10 10 10 10 10 10 10 2
left_child=1 3 22 7 -4 6 25 9 20 10 -1 13 -7 14 -8 16 17 -14 -18 -17 -9 -11 -3 26 -24 27 -13 -2 -29 -27
right_child=5 2 4 -5 -6 12 11 8 -10 21 -12 23 15 -15 -16 19 18 -19 -20 -21 -22 -23 24 -25 -26 29 -28 28 -30 -31
leaf_value=-0.00071920515773465129 0.052739958747567039 -0.077098681489834051 0.047142212579672542 0.047507686446148653 -0.026015096963824359 -0.038030741655040438 0.019482280467793021 0.050291927387569435 -0.03792686544915809 -0.056891384179615437 0.031292874643668471 0.055037346985043124 -0.051271248979525022 -0.037719293345912917 -0.0091941714252427136 0.06336256835402107 -0.013421807897346885 0.0087313139340876762 0.023385332112287101 -0.0021387423243611203 0.020029631022179591 -0.022728029537090442 -0.05740849002653399 0.022215138952716929 -0.031520846846663113 0.051577327626303883 0.053936082083602725 0.052131701054902529 0.051525435024565885 0.050889271703510201
leaf_weight=1118.2314594164491 1.5906999632716177 4.1731210835278061 4.6562967598438245 6.6340517047792664 5.0574042424559593 3.8420078735798588 16.600960490293808 8.0560528784990311 3.9609927330166093 3.5481575764715663 9.6366800405085069 1.821652922779321 4.9673337638378152 2.4906812123954287 9.3856284609064442 2.2644525598734644 5.4215143546462032 4.6568683274090299 9.395882036536932 1.7314475532621147 5.2307054735720167 3.5009837299585342 1.7628774624317887 1.6012150524184106 1.6349551267921922 0.51104340329766262 1.8371744416654108 2.1260398328304291 2.1387808676809072 1.4773344276472924
leaf_count=5447 30 29 29 38 29 38 128 40 23 22 49 18 27 25 89 37 24 24 40 19 35 20 22 25 18 14 23 45 64 72
internal_value=0.000172318 -0.000421557 -0.0223633 -9.42739e-05 0.00905312 0.0096286 0.0188684 -0.000368361 0.0208546 -0.000690895 -0.000445689 0.0112073 -0.00227381 0.00502804 0.00912515 0.00255708 -0.00274375 -0.0222378 0.00991802 0.0349805 0.0383783 -0.039924 -0.0626713 0.0446613 -0.044952 0.0518196 0.0544844 0.0520755 0.0518277 0.0510661
internal_weight=1249.94 1176.08 17.2847 1158.8 9.7137 73.8607 41.5812 1152.17 17.2478 1134.92 1127.87 33.7373 32.2795 28.4773 25.9866 28.4375 24.4416 9.6242 14.8174 3.9959 13.2868 7.04914 7.57095 5.26004 3.39783 7.8439 3.65883 5.85552 4.26482 1.98838
internal_count=6543 5801 127 5674 58 742 533 5636 98 5538 5496 308 209 242 217 171 115 51 64 56 75 42 69 66 40 225 41 139 109 86
is_linear=0
shrinkage=0.05


Tree=95
num_leaves=15
num_cat=0
split_feature=9 11 11 19 7 19 13 0 2 19 9 10 7 0
split_gain=2.68415 3.00931 3.79185 2.64833 8.99196 9.02236 5.85914 4.68696 9.92848 5.33057 2.1427 1.11193 0.167072 0.000652256
threshold=264.00000000000006 70.981519507186874 58.989733059548264 149.50000000000003 40.500000000000007 155.50000000000003 0.030742262812798109 6185.7050000000008 1508.1700000000003 144.50000000000003 325.99589322381934 120.476386036961 1.5000000000000002 1202.6100000000004
decision_type=10 10 10 2 8 2 8 8 8 2 10 8 8 10
left_child=1 2 3 7 5 -5 -6 8 -1 -9 12 -3 13 -2
right_child=10 11 -4 4 6 -7 -8 9 -10 -11 -12 -13 -14 -15
leaf_value=-0.00035720558209685312 0.052834988441026333 -0.0064775377861726498 0.042618498017935762 0.06522848899980109 0.047890044639234353 0.0078723026049694039 -0.012850339645940135 0.0026119639807598888 -0.015263402268433561 0.027922232407433425 0.0030855156483830925 -0.061792163570805969 0.07795505754480031 0.054885624302123286
leaf_weight=643.69591324776411 0.85880641825497084 1.3755173031240691 5.2335573304444543 7.1074493601918212 4.1838631778955451 194.15451186522841 77.765721520408988 147.45889241062105 135.16650236863643 24.219493065029383 2.7542521879076958 2.6760763041675091 1.310949385166168 0.70701279118657112
leaf_count=3410 26 23 34 46 18 1061 357 637 768 91 17 36 5 14
internal_value=0.000164285 8.25696e-06 0.00014894 -3.12154e-05 0.00421275 0.0098978 -0.00974929 -0.0012957 -0.00294408 0.0061826 0.0346071 -0.0430128 0.0647862 0.0537609
internal_weight=1248.67 1243.04 1238.99 1233.75 283.212 201.262 81.9496 950.541 778.862 171.678 5.63102 4.05159 2.87677 1.56582
internal_count=6543 6481 6422 6388 1482 1107 375 4906 4178 728 62 59 45 40
is_linear=0
shrinkage=0.05


Tree=96
num_leaves=17
num_cat=0
split_feature=15 16 16 15 8 11 11 11 19 19 1 13 3 13 12 19
split_gain=2.61799 3.51649 5.33236 2.64463 2.81539 2.61677 2.75836 3.16231 9.80512 3.48784 0.984737 0.913468 0.849149 0.0101086 0.00248188 0.000297131
threshold=93.979466119096529 1.905595181568571 2.4320093079724812 76.024640657084205 1.0000000180025095e-35 70.981519507186874 58.989733059548264 35.48254620123204 205.50000000000003 149.50000000000003 1625.2300000000002 0.81025506176978546 134.38000000000002 0.96325104297257236 1.1642645824984288 113.00000000000001
decision_type=10 10 10 10 10 10 10 10 2 2 8 10 10 10 10 2
left_child=3 10 -3 5 -5 6 7 9 -9 -1 -2 -4 -7 14 -12 -16
right_child=1 2 11 4 -6 12 -8 8 -10 -11 13 -13 -14 -15 15 -17
leaf_value=-0.0010425501388966047 0.0075974564550370704 -0.052870157587298086 0.068314866139952912 -0.056989734367455171 0.010435686055567968 -0.065882591145313682 0.03847060058755028 0.0020563861626150849 -0.075690142029353036 0.0054438144596737938 0.054326186642359511 0.015504413226011596 -0.019581251878314672 0.057469162362131669 0.052719584692444012 0.051482490948641414
leaf_weight=932.05494165234268 1.3898161388933639 3.0615847762674093 1.4530915012583139 4.1197532592341295 2.4803299531340599 1.7891827821731556 4.6941970437765113 14.596945371478798 5.6154883857816449 266.50991075020283 1.8818093985319135 1.8759363340213893 2.2175417738035321 1.8036443879827855 0.70542277581989798 1.5560620017349718
leaf_count=4716 18 27 27 31 28 27 26 115 43 1327 21 18 31 18 14 56
internal_value=0.000156048 0.021871 -0.00524416 -8.54995e-05 -0.0316511 8.42269e-05 0.000216339 6.90006e-05 -0.0195434 0.000399742 0.0454893 0.0385557 -0.0402569 0.0543448 0.0529847 0.0518684
internal_weight=1247.81 13.7274 6.39061 1234.08 6.60008 1227.48 1223.47 1218.78 20.2124 1198.56 7.33675 3.32903 4.00672 5.94694 4.14329 2.26148
internal_count=6543 199 72 6344 59 6285 6227 6201 158 6043 127 45 58 109 91 70
is_linear=0
shrinkage=0.05


Tree=97
num_leaves=31
num_cat=0
split_feature=9 10 10 9 0 7 9 20 13 20 0 15 20 20 13 16 11 19 10 11 13 16 13 0 13 10 17 20 11 19
split_gain=2.67984 4.90124 3.65559 5.69174 9.21175 6.33073 5.18843 4.99295 4.95483 6.02951 7.50673 4.86151 10.7394 6.67276 4.63009 4.41327 13.4757 5.54866 4.393 4.35995 4.3168 3.97679 3.52125 2.80694 2.62735 2.97812 2.22589 3.32925 3.24809 3.12146
threshold=16.969199178644768 19.498973305954831 40.000000000000007 54.47227926078029 649.25000000000011 24.500000000000004 40.476386036960996 1068.5000000000002 0.36614385607512101 153.50000000000003 228.35500000000002 41.494866529774136 785.50000000000011 822.50000000000011 0.97210891001954935 0.17657361614609593 17.034907597535938 196.00000000000003 49.987679671457911 2.4969199178644765 0.78421861150289318 0.80273038508332639 0.63092718567207851 511.84500000000008 0.45303883358349878 30.505133470225875 0.16954022988505749 548.50000000000011 11.498973305954827 167.00000000000003
decision_type=8 10 8 10 10 8 8 2 10 2 10 8 2 2 8 8 8 2 10 10 8 10 8 10 10 8 8 2 10 2
left_child=1 23 3 5 14 11 8 15 9 18 -11 13 -13 -2 19 16 -8 -17 -4 -5 21 -6 -10 -1 25 -7 27 -3 -29 -28
right_child=2 26 6 4 20 24 7 -9 22 10 -12 12 -14 -15 -16 17 -18 -19 -20 -21 -22 -23 -24 -25 -26 -27 29 28 -30 -31
leaf_value=-0.013656813896243054 -0.00090470147929042001 -0.055002091889716977 -0.005403172769813328 -0.028690413820240426 0.071872711044419016 -0.055346789195818563 0.045407906827370358 0.050159499235712925 -0.06004016397783566 0.058792645796442514 -0.023659783559767781 0.035617004050514753 -0.018484781379750109 0.03644513806791002 0.020994616734502678 -0.002648908794789268 -0.0085594917597610447 0.0084786530604787514 0.067685684371527388 0.017214987041325989 0.0016864425597735097 0.013148092339577231 -0.0087074812017018666 0.033130852411356798 0.012072502058808344 -0.00017501227648401493 -0.059806730839194015 0.06206607796594165 -0.025006221821615954 0.0088457269983433263
leaf_weight=6.6652371585369128 58.867556020617485 2.544421041384342 4.0717866718769056 39.42905748449266 5.7296776473522204 6.1168581396341297 20.340869095176458 4.9515248574316493 8.9888974577188456 3.033214569091796 30.700057389214635 50.155275464057922 11.225657537579535 15.00669154524803 7.0093357414007178 747.87900396250188 26.817404069006443 131.76621255837381 4.1525489166378975 5.9534023981541386 15.079376980662344 5.8024488501250744 5.3168351650238046 6.1758554503321648 4.6488857865333548 4.0757032111287126 8.4487817073240858 2.0782424211502075 2.2099861539900303 2.0592739433050147
leaf_count=37 304 38 22 212 22 36 97 22 59 16 211 218 43 78 30 3769 157 694 21 46 75 48 31 28 20 25 111 12 30 31
internal_value=0.000148538 -0.0145689 0.000513498 0.00620402 -0.0046588 0.0119217 -0.000806011 8.43523e-05 -0.015551 -0.00688691 -0.0162459 0.0153232 0.0257226 0.00668248 -0.0168269 -0.000183178 0.0147184 -0.000982059 0.0315001 -0.0226684 0.0192973 0.0423251 -0.040962 0.00884547 -0.0190775 -0.0332852 -0.0319077 -0.00969222 0.0171924 -0.0463528
internal_weight=1247.3 30.1818 1217.12 229.1 79.0033 150.097 988.018 931.755 56.2633 41.9576 33.7333 135.255 61.3809 73.8742 52.3918 926.803 47.1583 879.645 8.22434 45.3825 26.6115 11.5321 14.3057 12.8411 14.8414 10.1926 17.3407 6.83265 4.28823 10.5081
internal_count=6543 287 6256 1157 433 724 5099 4739 360 270 227 643 261 382 288 4717 254 4463 43 258 145 70 90 65 81 61 222 80 42 142
is_linear=0
shrinkage=0.05


Tree=98
num_leaves=31
num_cat=0
split_feature=20 8 1 10 20 0 10 11 15 16 1 6 13 11 3 13 10 13 10 3 0 13 0 3 3 15 11 15 1 13
split_gain=2.56697 9.94699 4.66932 3.90298 11.222 5.9805 7.46508 4.80804 3.96356 6.33655 10.9548 6.12934 5.92 5.8578 4.80255 3.86829 3.72722 3.46575 5.504 4.45293 3.16489 2.83594 3.50151 4.65748 5.87839 2.82516 2.65504 2.65315 2.59012 2.10759
threshold=19.000000000000004 3.5000000000000004 327.00500000000005 20.977412731006165 548.50000000000011 228.35500000000002 16.049281314168379 -1.9548254620123202 3.4825462012320334 0.14432282944343625 359.12500000000006 -1.0000000180025095e-35 0.91547693602152058 1.0000000180025095e-35 445.53000000000003 0.27788956869854226 18.053388090349078 0.86770247121563726 35.055441478439427 492.07500000000005 556.7700000000001 0.053272681039153398 176.58000000000001 127.30500000000002 240.17500000000004 10.51334702258727 4.5174537987679679 38.02874743326489 470.60000000000008 0.3555719398917353
decision_type=2 8 10 8 2 10 10 8 10 10 10 10 10 10 10 8 8 10 10 10 10 8 10 8 8 8 10 8 8 10
left_child=1 2 25 4 26 27 15 17 11 10 -10 13 -13 -9 -11 -7 -8 18 -5 -19 -4 -3 -23 29 -25 -1 28 -6 -2 -24
right_child=3 21 20 7 5 6 16 8 9 14 -12 12 -14 -15 -16 -17 -18 19 -20 -21 -22 22 23 24 -26 -27 -28 -29 -30 -31
leaf_value=-0.0021466914231044825 0.011859284205921292 -0.040237892009924933 0.037176950403361324 -0.050994179678605679 -0.00082339040653244466 -0.013807114202579183 0.042327367751526228 0.0017341668603603794 0.024957683700944543 -0.0075192243566779508 -0.031621470549348156 -0.030368759085822723 0.046842491539641824 -0.0097195919328982097 0.013376704785476541 -0.077352054857699984 -0.016022961572575958 0.027375726996343247 0.02482701045769297 -0.029897154309911189 -0.02739654217322729 -0.0094240156002204298 0.025220840676420969 -0.035367822547850807 0.022784103087854758 -0.055190229139916835 0.0039397860330666465 0.05739086197351867 0.055210667778725922 0.074359506111393608
leaf_weight=2.9801414124667653 4.3774746432900491 3.3575294725596896 3.2143748700618735 12.368548776954414 3.679187115281823 3.9503183513879785 4.4778093472123119 720.9482498280704 69.374631978571415 78.688202457502484 9.7586236316710693 26.786060959100727 2.7361539155244818 132.08028900437057 42.267330455593765 6.0827042125165471 7.0387297496199617 6.6998488437384349 2.9678490161895743 6.8777226619422436 4.6318616513162851 19.014652267098427 4.5692074708640593 6.2412769086658981 14.309588719159363 15.920918205752972 4.5945722125470629 4.1819134447723627 16.183808773756027 4.1768975704908371
leaf_count=17 21 23 14 109 19 22 21 3188 430 509 85 189 13 840 410 31 37 35 13 36 27 78 21 30 74 101 28 22 79 21
internal_value=0.000140671 -0.00861611 -0.0333668 0.000729526 0.0137852 -0.00718533 -0.0208032 8.86202e-05 0.000626024 0.00697976 0.0179804 -0.000814472 -0.0232127 -3.92976e-05 -0.000217242 -0.0523324 0.00666455 -0.0200336 -0.0363215 -0.00163587 -0.000942661 0.00419646 0.00728453 0.0181289 0.00512342 -0.0468268 0.0383026 0.0301452 0.0459812 0.0486881
internal_weight=1244.54 78.4164 26.7473 1166.12 54.5665 29.4107 21.5496 1111.55 1082.64 200.089 79.1333 882.551 29.5222 853.029 120.956 10.033 11.5165 28.914 15.3364 13.5776 7.84624 51.6692 48.3116 29.297 20.5509 18.9011 25.1559 7.8611 20.5613 8.74611
internal_count=6543 406 159 6137 280 152 111 5857 5664 1434 515 4230 202 4028 919 53 58 193 122 71 41 247 224 146 104 118 128 41 100 42
is_linear=0
shrinkage=0.05


Tree=99
num_leaves=16
num_cat=0
split_feature=9 20 11 9 20 20 20 13 16 19 12 3 11 15 1
split_gain=2.55567 3.76372 2.91135 2.42471 2.27942 2.53326 10.8452 8.83358 8.9874 6.50309 4.5367 2.08304 0.0389995 0.0116116 0.000360807
threshold=12.501026694045175 757.50000000000011 10.51334702258727 264.00000000000006 1068.5000000000002 958.50000000000011 913.50000000000011 1.0004521445172199 0.20012315270935963 132.50000000000003 0.99999828385692868 539.72000000000014 17.034907597535938 1.0000000180025095e-35 248.99000000000004
decision_type=8 2 8 10 2 2 2 10 8 2 8 10 8 8 10
left_child=1 2 -1 4 5 6 10 8 -7 -8 -2 -5 -4 14 -14
right_child=3 -3 12 11 -6 7 9 -9 -10 -11 -12 -13 13 -15 -16
leaf_value=0.010173087218356934 0.0081001401165478101 0.012329412581608013 -0.063213198906449788 0.010444185548449933 0.029313642234665028 0.027084036835351818 0.073729178519762892 0.050366305621794755 -0.012418423408171973 0.0027518929869925391 -0.0010319099476102103 0.074551821066123902 -0.052628451750561994 -0.058551111738484478 -0.053860646799403424
leaf_weight=2.0549426674842826 160.7920423746109 5.1753107719123355 2.3754222430288792 3.525150252506136 6.697676543146371 16.090575683861971 8.1199543476104719 6.7056525163352481 136.94693240057677 5.3557147644460192 882.10059805307537 1.9781858148053286 1.6051752073690297 1.5697738416492928 0.94317618012428273
leaf_count=9 656 38 26 25 33 85 32 31 714 24 4763 37 37 17 16
internal_value=0.000134031 -0.0213231 -0.0416966 0.000373769 0.000224737 6.45313e-05 0.000951946 -0.00580387 -0.00826508 0.0455203 0.00037606 0.0334878 -0.0581112 -0.0551683 -0.0530845
internal_weight=1242.04 13.7238 8.54849 1228.31 1222.81 1216.11 1056.37 159.743 153.038 13.4757 1042.89 5.50334 6.49355 4.11813 2.54835
internal_count=6543 143 105 6400 6338 6305 5475 830 799 56 5419 62 96 70 53
is_linear=0
shrinkage=0.05


Tree=100
num_leaves=31
num_cat=0
split_feature=20 20 17 10 20 10 1 0 1 20 7 13 19 1 17 15 1 11 13 10 10 20 0 13 13 1 13 19 1 13
split_gain=2.52716 11.8199 8.38908 7.54053 5.66521 6.62951 5.59468 5.57037 5.33312 4.90423 4.64552 6.94687 5.21556 4.60331 4.65967 4.25048 4.07436 3.80775 5.17747 3.76656 3.72141 6.00015 3.7952 3.67118 6.13797 5.64987 3.17062 2.71077 1.85121 1.69539
threshold=553.50000000000011 590.50000000000011 0.10555555555555557 8.9856262833675586 1043.5000000000002 15.490759753593432 1040.0500000000002 2869.0000000000005 3852.9750000000004 543.00000000000011 8.5000000000000018 0.42559892244174441 146.50000000000003 5677.4350000000004 0.72077922077922085 1.9856262833675566 3627.2350000000001 18.529774127310066 0.0035821680888381349 84.468172484599606 58.004106776180706 926.00000000000011 205.60500000000005 0.071793871256353517 0.21017718812400035 305.09500000000008 0.76444498059865529 159.50000000000003 53324.935000000005 0.3132094156033674
decision_type=2 2 10 8 2 8 10 10 8 2 8 8 2 10 8 10 10 10 8 10 8 2 10 10 10 10 8 2 8 8
left_child=3 7 4 26 5 29 20 10 -8 13 23 -12 -13 16 -15 -7 19 18 -6 -5 22 -22 -4 25 -25 -2 -1 28 -9 -3
right_child=1 2 6 9 17 15 8 27 -10 -11 11 12 -14 14 -16 -17 -18 -19 -20 -21 21 -23 -24 24 -26 -27 -28 -29 -30 -31
leaf_value=0.04842069680530009 0.065344455568843635 -0.075903496759999869 0.049960457539960181 -0.0033175691301339685 0.067996456968463875 -0.007907039346578373 -0.061537015790092936 0.034770776035582741 0.012553692247924625 -0.055198057114192393 -0.040985652576424725 0.03421708232277771 -0.0067760476477850707 -0.024097751954495549 0.046102946566754843 0.0081226971778272823 -0.045716775852540137 -0.030312847814897383 0.010711517487695082 0.013823072160157419 0.043349469491922962 -0.0027946940494532617 -0.0038886207752432053 -0.037316753460090661 0.027584962356315964 0.022086442664407901 -0.0065551853957386665 -0.040958744277051276 -0.01967725615632944 -0.029577225036293692
leaf_weight=10.41817624121904 14.299933984875681 3.7748951390385619 3.9403045549988773 632.76945749949664 4.377213940024375 256.59027410298586 4.3153735399246189 3.1044071950018388 5.5557266771793374 4.4008771609514943 6.0757953226566306 18.834677308797836 13.195181615650652 3.1851630071178052 9.1667435453273356 49.300478348508477 5.4857720583677283 4.8449108097702256 39.887151397764683 33.760142246261239 26.189307579770684 9.6371341440826637 19.292963686399162 4.3402591124177006 22.674642036668956 15.98698530346155 3.5049854777753362 5.4110676310956478 3.1402233801782131 4.1419024839997292
leaf_count=60 66 20 22 3248 18 1243 23 21 41 32 37 70 55 28 62 328 28 55 189 234 135 53 111 43 168 62 20 31 20 20
internal_value=0.000126923 0.00270276 -0.000984237 -0.00184855 -0.00402138 -0.00649267 0.0150061 0.0175746 -0.0198367 -0.00258496 0.0215609 0.00803125 0.0173293 -0.00224663 0.0280004 -0.00532352 -0.00280258 0.0117702 0.0163763 -0.00244938 0.0208297 0.0309369 0.00524405 0.030558 0.0171577 0.0425107 0.0345812 -0.0150552 0.00739062 -0.0516666
internal_weight=1241.6 538.911 431.848 702.691 362.917 313.808 68.9308 107.063 9.8711 688.768 95.4075 38.1057 32.0299 684.367 12.3519 305.891 672.015 49.1093 44.2644 666.53 59.0597 35.8264 23.2333 57.3018 27.0149 30.2869 13.9232 11.6557 6.24463 7.9168
internal_count=6543 2831 2258 3712 1873 1611 385 573 64 3632 501 162 125 3600 90 1571 3510 262 207 3482 321 188 133 339 211 128 80 72 41 40
is_linear=0
shrinkage=0.05


Tree=101
num_leaves=31
num_cat=0
split_feature=12 10 13 10 11 1 2 8 1 8 2 20 7 11 13 2 1 9 9 1 1 2 2 2 20 11 20 10 0 9
split_gain=2.39237 3.16361 7.88378 4.95534 4.45912 3.15176 7.50928 5.02146 5.79239 4.54977 4.319 3.92093 3.14747 4.11735 2.59746 2.42722 3.345 3.85778 3.99622 2.28648 1.87257 1.99641 1.73979 2.4469 1.54235 0.730966 0.460179 0.298634 0.000853476 0.00054163
threshold=1.3278776836787707 104.54209445585217 0.421691154856011 97.478439425051349 64.509240246406577 453.87000000000006 1324.5750000000003 21.500000000000004 390.76000000000005 5.5000000000000009 712.00000000000011 874.00000000000011 2.5000000000000004 28.008213552361401 0.66588883223777484 2999.0000000000005 410.47000000000008 84.501026694045194 126.4722792607803 5677.4350000000004 1733.5350000000001 3795.8300000000004 6059.1550000000016 8389.1850000000031 111.50000000000001 32.016427104722801 665.00000000000011 126.96509240246408 266.05500000000006 44.50102669404518
decision_type=10 10 10 10 8 10 8 10 10 10 10 2 8 8 10 10 8 8 10 8 10 10 10 10 2 10 2 10 10 10
left_child=1 3 25 5 -4 7 9 8 -1 -7 -9 -8 13 29 20 16 -14 -18 -19 -17 24 -22 -21 -24 -15 -3 28 -27 -16 -2
right_child=12 2 4 -5 -6 6 11 10 -10 -11 -12 -13 15 14 26 19 17 18 -20 22 21 -23 23 -25 -26 27 -28 -29 -30 -31
leaf_value=-0.0013840715557634832 0.052150981366172883 -0.075892697941391585 0.044105731843440188 0.042830072903338727 -0.024831761447937847 0.016265495218908452 -0.011938041391439072 0.052378779567450434 -0.024801355676469409 -0.010022633881451852 -0.0022021850246136316 0.018636713328094561 0.0303576161372274 -0.027254154825459277 0.054949692561211717 -0.023674825416496667 0.014535881797747988 -0.069017217498113334 -0.013246091113629309 0.065911912137945006 0.060631115750871836 -0.0016995899278421872 -0.028942756456933838 0.048708423554439106 0.0051112336035255938 -0.058334686320986151 0.021141422061630045 -0.027447171048499659 0.053362505568776121 0.051295768280280818
leaf_weight=890.84615972451866 4.0018201768398285 4.0051975958049324 4.4713383764028531 6.6775976959615937 4.9343886412680149 112.88713477179408 66.093987975269556 7.9414162635803205 27.214058440178633 19.268698383122683 6.66742611117661 12.463103435933588 4.0161058045923737 4.5934656988829436 1.4962278380990022 2.301800932735202 5.7682675160467651 5.1469130273908368 8.5437455233186466 2.6177671737968931 2.7931126393377772 2.378710750490427 1.8460434786975382 2.2522953171283007 18.529655016958714 1.6477435631677511 1.5351295284926889 1.4903551265597341 1.9519342444837091 3.4452647622674704
leaf_count=4445 96 29 27 38 29 492 329 40 131 87 50 56 19 29 15 18 33 35 40 22 24 24 13 34 166 19 21 21 30 131
internal_value=0.000121055 -0.000429183 -0.0221348 -0.000116845 0.00794007 -0.000367665 0.00515526 -0.00161543 -0.00207823 0.0124326 0.0274682 -0.00708735 0.00888817 0.018148 0.0106273 -0.00271773 -0.0111877 -0.0197621 -0.0342129 0.0193308 0.00476499 0.0319629 0.0340701 0.0137315 -0.00131823 -0.0617351 0.0439132 -0.0436655 0.0540512 0.0517553
internal_weight=1239.83 1166.61 16.549 1150.06 9.40573 1143.38 210.713 932.669 918.06 132.156 14.6088 78.5571 73.2183 40.7253 33.2782 32.4929 23.475 19.4589 13.6907 9.01791 28.2949 5.17182 6.71611 4.09834 23.1231 7.1433 4.98329 3.1381 3.44816 7.44708
internal_count=6543 5793 125 5668 56 5630 964 4666 4576 579 90 385 750 536 309 214 127 108 75 87 243 48 69 47 195 69 66 40 45 227
is_linear=0
shrinkage=0.05


Tree=102
num_leaves=31
num_cat=0
split_feature=5 20 20 17 10 10 20 9 1 20 0 20 1 7 13 1 20 16 20 9 17 9 15 20 9 3 13 1 9 9
split_gain=2.46265 2.50826 10.9118 7.92537 6.54545 6.39865 7.95823 7.24912 5.68939 5.50807 5.30911 5.22687 4.44151 4.4388 6.19633 4.38047 4.19919 3.91 3.46172 3.23967 3.23839 3.15739 2.97363 2.88467 2.47276 3.48324 2.36292 2.27283 1.71872 2.80197
threshold=40.500000000000007 553.50000000000011 590.50000000000011 0.10555555555555557 15.490759753593432 20.057494866529776 40.500000000000007 25.938398357289532 1040.0500000000002 785.50000000000011 2869.0000000000005 5.0000000000000009 3852.9750000000004 8.5000000000000018 0.42559892244174441 5677.4350000000004 157.00000000000003 0.3628148027769173 926.00000000000011 58.496919917864481 0.73798627002288331 13.946611909650926 11.995893223819303 19.000000000000004 100.46817248459961 3095.1700000000005 0.12379801781887183 496.10000000000008 95.507186858316246 79.474332648870657
decision_type=10 2 2 10 8 8 2 8 10 2 10 2 8 8 8 10 2 10 2 10 8 10 10 2 8 8 10 8 8 10
left_child=1 5 10 4 -4 6 11 17 18 -6 13 -1 -10 19 -15 16 -9 23 -5 -3 -17 -8 -23 -7 -12 -26 -2 -28 29 -29
right_child=26 2 3 8 9 7 21 15 12 -11 24 -13 -14 14 -16 20 -18 -19 -20 -21 -22 22 -24 -25 25 -27 27 28 -30 -31
leaf_value=0.019934479401080459 -0.026897093385027493 0.025692929114383242 -0.049043450372224122 0.028658646190603959 -0.011943453888713384 0.016229228529562292 -0.001594506553728994 0.0032342305337947699 -0.058684023964667181 0.0013780939394835625 0.020855333425519894 -0.051621443645375381 0.0098643814412407681 -0.039200883316966979 0.016406317132985005 -0.016195174065033482 -0.0055772840562200582 0.032465886824034181 0.0015262577642159612 0.064666324637167857 0.043731903979259794 0.057142683002696697 0.012614498765624453 -0.043741645895738285 -0.064273851189260073 0.001417910317476337 -0.033486116011059934 0.035547921803377368 0.05486879734095082 -0.028606873340664547
leaf_weight=4.8764820992946607 2.464314708486202 49.146141963079572 7.9132128953933707 40.244927957653999 116.32483991701156 2.2452828623354497 4.6115035377442863 198.0472188834101 4.2960678599774811 233.05009778402746 3.3540182579308722 5.3540460169315338 5.2518714349716911 5.939833238720893 31.992327637970448 3.0495922174304697 426.13583019655198 2.2186892479658118 16.606928938999772 5.9810966877266756 8.6451044073328376 13.34585288167 5.2142271026968947 18.751729734241962 3.8918471988290539 4.190857246518136 1.4610064430162282 6.4151469245552999 5.1857001497410247 2.3165168454870582
leaf_count=22 38 250 36 206 622 20 26 959 23 1146 21 29 34 37 124 21 2145 9 87 53 53 54 35 199 24 23 14 83 127 23
internal_value=0.000115588 -0.000153967 0.00244124 -0.00112781 -0.00407583 -0.00213339 0.0192163 -0.00321538 0.0147351 -0.00305733 0.0169122 -0.0175136 -0.0209788 0.0208632 0.00769873 -0.00221343 -0.00278148 -0.0306586 0.020733 0.0299214 0.0281049 0.035433 0.044633 -0.0373288 -0.0152362 -0.0302129 0.0185568 0.0258406 0.0320686 0.0185276
internal_weight=1238.52 1220.68 528.184 423.688 357.288 692.496 33.4021 659.093 66.3998 349.375 104.496 10.2305 9.54794 93.0594 37.9322 635.878 624.183 23.2157 56.8519 55.1272 11.6947 23.1716 18.5601 20.997 11.4367 8.0827 17.8427 15.3784 13.9174 8.73166
internal_count=6543 6258 2686 2154 1804 3572 166 3406 350 1768 532 51 57 464 161 3178 3104 228 293 303 74 115 89 219 68 47 285 247 233 106
is_linear=0
shrinkage=0.05


Tree=103
num_leaves=30
num_cat=0
split_feature=20 8 2 2 20 19 19 10 9 5 9 10 1 10 8 20 12 9 0 9 20 20 0 13 13 1 9 19 11
split_gain=2.33214 8.983 6.73892 4.1568 3.87011 13.0609 4.10795 3.62332 5.2207 5.62305 6.36583 5.14004 5.03033 7.19931 3.84556 4.22088 3.54646 3.48369 7.16337 4.3246 3.01935 2.93663 3.65825 2.47537 5.28868 2.13335 2.43898 2.11197 0.0826646
threshold=19.000000000000004 3.5000000000000004 2584.7500000000005 181.54000000000005 42.500000000000007 144.50000000000003 132.50000000000003 40.000000000000007 33.494866529774136 -1.0000000180025095e-35 60.50102669404518 43.006160164271058 209.64000000000001 21.043121149897335 3.5000000000000004 428.50000000000006 1.0439145680584521 54.47227926078029 649.25000000000011 23.014373716632445 1.0000000180025095e-35 29.500000000000004 430.22500000000008 0.6076105889464557 0.47732254658818146 352.80500000000006 48.509240246406577 138.00000000000003 40.509240246406577
decision_type=2 8 8 8 2 2 2 8 8 10 8 8 8 10 10 2 10 10 10 10 2 2 10 10 10 10 10 2 8
left_child=1 2 25 -3 5 6 -2 12 14 10 -10 -11 13 -6 15 -9 -8 19 -19 -14 -5 22 -7 24 -22 26 27 -1 -16
right_child=4 3 -4 20 7 21 16 8 9 11 -12 -13 17 -15 28 -17 -18 18 -20 -21 23 -23 -24 -25 -26 -27 -28 -29 -30
leaf_value=-0.028440445338736294 0.020185495176318197 -0.042205349249122448 0.012901712019500695 -0.03194424227677739 0.019408272503348343 -0.048257717269928807 0.10595607167432697 -0.039395069110205384 -0.019776616312608242 -0.036517232655449212 -0.00065627077561863261 0.017568511476733561 -0.0038178790657574465 -0.074155821514016992 -0.071090586845288295 0.0065559611826508882 0.043382158262864942 -0.014231631061069628 0.019049587659338115 0.016217415861153953 0.010052874081581918 0.023899269377590779 0.0026928445418321141 -0.018633449905425672 0.068418331999763035 -0.012229490472414856 -0.092017945330288523 -0.070103190062761764 -0.057934646300952845
leaf_weight=8.056264355778703 6.1829525902867308 4.4606318920850745 6.3545226957648984 4.2380469888448706 3.7152369730174524 6.8419839181005973 4.302269980311392 9.1224161041900569 46.172984305769205 4.7413700968027106 760.93494172487408 59.751741127576679 35.167886160314083 4.603389410302043 2.2115078233182421 11.052168095484374 4.7804051479324698 44.01913863606751 25.554001970216632 115.0312262699008 32.621415643021464 4.6222309079021207 7.2626397684216499 5.6135530509054652 4.4054461847990742 3.7587512806057921 3.3535050135105839 4.8870094846934071 2.59525509737432
leaf_count=49 29 23 35 20 18 31 15 88 275 30 3693 507 249 28 17 87 30 251 138 556 153 28 35 29 22 18 20 37 32
internal_value=0.00011049 -0.00827245 -0.0319683 0.00391726 0.000673005 0.0172947 0.051622 0.000170627 -0.0012608 -0.000614865 -0.00175011 0.0135923 0.00579729 -0.0323685 -0.0237975 -0.0142219 0.0730221 0.00724191 -0.00200754 0.0115263 0.00830597 -0.010688 -0.0220227 0.0123065 0.0169972 -0.0461852 -0.0540169 -0.0441711 -0.0639875
internal_weight=1236.41 77.7491 26.4101 51.3391 1158.67 33.9925 15.2656 1124.67 896.582 871.601 807.108 64.4931 228.091 8.31863 24.9813 20.1746 9.08268 219.772 69.5731 150.199 46.8785 18.7269 14.1046 42.6404 37.0269 20.0555 16.2968 12.9433 4.80676
internal_count=6543 406 159 247 6137 168 74 5969 4729 4505 3968 537 1240 46 224 175 45 1194 389 805 224 94 66 204 175 124 106 86 49
is_linear=0
shrinkage=0.05


Tree=104
num_leaves=21
num_cat=0
split_feature=5 16 10 2 7 17 20 20 2 17 1 20 17 13 1 20 2 16 17 12
split_gain=2.17564 2.37802 3.42389 5.19607 5.50352 4.6046 3.72264 10.1743 6.23326 6.1261 3.99458 4.39366 4.16618 2.2152 2.08854 1.18674 3.27083 0.860918 0.0219995 0.00206909
threshold=40.500000000000007 4.6847969562854272 20.977412731006165 175.60500000000002 4.5000000000000009 0.20526315789473687 553.50000000000011 665.00000000000011 753.81500000000017 0.10555555555555557 5677.4350000000004 157.00000000000003 0.72077922077922085 0.12379801781887183 496.10000000000008 553.50000000000011 534.50000000000011 0.5789427275649931 0.16954022988505749 1.0439145680584521
decision_type=10 10 8 10 8 8 2 2 8 10 10 2 8 10 8 2 10 10 8 10
left_child=1 2 3 -1 5 -5 10 8 -8 -9 11 -4 -12 -2 -15 17 -17 -16 -19 -18
right_child=13 -3 6 4 -6 -7 7 9 -10 -11 12 -13 -14 14 15 16 19 18 -20 -21
leaf_value=0.064372508306672335 -0.02601219372650709 -0.033731422414787653 0.0024995551445684771 -0.025953108953893272 -0.04730972592034062 0.018889874439999566 0.027354750536012291 -0.0040763290674330063 0.0049338875033900862 0.014136331966617944 -0.025421124270487656 -0.0063920410812174644 0.043044176912323012 -0.031351192823129745 0.0051251267812062592 -0.014604589847815562 0.054103334879064151 0.059845659077732129 0.05297556718113753 0.051637593326209243
leaf_weight=4.3822456970810881 2.4904767302796271 5.2480394206941119 202.82859950698912 6.6700979545712462 4.1835980862379065 40.38302194327116 56.250156531110406 321.11481888592243 69.055364039726555 53.925630150362849 2.9709229432046387 441.03098535072058 8.8139267740771174 1.4848953662440152 1.0230714008212087 3.797648698091507 1.7279061954468491 1.7528457790613172 3.4762380346655846 1.6760564176365731
leaf_count=19 38 30 1017 36 22 191 282 1630 351 297 22 2307 54 14 22 33 23 15 78 62
internal_value=0.000104449 -0.000146783 -1.31218e-06 0.0121162 0.00764677 0.0125331 -0.000584331 0.00266368 0.0149987 -0.0014576 -0.00306301 -0.00359101 0.0257843 0.0176448 0.024923 0.031134 0.0172975 0.0470717 0.0552785 0.0528892
internal_weight=1234.29 1216.86 1211.61 55.619 51.2367 47.0531 1155.99 500.346 125.306 375.04 655.644 643.86 11.7848 17.4291 14.9387 13.4538 7.20161 6.25216 5.22908 3.40396
internal_count=6543 6258 6228 268 249 227 5960 2560 633 1927 3400 3324 76 285 247 233 118 115 93 85
is_linear=0
shrinkage=0.05


Tree=105
num_leaves=18
num_cat=0
split_feature=11 11 20 8 3 0 20 19 19 11 10 19 20 0 20 9 20
split_gain=2.2407 2.80681 2.52839 9.35867 4.07664 5.01244 3.45179 11.7772 3.76704 3.32476 3.28938 2.93046 2.69662 2.52895 2.6136 1.46237 1.02435
threshold=70.981519507186874 58.989733059548264 19.000000000000004 3.5000000000000004 137.54500000000004 392.42000000000002 42.500000000000007 144.50000000000003 132.50000000000003 -1.9548254620123202 20.977412731006165 19.500000000000004 29.500000000000004 182.24000000000004 1.0000000180025095e-35 52.468172484599599 444.50000000000006
decision_type=10 10 2 8 8 10 2 2 2 8 8 2 2 8 2 8 2
left_child=1 2 3 4 15 -6 7 8 -4 10 -8 -11 -9 -5 -15 -1 -2
right_child=16 -3 6 13 5 -7 9 12 -10 11 -12 -13 -14 14 -16 -17 -18
leaf_value=-0.04639648946133864 -0.0090178652577767027 0.036415857191497078 0.018931597635945374 -0.033820580295940941 0.010653169553181985 -0.042493922476744592 0.031240512600019411 -0.021173597432576383 0.069569980656357486 0.024174644475038708 -0.021971253981430336 0.0003402330656550953 0.022956675799495795 -0.030582354798734335 0.010619016119612293 -0.091833061585840495 -0.060975453953958071
leaf_weight=4.3690317720174816 1.7003507018089288 5.3324637189507476 6.1855963319540015 4.1433858275413504 7.511182144284251 10.837368950247763 3.2564681321382549 14.030346175655724 9.040255409665404 13.053728260099886 26.85433117672801 1069.8671600972302 4.5955202840268603 4.2283957153558722 42.906032847240567 2.9778698608279228 2.1456661317497492
leaf_count=26 27 35 29 22 37 72 15 66 45 77 184 5601 27 20 205 22 33
internal_value=9.99622e-05 0.000219188 6.14755e-05 -0.00871088 -0.0333397 -0.0207376 0.000650234 0.016379 0.0489978 0.000171858 -0.0162164 0.000627537 -0.0102854 0.00363069 0.00692287 -0.064813 -0.0380046
internal_weight=1233.04 1229.19 1223.86 76.9733 25.6955 18.3486 1146.88 33.8517 15.2259 1113.03 30.1108 1082.92 18.6259 51.2778 47.1344 7.3469 3.84602
internal_count=6543 6483 6448 404 157 109 6044 167 74 5877 199 5678 93 247 225 48 60
is_linear=0
shrinkage=0.05


Tree=106
num_leaves=31
num_cat=0
split_feature=0 1 9 19 19 15 2 9 19 20 17 19 2 9 3 1 8 3 19 11 17 11 11 10 10 9 19 20 10 3
split_gain=2.19756 5.83175 5.4982 8.07248 12.8154 9.9479 8.89929 8.69912 8.54518 6.93128 6.85339 8.22873 6.51375 5.95811 5.73582 5.27228 6.13028 5.21115 4.64802 5.31356 4.65319 3.6628 3.12445 5.14319 3.0999 3.94605 5.34648 3.37076 2.98586 2.94829
threshold=426.12000000000006 426.89500000000004 54.47227926078029 120.50000000000001 110.00000000000001 17.494866529774132 799.32000000000005 61.470225872689944 138.00000000000003 297.50000000000006 0.54772727272727284 188.50000000000003 244.15500000000003 23.014373716632445 24.450000000000006 339.46000000000009 14.500000000000002 141.06500000000003 58.500000000000007 2.4969199178644765 0.16397849462365593 -1.4784394250513346 14.012320328542096 35.055441478439427 18.004106776180702 40.476386036960996 53.500000000000007 1065.0000000000002 7.9671457905544161 223.03000000000003
decision_type=8 8 8 2 2 10 8 10 2 2 10 2 8 10 8 10 8 10 2 8 10 8 8 8 8 8 2 2 10 8
left_child=2 -2 13 4 6 17 9 -7 -5 -4 12 -12 -10 18 22 16 -16 -6 -1 -20 -21 28 -15 -24 -23 26 -26 -27 -3 -17
right_child=1 21 3 8 5 7 -8 -9 10 -11 11 -13 -14 14 15 29 -18 -19 19 20 -22 24 23 -25 25 27 -28 -29 -30 -31
leaf_value=0.045931351807839374 0.04687770552707534 -0.041550564617314406 -0.014948760834046337 0.041406493610724675 -0.048360323586067608 0.03722960815657924 -0.058216033264754191 -0.032492601073820349 0.017599078466907236 0.014297772867249295 -0.073865417046822118 0.0056817831740465187 -0.0055423453140199946 0.070399509369017371 0.0059860822093214224 0.062703721213857033 -0.042244772047952628 -0.019341918009806544 0.046237261114765088 -0.049498321685895574 0.0028571106081445698 0.02700457365578969 0.056081166599883658 -0.016113546138035222 -0.040820883658622881 0.0024434788375001515 -0.003739284057229448 0.04792453741132971 0.0028880902181402561 0.010013885268383491
leaf_weight=2.6419339925050762 7.1046327129006377 8.9144449494779092 32.21305974945426 12.673834622837601 39.17357087880373 9.7127959895879048 6.2747992482036343 8.2940351609140617 44.887787617743015 54.588197296485305 6.8286539465188962 6.2053427994251251 94.267829185351729 5.2147915810346586 85.928795535117388 5.9694502390921089 7.1353315375745288 25.569910358637571 2.3823854029178593 13.345855759456763 6.222706973552703 12.067404378205536 5.3185855466872427 4.6011331118643293 11.433962282724677 633.06865908112377 64.867140609771013 4.1002458408474913 6.5627255886793128 4.7816081047058114
leaf_count=19 36 60 168 78 261 52 40 54 188 274 31 34 472 24 418 25 43 146 8 140 36 64 24 31 88 3216 440 22 30 21
internal_value=9.45627e-05 0.00179326 -0.00252985 -0.00598816 -0.0134409 -0.0277571 -0.000712854 0.00511522 0.00196013 0.00344401 -0.00132483 -0.0359939 0.00192244 0.00567825 0.0103101 0.00611795 0.00228817 -0.0368997 -0.016725 -0.0242661 -0.0328496 0.001361 0.0390664 0.0225946 0.00187443 0.00144938 -0.00929608 0.00273615 -0.0227074 0.0392695
internal_weight=1232.35 748.119 484.232 340.69 175.826 82.7503 93.0761 18.0068 164.863 86.8013 152.19 13.034 139.156 143.543 118.95 103.815 93.0641 64.7435 24.5929 21.9509 19.5686 741.015 15.1345 9.91972 725.537 713.47 76.3011 637.169 15.4772 10.7511
internal_count=6543 3956 2587 1798 995 513 482 106 803 442 725 65 660 789 586 507 461 407 203 184 176 3920 79 55 3830 3766 528 3238 90 46
is_linear=0
shrinkage=0.05


Tree=107
num_leaves=16
num_cat=0
split_feature=9 9 11 9 20 11 19 0 5 3 3 19 8 11 12
split_gain=2.17612 2.06433 2.02587 2.02181 3.52198 2.78239 2.08387 3.98756 4.32648 2.13993 4.61622 3.79742 0.109611 0.034861 0.000823831
threshold=264.00000000000006 325.99589322381934 -24.492813141683772 12.501026694045175 757.50000000000011 10.51334702258727 19.500000000000004 355.07500000000005 -1.0000000180025095e-35 134.38000000000002 52.100000000000009 214.00000000000003 9.5000000000000018 17.034907597535938 2.0288411493198857
decision_type=10 10 8 8 2 8 2 8 10 8 10 2 8 8 10
left_child=2 12 -1 4 5 -4 7 -5 -9 10 -8 -11 14 -7 -2
right_child=1 -3 3 6 -6 13 9 8 -10 11 -12 -13 -14 -15 -16
leaf_value=-0.03395965042637409 0.054980091839099222 0.0011995329144669608 0.010144393630065498 0.05354063435831459 0.012814532891474249 -0.062761438774659881 0.0021627984262316516 -0.024124456283495417 0.04301610777032866 0.0018906290495360333 -0.010604996640454471 -0.014700348910284431 0.074110284827481873 -0.054789660406592999 0.052563279913663045
leaf_weight=4.3889276683330536 0.68179484456777506 2.7114796191453934 2.0298846513032895 5.3275740910321447 5.1254601553082466 2.1645808182656765 153.24409094080329 6.5918422266840935 3.7726360578089952 870.22503938339651 131.57898523658514 35.912586254067719 1.2383014708757398 3.7426717644557357 0.73030538251623511
leaf_count=26 12 17 9 33 38 26 899 31 28 4369 753 199 5 70 28
internal_value=8.87357e-05 0.0318724 -5.04845e-05 7.15316e-05 -0.0194938 -0.0403571 0.000283336 0.0183852 0.000314489 4.48265e-05 -0.00373551 0.00123309 0.063252 -0.0577107 0.0537302
internal_weight=1229.47 5.36188 1224.1 1219.72 13.0626 7.93714 1206.65 15.6921 10.3645 1190.96 284.823 906.138 2.6504 5.90725 1.4121
internal_count=6543 62 6481 6455 143 105 6312 92 59 6220 1652 4568 45 96 40
is_linear=0
shrinkage=0.05


Tree=108
num_leaves=18
num_cat=0
split_feature=11 11 20 8 2 2 20 19 19 10 17 15 3 9 19 15 2
split_gain=2.08401 2.53749 2.25816 8.49792 5.02232 3.55574 3.16817 10.6223 3.3382 3.20575 5.68263 4.57308 2.58311 2.48012 2.04684 1.18457 0.227313
threshold=70.981519507186874 58.989733059548264 19.000000000000004 3.5000000000000004 3057.5750000000003 181.54000000000005 42.500000000000007 144.50000000000003 132.50000000000003 40.000000000000007 0.14835164835164838 50.480492813141687 127.30500000000002 26.956878850102672 138.00000000000003 2.4640657084188917 908.73500000000013
decision_type=10 10 2 8 8 8 2 2 2 8 8 8 8 10 2 10 10
left_child=1 2 3 4 14 -5 7 8 -4 11 -11 -8 -7 -9 -1 16 -2
right_child=15 -3 6 5 -6 12 9 13 -10 10 -12 -13 -14 -15 -16 -17 -18
leaf_value=-0.030620169126200015 -0.073380924391216115 0.034524919396496635 0.018599952781086504 -0.039432197813371789 0.010200872046503379 0.029138119993338853 -0.0014935651547561446 -0.02033159990620248 0.066449256247851585 -0.015222475139011657 -6.5846144767518915e-05 0.012739522290708273 0.001126298770602611 0.021671815154033301 -0.063435048550848111 0.0055965003542099052 -0.04337053256211322
leaf_weight=11.941232714802032 1.0769212953746317 5.3599906340241423 6.166593935340642 4.412356059998273 5.5311681479215613 10.666806660592554 115.4889514837414 13.805640131235124 8.914097876287995 66.905624024569988 817.12527295295149 110.36843611858785 36.025792390108109 4.714439943432807 7.8932051658630362 1.1258012950420377 1.523818193003535
leaf_count=69 19 35 29 23 31 57 716 70 45 387 4251 523 167 23 57 12 29
internal_value=8.42131e-05 0.000197757 4.69379e-05 -0.00827152 -0.0319301 0.00347124 0.000603233 0.0157292 0.0468834 0.000145309 -0.00121294 0.00546164 0.00752553 -0.00963928 -0.043679 -0.03725 -0.0557973
internal_weight=1229.05 1225.32 1219.96 76.4706 25.3656 51.105 1143.49 33.6008 15.0807 1109.89 884.031 225.857 46.6926 18.5201 19.8344 3.72654 2.60074
internal_count=6543 6483 6448 404 157 247 6044 167 74 5877 4638 1239 224 93 126 60 48
is_linear=0
shrinkage=0.05


Tree=109
num_leaves=31
num_cat=0
split_feature=0 12 0 19 15 1 1 19 10 1 8 1 11 20 10 20 10 15 20 0 10 0 1 5 10 12 0 15 13 13
split_gain=1.95273 5.3202 8.7853 6.71226 6.49655 5.75668 5.20867 4.41727 5.94554 4.2589 4.19809 3.72093 3.30876 2.99978 6.68453 9.4739 4.3966 9.53622 7.98252 3.60884 2.83763 2.95332 6.94068 5.31129 2.75305 2.69744 2.09929 1.47893 0.961994 0.0388891
threshold=426.12000000000006 0.26163574482307356 389.84000000000009 129.00000000000003 1.0000000180025095e-35 310.59000000000009 426.89500000000004 224.50000000000003 29.026694045174541 163.34 5.5000000000000009 196.02500000000003 -1.4784394250513346 556.00000000000011 15.490759753593432 635.00000000000011 35.99178644763861 3.9876796714579057 445.50000000000006 239.46500000000003 18.004106776180702 954.15500000000009 869.72000000000014 5.5000000000000009 7.9671457905544161 0.064776371131957597 649.25000000000011 18.020533880903496 0.39828207990825615 0.84939180198716435
decision_type=8 10 10 2 8 8 8 2 10 10 10 10 8 2 8 2 8 10 2 10 8 10 10 10 10 8 10 10 10 10
left_child=1 2 3 10 5 28 -2 8 -7 -5 25 -11 24 16 19 -16 17 -6 -18 -15 26 22 -22 -23 27 -1 -14 29 -3 -8
right_child=6 4 -4 9 13 7 12 -9 -10 11 -12 -13 20 14 15 -17 18 -19 -20 -21 21 23 -24 -25 -26 -27 -28 -29 -30 -31
leaf_value=-0.0098345741253264111 0.044220596450359001 -0.03357715017055949 -0.073289265277996674 -0.033552348606334735 0.024201468238861188 -0.025513014246730911 -0.053348601782556543 0.038415925780303499 0.010754667417842843 0.040406331623800799 0.013018080118751205 0.00068168555016465203 -0.0010276223345628774 0.010479134112115403 0.036058112288091665 0.0037278935692112367 -0.00021275912819280316 -0.011053111577320689 -0.029395567074740475 -0.052144910079804534 0.0023101652102495759 -0.0050140682506759687 0.029389011970245366 0.020181421011741394 0.0027821838573788252 -0.053692576252744532 0.042311720856601398 -0.016470568292187657 -0.069118649893861725 -0.062193610887779915
leaf_weight=4.7460188418626847 7.1265436932444564 3.1816653646528712 5.9530990719795218 6.9059480354189864 42.41568423807621 33.995901744812727 2.3792245350778085 4.4637048561125985 16.926916336640716 7.5775400549173346 4.240936577320098 26.54556380212307 4.4848772492259723 3.5042299479246122 29.79033767990768 94.665133891627192 105.96780198533088 35.017575841397047 30.085828334093094 6.6972205340862274 423.09651168435812 241.90114690177143 25.065568561665714 22.896599025465548 6.5485209748148909 13.416614472866057 7.4117816090583801 3.7737164758145809 4.7406659424304962 2.6015566438436508
leaf_count=19 36 29 26 32 181 239 23 23 95 27 17 106 27 18 168 520 585 201 167 34 2021 1347 134 264 30 69 37 18 31 19
internal_value=7.97549e-05 -0.00240575 -0.0152131 -0.00976269 -0.000245967 -0.0149792 0.00167904 -0.00927694 -0.0134575 0.0022561 -0.0317735 0.00950313 0.00126943 0.00243323 0.00827718 0.0114666 -0.00125285 0.00825832 -0.00666602 -0.0306334 0.00175517 0.00135106 0.00382468 -0.00283546 -0.0217385 -0.0422322 0.0259734 -0.0400804 -0.0548449 -0.0579685
internal_weight=1228.12 480.838 69.3857 63.4326 411.453 63.3089 747.286 55.3865 50.9228 41.0291 22.4036 34.1231 740.16 348.144 134.657 124.455 213.487 77.4333 136.054 10.2015 724.856 712.96 448.162 264.798 15.303 18.1626 11.8967 8.7545 7.92233 4.98078
internal_count=6543 2587 296 270 2291 417 3956 357 334 165 105 133 3920 1874 740 688 1134 382 752 52 3830 3766 2155 1611 90 88 64 60 60 42
is_linear=0
shrinkage=0.05


Tree=110
num_leaves=22
num_cat=0
split_feature=9 9 9 9 9 10 10 16 10 20 7 19 20 19 8 19 12 9 20 7 12
split_gain=1.96595 1.99384 1.96577 10.0962 3.57462 5.54919 5.42304 5.0566 4.92908 4.00109 3.36491 3.20981 3.35828 3.26228 2.57527 2.27404 2.24781 1.7094 0.431807 0.0895355 0.000611761
threshold=264.00000000000006 325.99589322381934 109.47022587268995 119.50718685831625 96.509240246406577 104.54209445585217 79.967145790554426 1.2700563632532662 97.478439425051349 1043.5000000000002 7.5000000000000009 53.500000000000007 361.50000000000006 157.00000000000003 7.5000000000000009 129.00000000000003 1.0548605913190696 58.496919917864481 446.50000000000006 1.5000000000000002 2.0288411493198857
decision_type=10 10 10 8 10 10 10 10 10 2 8 2 2 2 8 2 10 10 2 8 10
left_child=2 19 4 18 5 8 7 15 9 -1 17 14 16 -14 -5 -6 -13 -7 -4 20 -2
right_child=1 -3 3 11 6 10 -8 -9 -10 -11 -12 12 13 -15 -16 -17 -18 -19 -20 -21 -22
leaf_value=-0.00048830096721124599 0.054686553597642351 0.00074579818496939201 -0.076278131848298153 -0.0018352924777422402 -0.047879450727819961 -0.04027726749455221 0.072671487212292246 0.054334003937847354 0.044960652686521288 0.013725992101487901 -0.0073629093296836605 0.041728965056411944 0.010562774613636229 -0.024599300287121036 -0.061713798068141645 0.0073068752555767698 0.0031932344978070947 -0.096916141912570614 -0.052088901743159693 0.072381764558768727 0.052553075996520274
leaf_weight=1079.9412631103769 0.6464107935316854 2.7058121021836996 3.5291702859103671 3.5879781339317551 3.3615667596459371 3.4052658034488532 4.2111010421067467 3.6645458806306124 6.1739671509712926 51.885684542357922 5.5020573697984227 7.8518233001232129 13.699932183139028 12.722156892530618 3.5946064367890358 4.1977505031973124 7.3046517446637154 2.1881724148988724 3.8659948483109474 1.1949858665466306 0.69972079060971737
leaf_count=5559 12 17 20 35 20 44 31 26 34 268 30 34 111 113 22 23 77 13 21 5 28
internal_value=7.49815e-05 0.0306152 -5.62906e-05 -0.00919342 0.000384322 6.32641e-05 0.0242863 0.00613264 0.000406354 0.000163317 -0.0351255 -0.000937114 0.00439474 -0.00636766 -0.0318022 -0.017234 0.0231567 -0.0624346 -0.0636326 0.0624204 0.0535776
internal_weight=1225.93 5.24693 1220.69 56.1563 1164.53 1149.1 15.435 11.2239 1138 1131.83 11.0955 48.7611 41.5786 26.4221 7.18258 7.55932 15.1565 5.59344 7.39517 2.54112 1.34613
internal_count=6543 62 6481 433 6048 5948 100 69 5861 5827 87 392 335 224 57 43 111 57 41 45 40
is_linear=0
shrinkage=0.05


Tree=111
num_leaves=22
num_cat=0
split_feature=15 16 16 15 20 0 1 12 0 15 1 16 12 15 11 11 1 1 20 12 20
split_gain=1.89145 3.15167 4.58863 2.71395 4.80172 2.11979 4.61043 4.49885 8.1526 5.68676 5.37611 4.30237 4.0472 3.71146 3.45917 3.09404 1.01875 0.752981 0.0037787 0.00128647 0.000217721
threshold=93.979466119096529 1.905595181568571 2.4320093079724812 76.024640657084205 412.50000000000006 426.12000000000006 426.89500000000004 0.26163574482307356 389.84000000000009 1.0000000180025095e-35 310.59000000000009 0.10337627406568517 0.17422562957038321 44.517453798767974 -1.4784394250513346 44.517453798767974 1625.2300000000002 3422.0000000000005 285.50000000000006 1.1642645824984288 826.50000000000011
decision_type=10 10 10 10 2 8 8 10 10 8 8 8 10 10 8 8 8 8 2 10 2
left_child=3 16 -3 5 -5 7 -7 8 12 10 -9 -11 -1 14 -8 -15 -2 -4 -18 -20 -21
right_child=1 2 17 4 -6 6 13 9 -10 11 -12 -13 -14 15 -16 -17 18 -19 19 20 -22
leaf_value=-0.0055325705097328849 0.0047513462974446237 -0.049739168661056293 0.011548310429855432 0.018660785615817074 -0.069080639095519036 0.041812470449835944 -0.025186414544387505 -0.053554966810768767 -0.070860522316970653 0.054089623343899808 -0.0089260699496182521 0.001378233898043724 -0.053867616566881542 0.033610852492647156 0.0011623494588971278 -0.0059839373717016789 0.055695537738635885 0.060833662995816218 0.05368601443632507 0.05134643037754219 0.052441547736299901
leaf_weight=57.89105249941349 1.3447185894474367 3.0642947666347027 1.5285069239325824 2.671104220673441 3.7461632676422596 7.1023352555930606 12.684798844158648 7.6917796544730654 5.8523063808679572 3.916130568832159 54.996876412071288 336.95468609500676 4.6810060143470755 15.678828921169041 691.75431880913675 7.199467400088909 1.5210820371285079 1.5720058213919399 1.7909881994128229 1.0752076786011455 0.78537040203809727
leaf_count=245 18 27 15 27 32 33 78 60 26 17 357 1778 21 170 3449 51 24 30 23 43 19
internal_value=7.12058e-05 0.0192805 -0.00634779 -0.000129661 -0.0325594 4.28434e-05 0.00172305 -0.0025716 -0.0144267 -0.000561539 -0.014402 0.00198381 -0.00914851 0.00133157 0.000687889 0.0211509 0.0435225 0.0365367 0.0536017 0.0527295 0.0518087
internal_weight=1225.5 12.6822 6.16481 1212.82 6.41727 1206.4 734.42 471.984 68.4244 403.559 62.6887 340.871 62.5721 727.317 704.439 22.8783 6.51737 3.10051 5.17265 3.65157 1.86058
internal_count=6543 199 72 6344 59 6285 3781 2504 292 2212 417 1795 266 3748 3527 221 127 45 109 85 62
is_linear=0
shrinkage=0.05


Tree=112
num_leaves=29
num_cat=0
split_feature=9 20 11 10 1 2 1 9 8 16 15 9 19 9 15 15 19 0 1 0 9 20 20 20 5 10 11 8
split_gain=1.87416 3.21749 2.73363 2.26084 4.42707 4.92083 4.44116 4.53203 7.9698 5.39701 3.47316 8.12637 5.82649 6.61871 4.45232 7.42416 3.86966 3.53385 6.54217 8.9924 8.35026 3.64591 12.9878 12.2007 2.02677 0.0677593 0.000901144 0.000131732
threshold=12.501026694045175 757.50000000000011 10.51334702258727 38.02874743326489 857.7650000000001 1441.3000000000002 611.32500000000016 54.47227926078029 2.5000000000000004 0.27853806344870052 24.008213552361401 73.938398357289543 108.50000000000001 76.468172484599606 64.492813141683783 92.517453798767988 138.00000000000003 205.60500000000005 453.87000000000006 364.27500000000003 60.50102669404518 785.50000000000011 958.50000000000011 724.50000000000011 60.500000000000007 19.991786447638606 11.498973305954827 3.5000000000000004
decision_type=8 2 8 8 10 8 10 10 10 8 10 10 2 8 10 10 2 10 10 10 10 2 2 2 10 8 10 10
left_child=1 2 -1 4 6 -6 7 8 -2 -9 17 14 24 -14 16 -16 -12 21 20 -20 -19 23 -23 -5 -13 -4 -27 -28
right_child=3 -3 25 10 5 -7 -8 9 -10 -11 11 12 13 -15 15 -17 -18 18 19 -21 -22 22 -24 -25 -26 26 27 -29
leaf_value=0.010385409942891397 -0.0026493011712235711 0.01165498379015284 -0.06442282866679154 0.003408660635550698 0.066609233360807471 -0.0065842565157241051 -0.047751472562780943 -0.058729774259727724 0.020708613140781242 -0.0025765075926258534 0.047573448516771318 -0.045074194558463933 -0.11154309482169041 0.017296247050271756 -0.042652060063382541 0.043082657977267035 0.013699294831639794 -0.010457300560567845 0.06625710643505181 0.0020330718217941718 0.0071541384367433186 0.035333710330766037 -0.0082479949729590621 -0.041354940094883441 6.775203852440678e-05 -0.053937580982969024 -0.051936689491187918 -0.052831542079548058
leaf_weight=2.0142393708229047 71.660155056044459 5.1204873733222485 2.1742718555033207 188.3054586481303 5.8586352914571735 3.7765753231942663 4.1803143974393597 4.5871034637093544 74.470014691352844 63.708568735979497 18.375487254932523 10.486358316615226 1.0626276135444666 16.096013289410621 5.830184528604148 4.4542002212256193 15.578663308173416 352.9888035710901 5.6085501089692107 193.16285731084645 83.16223509516567 33.541918810456991 34.863204389810562 16.560799434781075 3.2592965653166166 1.7579765394330027 0.96394989453256108 0.71731487289071083
leaf_count=9 372 38 22 812 33 31 29 39 385 328 139 87 11 211 45 73 129 1933 30 875 433 134 155 77 39 30 29 15
internal_value=6.78806e-05 -0.0190032 -0.0395839 0.000268547 0.00475169 0.0379206 0.00328975 0.00428482 0.00925422 -0.00634806 -0.000772033 0.0095586 -0.0101142 0.00931728 0.0233017 -0.00552008 0.0320315 -0.00162678 -0.00367295 0.00384522 -0.00709927 0.00312732 0.013122 -0.0002099 -0.0343704 -0.0575139 -0.0531461 -0.0523185
internal_weight=1224.33 12.7482 7.62775 1211.58 228.241 9.63521 218.606 214.426 146.13 68.2957 983.337 75.1428 30.9043 17.1586 44.2385 10.2844 33.9542 908.194 634.922 198.771 436.151 273.271 68.4051 204.866 13.7457 5.61351 3.43924 1.68126
internal_count=6543 143 105 6400 1217 64 1153 1124 757 367 5183 734 348 222 386 118 268 4449 3271 905 2366 1178 289 889 126 96 74 44
is_linear=0
shrinkage=0.05


Tree=113
num_leaves=22
num_cat=0
split_feature=19 11 9 13 13 11 20 19 5 17 11 2 15 13 11 8 1 8 0 19 13
split_gain=1.91549 3.69438 2.08221 2.86053 4.83728 4.20217 1.93317 2.22074 6.30063 9.87568 5.87655 6.49489 4.62376 3.31733 1.83858 1.45564 1.37147 1.02975 0.913844 0.6264 0.0202292
threshold=19.500000000000004 8.5256673511293659 16.969199178644768 0.035852942327438728 0.0081603062809768537 10.51334702258727 1.0000000180025095e-35 144.50000000000003 1.5000000000000002 0.57417582417582425 35.48254620123204 1946.9600000000003 3.4825462012320334 0.99315002814631026 10.51334702258727 6.5000000000000009 935.43000000000018 2.5000000000000004 275.51000000000005 138.00000000000003 0.075006881800604316
decision_type=2 8 8 10 10 10 2 2 8 8 10 10 8 10 8 10 10 8 10 2 10
left_child=1 -1 3 4 5 19 -4 8 9 -8 13 -12 -10 -9 -5 17 20 -3 -7 -2 -16
right_child=2 15 6 14 -6 18 7 10 12 -11 11 -13 -14 -15 16 -17 -18 -19 -20 -21 -22
leaf_value=0.055634230430043813 0.02709253510562068 0.0076956692739593054 -0.030566892545916369 -0.01036379233240952 0.046395999066543084 -0.091771528909576947 -0.042695475759746387 0.0041196406871222765 -0.015520779065639624 0.037965752332149098 -0.052675325926299948 0.015049885075487041 -0.00088926490436696561 0.039325008454804751 -0.060250894036440218 0.029470026649159754 0.0019209471121068038 -0.028566810531040533 -0.040119397359016012 -0.0059714449298991657 -0.054392009625913576
leaf_weight=4.5075834617018682 2.5664018727839011 4.0621467120945436 5.0983211249113074 6.3386562615632993 4.2799993865191928 1.3932178765535357 4.6393620744347599 347.58661303669214 58.369501914829016 20.842628555372357 9.3714404273778182 5.6891412623226634 720.52542169764638 6.8226434122771016 2.504974877461791 3.380349725484848 1.188443982042372 3.7790634110569954 2.2220937088131905 3.242008276283741 3.5772434761747718
leaf_count=28 18 28 24 33 37 19 32 1711 392 103 77 54 3726 46 33 18 14 20 35 25 70
internal_value=6.50146e-05 0.0174008 -0.000161038 -0.0138092 0.00231608 -0.0177038 0.000155154 0.000288588 -0.00118533 0.0232802 0.00349747 -0.0270921 -0.00198573 0.00479737 -0.0300463 0.00204287 -0.0472058 -0.009781 -0.0600244 0.00863762 -0.056805
internal_weight=1221.99 15.7291 1206.26 27.313 13.7037 9.42372 1178.95 1173.85 804.377 25.482 369.47 15.0606 778.895 354.409 13.6093 11.2216 7.27066 7.84121 3.61531 5.80841 6.08222
internal_count=6543 94 6449 284 134 97 6165 6141 4253 135 1888 131 4118 1757 150 66 117 48 54 43 103
is_linear=0
shrinkage=0.05


Tree=114
num_leaves=31
num_cat=0
split_feature=5 19 13 12 16 15 2 13 9 19 10 1 16 9 19 0 9 0 0 15 0 15 19 15 11 0 19 15 5 16
split_gain=1.75794 3.42853 2.88044 2.68146 2.27766 4.40636 3.93035 4.16899 4.21689 3.44193 3.38294 5.84801 5.95604 3.80805 3.80338 3.02701 2.86396 4.41003 3.40789 3.3627 2.50118 2.41374 2.54651 2.26111 2.66304 2.18232 2.04589 2.03045 1.09174 0.92924
threshold=40.500000000000007 106.50000000000001 0.58034705535054332 0.93412194842650431 0.90641467628013916 25.018480492813143 335.47000000000008 0.97210891001954935 140.50102669404521 120.50000000000001 35.99178644763861 206.60500000000005 0.29024209192716138 22.505133470225875 110.00000000000001 1385.4450000000002 62.455852156057496 278.97500000000008 288.96500000000003 31.030800821355239 1039.1250000000002 30.990759753593434 167.00000000000003 27.022587268993842 1.4948665297741275 487.91000000000003 160.50000000000003 28.484599589322382 60.500000000000007 10.406593406593409
decision_type=10 2 10 8 10 10 10 10 8 2 8 8 8 8 2 8 10 10 10 8 10 8 2 10 10 8 2 10 8 8
left_child=4 2 28 -3 5 10 23 8 -8 16 11 -1 -13 26 -15 21 17 27 -18 -19 -9 -11 -23 -7 -25 -20 -12 -6 -2 -5
right_child=1 3 -4 29 9 6 7 20 -10 15 13 12 -14 14 -16 -17 18 19 25 -21 -22 22 -24 24 -26 -27 -28 -29 -30 -31
leaf_value=-0.043055320680194846 -0.067815864060095252 -0.050434165651770002 0.021021604027958496 0.053230666810984199 -0.062279839690672668 0.074966333728367876 -0.0051076058023420525 -0.064742769121683072 0.031732214333487385 0.029767228790240349 -0.047583196445334014 -0.0081349238575578065 0.01359206673894732 0.0043462773603347776 -0.0030793629813047289 0.037566916457168399 -0.0081738319330964884 0.045817000330464153 -0.08173106346820358 -0.016590423581651925 -8.275224839873986e-05 -0.035130485171746904 0.012542656299796034 -0.0083437471178348845 0.044098433500857917 -0.031744955801341283 0.0094669473763155064 -0.010507454506267094 -0.010972716789602118 0.016732540701734074
leaf_weight=5.8317082021385422 1.9465697351843116 0.8321135323494645 3.5581722212955356 6.4965247409418225 3.4966119788587156 3.0962754003703585 15.374820486642422 2.9601412191987029 15.699746856465934 3.6275922432541856 6.7454217998310906 42.735894551500678 120.43060375377536 229.47284908872098 693.84045770205557 5.3975811973214141 6.115012288093566 4.8093701042234871 4.3854804001748535 3.9161380641162404 3.0228975284844637 7.3034739773720503 4.5439253151416779 3.6400525160133821 7.22712058480829 4.3488108292222032 2.0487834988161922 4.131470400840044 1.492262803018096 2.3838366344571114
leaf_count=32 22 8 35 166 17 16 129 24 172 22 96 292 553 1135 3364 38 32 25 28 22 17 47 29 19 58 29 38 24 23 31
internal_value=6.11211e-05 0.0161675 -0.0105165 0.0353911 -0.000162371 0.000299937 0.0146647 0.00614614 0.0135049 -0.0103906 -0.000365674 0.00614303 0.00790142 -0.00154575 -0.00123385 0.00532623 -0.020904 -0.00646948 -0.0368008 0.0178076 -0.0320737 -0.00591912 -0.016846 0.0372723 0.0265325 -0.0568429 -0.0342922 -0.0342392 -0.0431491 0.0434331
internal_weight=1220.91 16.7095 6.997 9.71247 1204.2 1152.13 51.0211 37.0576 31.0746 52.0755 1101.11 168.998 163.166 932.108 923.313 20.8726 31.2029 16.3536 14.8493 8.72551 5.98304 15.475 11.8474 13.9634 10.8672 8.73429 8.79421 7.62808 3.43883 8.88036
internal_count=6543 285 80 205 6258 5945 435 342 301 313 5510 877 845 4633 4499 136 177 88 89 47 41 98 76 93 77 57 134 41 45 197
is_linear=0
shrinkage=0.05


Tree=115
num_leaves=20
num_cat=0
split_feature=9 9 9 3 11 0 9 10 10 10 15 20 7 20 12 0 9 12 3
split_gain=1.73006 2.00557 9.00015 4.17887 3.64158 4.84054 3.26954 5.11767 4.84962 4.31693 3.90515 3.5827 3.10738 2.30725 1.94242 1.63848 1.57098 0.832202 0.787776
threshold=264.00000000000006 109.47022587268995 115.99178644763862 14448.665000000003 -14.455852156057494 1142.3100000000002 96.509240246406577 104.54209445585217 79.967145790554426 97.478439425051349 60.512320328542103 1043.5000000000002 7.5000000000000009 896.50000000000011 1.0604184792462796 307.3300000000001 58.496919917864481 1.0395562258149684 539.72000000000014
decision_type=10 10 10 8 10 10 10 10 10 10 10 2 8 2 10 10 10 10 10
left_child=1 6 -3 4 5 -4 7 9 10 11 15 -1 16 -6 -2 -8 -9 -5 -16
right_child=14 2 3 17 13 -7 8 12 -10 -11 -12 -13 -14 -15 18 -17 -18 -19 -20
leaf_value=-0.00044374296035418458 -0.020994477037601135 -0.068612673495841436 -0.0055210028008255549 0.060720089925753298 0.024459731396045292 -0.050953834276535728 0.011699250794887898 -0.039284805484997777 0.068989447993111519 0.042063938753768203 0.050791745832736095 0.013043669045433618 -0.0075574775652820156 -0.032821407055641148 0.026343341443430413 -0.034549909566894875 -0.094505880536245868 0.021171619423846551 0.072600621082899025
leaf_weight=1074.0555217992514 1.4010235667228688 5.7422708459198466 24.084259528666738 2.44249403476715 10.669258303008972 7.7489060349762431 3.499313045293091 3.2819374082609984 4.2148523684591046 6.1842441242188206 3.3845056872814894 51.602785762399435 5.4968983875587591 2.1047688778489819 1.9525677040219309 4.229833735153079 2.1198719143867493 2.920886586420238 1.741180909797549
leaf_count=5559 7 32 127 9 155 46 18 44 31 34 26 268 30 32 18 25 13 32 37
internal_value=5.90377e-05 -6.30051e-05 -0.00932934 -0.00251691 -0.00753062 -0.0165804 0.000382783 7.50874e-05 0.0233215 0.00040343 0.00600198 0.000174551 -0.0340236 0.0150216 0.0291346 -0.013611 -0.0609556 0.0391821 0.0481484
internal_weight=1218.88 1213.78 55.7128 49.9706 44.6072 31.8332 1158.07 1142.74 15.3285 1131.84 11.1137 1125.66 10.8987 12.774 5.09477 7.72915 5.40181 5.36338 3.69375
internal_count=6543 6481 433 401 360 173 6048 5948 100 5861 69 5827 87 187 62 43 57 41 55
is_linear=0
shrinkage=0.05


Tree=116
num_leaves=19
num_cat=0
split_feature=19 0 16 3 13 13 8 10 7 2 19 19 20 13 2 19 1 8
split_gain=1.73768 3.44491 2.60424 2.22747 5.09482 7.31417 4.10928 4.14735 3.92626 3.21545 3.19946 5.9145 7.48011 5.85167 6.07775 4.86594 2.35635 0.868599
threshold=19.500000000000004 355.07500000000005 0.42555893063085154 134.38000000000002 0.61285570549594282 0.59002197641996645 25.500000000000004 61.026694045174544 38.500000000000007 168.15000000000003 217.50000000000003 196.00000000000003 454.00000000000006 0.41405259870707317 330.81000000000006 138.00000000000003 486.61500000000007 1.0000000180025095e-35
decision_type=2 8 8 8 10 8 10 8 10 10 2 2 2 10 8 2 8 10
left_child=1 -1 -3 4 5 6 7 -2 10 -6 11 15 -13 16 -15 -5 -12 -4
right_child=3 2 17 8 9 -7 -8 -9 -10 -11 13 12 -14 14 -16 -17 -18 -19
leaf_value=0.049262195420447207 0.0027400554313905755 0.034039886125105084 -0.036930426805942267 0.0045273787515603672 -0.0062241333374051652 0.070144723549884588 0.045945656172559579 -0.0097160419890582259 -0.04751068061868069 -0.060038605097024737 -0.065880625830962644 -0.0014560675002061533 0.028239857289117716 0.064175388968456412 -0.012070524225004023 -0.0033069092609582804 -0.023191073911262509 -0.00075646696508239217
leaf_weight=5.3276388701051447 118.41503575444221 3.5803372003138065 3.3234688490629196 382.95995243964717 4.876747213304041 3.4097210094332686 4.1328162066638461 153.39026349782944 4.1425008475780478 6.4430752992630005 4.4161799401044908 39.87164594233036 45.297093541827053 3.7324701435863945 8.7195067517459393 410.82570059457794 12.059810303151606 3.3143886420875788
leaf_count=34 723 20 15 2029 27 14 23 936 38 36 18 224 260 18 65 1975 63 25
internal_value=5.60562e-05 0.0166656 -0.000329811 -0.000158637 -0.00397021 -0.00263766 -0.00353702 -0.0042894 0.00105613 -0.0368545 0.00127773 0.00181621 0.0143377 -0.0150836 0.0107841 0.000472724 -0.0346335 -0.0188682
internal_weight=1218.24 15.5458 10.2182 1202.69 290.668 279.348 275.938 271.805 912.025 11.3198 907.882 878.954 85.1687 28.928 12.452 793.786 16.476 6.63786
internal_count=6543 94 60 6449 1759 1696 1682 1659 4690 63 4652 4488 484 164 83 4004 81 40
is_linear=0
shrinkage=0.05


Tree=117
num_leaves=21
num_cat=0
split_feature=13 19 3 9 9 0 0 0 1 13 15 13 13 1 9 0 3 9 0 0
split_gain=1.7121 4.6271 3.87781 9.05867 7.25618 5.40324 2.27022 2.2679 3.35177 2.18623 6.46157 3.34928 2.91349 3.75773 2.58571 2.21576 1.79679 2.26805 2.23475 1.07371
threshold=0.99315002814631026 158.50000000000003 683.40500000000009 75.975359342915823 104.49281314168378 1566.5000000000002 406.73000000000008 119.86500000000002 121.50000000000001 0.88732903190957158 37.486652977412739 0.94482302127343021 0.83272560437672116 339.46000000000009 147.46611909650929 426.12000000000006 405.28500000000003 124.4845995893224 271.42000000000002 980.04500000000019
decision_type=10 2 10 10 8 8 10 8 8 10 8 8 10 10 8 8 10 8 10 8
left_child=7 2 16 5 -5 19 -3 -1 -9 12 11 -11 15 -14 -12 -10 18 -18 -2 -4
right_child=1 6 3 4 -6 -7 -8 8 9 10 14 -13 13 -15 -16 -17 17 -19 -20 -21
leaf_value=-0.035740223388771628 0.028992159792310953 0.013185794561803394 -0.066624355856535186 0.074289020510028822 -0.0088646703721550167 0.012758289278807906 0.076474980382374103 -0.050818530603533078 -0.0028067813703267063 0.03307168377054031 -0.037947176858191829 -0.017329951078323701 0.029333237382128171 -0.020176060344796937 -0.0068938434654456293 0.0018036476411284821 0.012451831775225058 0.065380757560507902 -0.021221420847607361 -0.033554536225523589
leaf_weight=4.5038638822734347 4.9560909047722834 2.3814511252567163 6.3941961675882331 4.5138470903038952 6.2646312601864347 4.2941377758979806 3.4984794668853283 3.2600717712193719 426.45912927947938 9.5815033540129626 16.513250220566992 5.0246276184916505 17.232460746541623 4.9287759745493522 11.284387443214653 670.08287463197485 4.0293801799416515 4.0667099654674539 4.0074187070131302 3.9837235920131215
leaf_count=24 26 14 31 19 35 21 27 23 2309 53 95 29 108 44 94 3508 18 23 19 23
internal_value=5.33502e-05 0.00926946 0.00351922 -0.00884461 0.0259587 -0.034412 0.050842 -0.000328188 -0.000191211 -4.90633e-05 -0.011193 0.0157331 0.00037334 0.0183221 -0.0253411 1.05932e-05 0.0219643 0.0390383 0.0065426 -0.05393
internal_weight=1217.26 48.3901 42.5101 25.4505 10.7785 14.6721 5.87993 1168.87 1164.37 1161.11 42.4038 14.6061 1118.7 22.1612 27.7976 1096.54 17.0596 8.09609 8.96351 10.3779
internal_count=6543 256 215 129 54 75 41 6287 6263 6240 271 82 5969 152 189 5817 86 41 45 54
is_linear=0
shrinkage=0.05


Tree=118
num_leaves=31
num_cat=0
split_feature=20 2 17 3 3 19 0 3 20 20 19 20 0 20 5 12 2 2 2 19 19 20 13 0 19 1 2 17 19 12
split_gain=1.65372 5.28831 4.80447 6.80534 3.92263 3.82498 3.43801 3.31321 3.00066 8.79031 5.65831 13.9912 11.4729 11.2756 10.8848 3.73189 3.62876 3.54941 8.42287 4.07033 3.27717 4.0468 3.42018 3.05177 3.02379 2.97186 2.9287 2.83508 2.8344 2.17261
threshold=19.000000000000004 175.60500000000002 0.94558823529411773 120.58500000000002 128.16000000000003 200.00000000000003 333.32000000000005 67.730000000000004 153.50000000000003 263.50000000000006 144.50000000000003 105.00000000000001 508.40500000000003 42.500000000000007 5.5000000000000009 0.076024155550696096 431.24500000000006 1397.3700000000001 998.75000000000011 154.50000000000003 226.50000000000003 297.50000000000006 0.043947101802224241 333.32000000000005 132.50000000000003 335.02000000000004 597.33500000000015 0.54772727272727284 82.500000000000014 1.0225650300957059
decision_type=2 8 8 8 10 2 8 10 2 2 2 2 10 2 8 8 10 8 10 2 2 2 8 10 2 8 10 10 2 8
left_child=1 -1 4 -4 7 28 -6 25 10 17 11 13 -13 24 -15 -12 23 18 19 -10 21 -11 -23 -17 -2 -3 -14 -8 -5 -19
right_child=8 2 3 5 6 -7 27 -9 9 20 15 12 26 14 -16 16 -18 29 -20 -21 -22 22 -24 -25 -26 -27 -28 -29 -30 -31
leaf_value=-0.056476015920163249 0.01752101242759932 0.045191052762910133 -0.058755618567096705 0.018519454531976325 -0.047549449840430608 0.036492207060565225 -0.018448661789488036 0.060682419345826633 -0.023386901552871014 0.043129273712720392 0.041645373696199063 0.087870827383789318 -0.029590514868785368 0.066227049638928878 -0.010132562537653069 -0.013714225307972963 0.0048298216641692723 -0.051960676372989595 0.053490703505051751 0.010688550482743749 -0.03738099910013052 0.010479175024512989 -5.7569543088249594e-05 -0.054860586440370451 0.063373739841439444 -0.0076199025517489152 0.034892969440290342 0.044277669177161777 -0.019025521710717669 -0.021608938836210723
leaf_weight=5.0589840784668914 6.1312164776027194 4.3381465226411864 7.0945544466376296 6.2800132893025902 3.9712061733007404 4.7749450393021098 3.9275140436366209 5.311225362122058 35.447286810725927 5.7162174507975569 3.5520851761102668 10.450459331274034 3.2358295023441306 5.0727082528173923 58.34390137437731 15.944902088493111 18.062423242256045 8.2566270399838704 4.9678947781212619 11.641921288333831 5.5400865748524657 84.956170143559575 823.94785650959238 6.2817584760487071 8.693835696205495 6.9025466442108163 3.8628929127007723 3.3276193626224995 25.191541038453579 20.621549304574728
leaf_count=28 29 16 48 32 19 25 26 28 189 30 12 49 14 20 318 80 113 54 33 60 34 534 4364 30 45 35 27 23 126 102
internal_value=5.06985e-05 -0.00708191 -0.00356832 -0.0139724 0.0126646 -0.00520689 -0.01015 0.0281385 0.000527017 -0.00043071 0.00739347 0.0142027 0.0545512 0.0051528 -0.00402454 -0.00748444 -0.011816 -0.0162285 -0.0084298 -0.0149624 0.000958831 0.00119107 0.000927311 -0.0253431 0.0444104 0.0127616 0.00549929 0.0103212 -0.0115336 -0.0302869
internal_weight=1216.91 76.1783 71.1193 43.3411 27.7783 36.2465 11.2263 16.5519 1140.73 1001.1 139.632 95.7908 17.5492 78.2417 63.4166 43.8412 40.2891 80.9353 52.0571 47.0892 920.16 914.62 908.904 22.2267 14.8251 11.2407 7.09872 7.25513 31.4716 28.8782
internal_count=6543 406 378 231 147 183 68 79 6137 5400 737 502 90 412 338 235 223 438 282 249 4962 4928 4898 110 74 51 41 49 158 156
is_linear=0
shrinkage=0.05


Tree=119
num_leaves=31
num_cat=0
split_feature=7 12 1 13 13 20 20 20 20 3 8 10 20 12 11 20 20 20 20 10 15 17 2 3 20 15 15 3 2 1
split_gain=1.68195 5.5753 5.10655 4.73817 6.63254 4.10074 16.2019 9.18294 11.2427 3.91367 3.79148 3.71193 3.69014 3.562 3.92626 3.03176 3.78374 2.92292 3.4954 2.88606 7.60458 8.36857 7.53875 4.25912 8.87939 6.80269 2.57471 2.95911 2.13014 2.85495
threshold=38.500000000000007 1.8877649078719596 714.22000000000014 0.99315002814631026 0.030742262812798109 785.50000000000011 724.50000000000011 964.50000000000011 977.00000000000011 41.005000000000003 25.500000000000004 37.01026694045175 152.50000000000003 1.3391475919587332 28.008213552361401 487.50000000000006 152.50000000000003 844.50000000000011 913.50000000000011 60.008213552361404 88.509240246406577 0.57417582417582425 854.40000000000009 638.30000000000007 1021.0000000000001 5.9630390143737175 7.0472279260780297 52.100000000000009 431.24500000000006 1179.6550000000002
decision_type=8 8 8 10 10 2 2 2 2 8 10 10 2 10 8 2 2 2 2 8 8 8 10 10 2 10 10 10 10 10
left_child=10 2 11 4 9 6 15 17 -9 -4 13 -2 -6 19 -15 16 -3 -7 -19 20 22 -22 -1 25 -25 -21 27 -12 -16 -30
right_child=1 5 3 -5 12 7 -8 8 -10 -11 26 -13 -14 14 28 -17 -18 18 -20 23 21 -23 -24 24 -26 -27 -28 -29 29 -31
leaf_value=-0.0070640041366649368 -0.010943465316374223 0.010180669004076629 0.039033012126392971 0.024152998369279872 0.0092798264689522049 0.060759742353338565 -0.053987013148183362 -0.053506022317725277 0.015192316432330195 -0.011545794952274493 0.039266889448460518 0.055780030280442955 -0.04003525657472097 0.045985140669007545 0.034129329212982056 0.012978670068643471 -0.010025297583637524 0.0089825715783853847 0.049435521542266964 -0.0026515436219151931 0.035659338523828805 0.0045600722661471764 0.017149888284593275 -0.018207688184882938 0.054758855247251541 0.014477991260906693 0.059057160352985451 -0.014667689464630929 -0.010809482735964961 0.022250925914352002
leaf_weight=144.48480285331607 4.1004190407693368 36.055140377953649 4.5467967875301865 6.0573684470728031 4.2329630069434634 6.6461624801158932 14.215404137969015 9.2023467943072337 16.879501968622208 24.079321879893541 5.1883755996823293 4.2395151853561401 36.525843991898 8.1810407568700594 6.1160941645503035 43.57410740852356 64.823939517140388 15.201960109174253 8.2313262075185758 444.40338874002919 33.856101747602224 59.910208333283663 41.342592841014266 65.560606382787228 4.4525874853134146 66.653219496831298 4.2786532733589402 4.9880478587001562 17.471332664601508 10.427592140622435
leaf_count=889 23 142 23 25 26 23 66 43 64 127 19 22 232 257 50 168 274 62 30 2162 145 255 271 372 22 396 50 29 181 95
internal_value=4.76515e-05 -0.00321168 -0.0141518 -0.018256 -0.0219584 0.00105489 -0.00305497 0.0126662 -0.00904622 -0.00351217 0.00110866 0.0229747 -0.0349137 0.000701919 0.0148856 0.00195717 -0.00280349 0.031493 0.0231923 6.53211e-06 0.00418057 0.0157891 -0.00167693 -0.00200189 -0.0135673 -0.000417469 0.0265134 0.0128305 0.00740572 0.00154728
internal_weight=1215.93 298.612 83.7822 75.4423 69.3849 214.83 158.669 56.1613 26.0818 28.6261 917.315 8.33993 40.7588 902.86 42.1961 144.453 100.879 30.0794 23.4333 860.664 279.594 93.7663 185.827 581.07 70.0132 511.057 14.4551 10.1764 34.015 27.8989
internal_count=6543 1350 478 433 408 872 650 222 107 150 5193 45 258 5095 583 584 416 115 92 4512 1560 400 1160 2952 394 2558 98 48 326 276
is_linear=0
shrinkage=0.05


Tree=120
num_leaves=31
num_cat=0
split_feature=19 8 19 15 19 1 2 12 3 6 19 3 17 1 0 20 13 0 12 1 15 19 15 2 5 19 20 13 15 17
split_gain=1.60792 7.09196 6.98236 11.4766 7.89664 8.15692 5.83476 5.32117 5.18812 4.32161 4.27467 4.14948 3.83076 4.32845 3.80377 3.48653 3.4701 3.32927 6.31253 5.99925 5.07909 6.88377 4.98123 4.81133 6.63862 4.94719 16.3741 5.30926 4.45947 3.95168
threshold=149.50000000000003 3.5000000000000004 210.00000000000003 8.0000000000000018 160.50000000000003 1161.1100000000004 597.33500000000015 3.5877178794796274 305.75000000000006 -1.0000000180025095e-35 146.50000000000003 88.105000000000004 0.32738095238095244 14760.735000000002 869.72000000000014 90.500000000000014 0.12379801781887183 426.12000000000006 0.27910653834274518 170.10500000000005 1.0000000180025095e-35 119.00000000000001 11.003080082135526 1100.8400000000004 -1.0000000180025095e-35 144.50000000000003 566.00000000000011 0.00073347735936952184 16.969199178644768 0.54772727272727284
decision_type=2 8 2 8 2 8 10 8 8 10 2 8 10 8 8 2 10 8 10 8 8 2 8 10 10 2 2 8 10 8
left_child=10 2 3 6 -5 -6 -2 -4 9 12 17 -8 14 -14 -3 -10 -12 18 19 -1 21 -20 -22 25 28 27 -27 -19 -25 -26
right_child=1 8 7 4 5 -7 11 -9 15 -11 16 -13 13 -15 -16 -17 -18 23 20 -21 22 -23 -24 24 29 26 -28 -29 -30 -31
leaf_value=0.031991011931105574 -0.059205549014264003 -0.0055631347909138873 0.0022204636429279489 0.06400100295559584 0.0032519486897080747 0.041593070035348789 -0.039837195712477118 -0.049433916535273167 0.015117633142109439 -0.040638880453113403 -0.074798913961922564 0.019528665028952851 -0.0072230025016363567 0.056406965154145096 0.041713660010659813 -0.013785787854514698 -0.0063473862940047173 -0.032408781462517695 0.0036026392092271958 -0.027966403561204473 0.020458267751425514 -0.034320987409201482 -0.0015535431647387716 -0.015975029746800037 -0.019524738788555929 -0.0059836675890602778 0.056839472538062041 0.0036460718501714149 0.011946424858970617 0.027369738472705352
leaf_weight=4.6498030722141257 5.2201001979410675 20.504443429410461 40.848129957914352 13.323051549028603 29.712035949341953 26.020217838697135 4.1270431801676724 5.6789288008585563 11.797774402424691 3.7861102893948546 3.5139383301138869 10.263701235875487 3.7905737310647938 9.0627455711364746 5.3685469217598429 90.235147993080318 3.9134066291153431 10.504528528079389 22.160642966628075 40.606749705970287 28.643700439482927 26.010844739153981 250.25136537617072 93.233087381348014 5.8254632335156229 24.473471006378531 18.000576984137297 364.75693459156901 16.891206719912589 19.631695244461298
leaf_count=19 37 117 233 90 122 197 24 32 63 27 18 56 17 51 27 445 23 69 124 190 133 220 1375 550 54 109 68 1738 132 183
internal_value=4.50854e-05 0.00337005 0.011602 0.0198333 0.0294195 0.0211526 -0.0139225 -0.00408429 -0.00432927 0.010346 -0.000951757 0.00250345 0.0153305 0.0376418 0.00424662 -0.0104438 -0.0387324 -0.000648605 -0.00430414 -0.0218062 -0.00188236 -0.0168747 0.000707163 0.00181118 -0.00637283 0.0044674 0.0206409 0.0026368 -0.0116924 0.0166387
internal_weight=1212.81 279.739 135.193 88.6661 69.0553 55.7323 19.6108 46.5271 144.545 42.5124 933.067 14.3907 38.7263 12.8533 25.873 102.033 7.42734 925.64 372.323 45.2566 327.067 48.1715 278.895 553.317 135.581 417.736 42.474 375.261 110.124 25.4572
internal_count=6543 1538 791 526 409 319 117 265 747 239 5005 80 212 68 144 508 41 4964 2061 209 1852 344 1508 2903 919 1984 177 1807 682 237
is_linear=0
shrinkage=0.05


Tree=121
num_leaves=19
num_cat=0
split_feature=11 9 9 10 1 10 9 0 2 9 10 5 15 8 9 9 8 19
split_gain=1.59276 2.08931 2.13627 1.85175 4.12481 4.96071 3.63714 5.41928 5.54839 4.64204 5.5169 4.80803 3.19733 9.16151 6.03491 2.53313 0.0886699 0.00159851
threshold=-24.492813141683772 254.94866529774131 325.99589322381934 38.02874743326489 209.64000000000001 21.043121149897335 60.50102669404518 194.83000000000001 232.79000000000005 63.474332648870643 46.012320328542103 21.500000000000004 50.480492813141687 3.5000000000000004 60.50102669404518 45.503080082135533 9.5000000000000018 211.50000000000003
decision_type=8 10 10 8 8 10 8 10 10 8 10 8 8 10 10 8 8 2
left_child=-1 3 16 4 5 -2 7 15 -9 10 -8 -11 14 -14 -6 -5 17 -3
right_child=1 2 -4 6 12 -7 9 8 -10 11 -12 -13 13 -15 -16 -17 -18 -19
leaf_value=-0.030661029155687376 0.011309005899727815 0.051135236474105984 -0.00036913941435816946 0.051718943532996935 0.0048292400635033348 -0.065619265105004501 0.062204692897957485 -0.062745452182018852 -0.0097860559325955304 0.028971980757359475 -0.0086885969134198483 -0.00074757484715033077 0.0012703733102633035 0.031729633563831204 -0.025133954135924969 -0.0055474724723314876 0.071338806600733093 0.054716815959902312
leaf_weight=4.209196925163269 3.8742034547030908 0.55578037211671405 2.6703572683036327 5.0558855123817894 92.00357823818922 4.5647659003734589 6.4618431478738767 5.2023510597646228 100.21807039855048 13.835894871503113 4.7700183279812336 829.47291549295187 75.020594142377377 36.795187028124928 20.560256386175752 3.1244323588907728 1.4227114021778104 0.70889720227569342
leaf_count=26 20 31 17 26 573 28 34 34 690 88 28 4224 366 176 140 24 6 12
internal_value=4.25814e-05 0.000149715 0.0313037 1.07304e-05 0.00401439 -0.0303027 -0.00095207 -0.00935743 -0.0123995 0.00016532 0.0320973 -0.000259976 0.00530507 0.0112936 -0.000643663 0.0298463 0.0627758 0.0531428
internal_weight=1210.53 1206.32 5.35775 1200.96 232.819 8.43897 968.141 113.601 105.42 854.541 11.2319 843.309 224.38 111.816 112.564 8.18032 2.68739 1.26468
internal_count=6543 6517 66 6451 1303 48 5148 774 724 4374 62 4312 1255 542 713 50 49 43
is_linear=0
shrinkage=0.05


Tree=122
num_leaves=23
num_cat=0
split_feature=1 19 1 10 19 9 19 3 11 16 2 12 5 11 1 3 11 2 17 2 9 17
split_gain=1.59578 7.30604 3.70954 1.83725 1.73268 7.82676 6.44745 9.46724 5.66184 4.75772 3.35253 6.77084 6.12788 5.6171 5.08038 4.89401 3.8206 2.93885 1.16959 1.49276 1.1334 0.664993
threshold=5880.6900000000014 167.00000000000003 4787.3000000000011 67.991786447638617 196.00000000000003 77.470225872689952 214.00000000000003 1.0000000180025095e-35 4.5174537987679679 1.0000000180025095e-35 1100.8400000000004 1.0881559643377552 -1.0000000180025095e-35 1.4948665297741275 2546.0200000000004 182.57000000000002 22.981519507186864 1821.5800000000002 0.43303571428571436 6824.3450000000003 109.47022587268995 0.83558558558558571
decision_type=10 2 10 10 2 8 2 10 8 8 10 10 10 10 10 8 8 10 10 10 10 10
left_child=2 3 4 18 10 8 17 -8 -6 -10 11 14 15 -13 -1 -12 -14 -7 19 -2 -5 -20
right_child=1 -3 -4 20 5 6 7 -9 9 -11 12 13 16 -15 -16 -17 -18 -19 21 -21 -22 -23
leaf_value=-0.00091819016380401673 0.04725379791925096 -0.044770117327018868 -0.049958954439261488 -0.040586857124524027 0.045472111146774359 0.014863110312605239 -0.029322156583750859 0.016442210483614803 -0.0543944878450216 -0.010343314440205703 -0.037509964877415918 0.010093451939012938 0.025868604008024328 0.052790773922175044 0.053413875450074526 -0.0085799195428285773 -0.0099670463748646188 0.041402611668555522 0.072153023955095402 0.0030698181182478548 0.021472887318640735 0.035977970943855811
leaf_weight=820.90327204065397 3.8716182112693804 4.174417749978601 3.7330180951394132 1.308260936290025 3.1782955508679152 67.690798506140709 20.937768019735813 24.55261150887236 9.1855113236233592 18.423407854512341 16.908726826310158 37.995257606729865 19.470064942259341 9.6615313892252725 4.3251984417438498 107.93464446626604 12.03534830408171 12.331421387847511 2.8897301917895675 3.7760197073221207 1.6810338816139845 2.2670397656038404
leaf_count=4048 14 28 33 10 14 327 83 152 76 138 128 231 151 132 15 629 127 107 23 26 30 21
internal_value=4.06561e-05 0.0140582 -0.000194702 0.0296071 -3.80043e-05 0.00486713 0.0104086 -0.00462167 -0.0177241 -0.0249992 -0.000782899 0.000424825 -0.00752554 0.0187495 -0.000633424 -0.0124982 0.0121791 0.0189528 0.0378469 0.025438 -0.00568748 0.0562496
internal_weight=1209.23 19.9681 1189.27 15.7937 1185.53 156.3 125.513 45.4904 30.7872 27.6089 1029.23 872.885 156.349 47.6568 825.228 124.843 31.5054 80.0222 12.8044 7.64764 2.98929 5.15677
internal_count=6543 152 6391 124 6358 897 669 235 228 214 5461 4426 1035 363 4063 757 278 434 84 40 40 44
is_linear=0
shrinkage=0.05


Tree=123
num_leaves=31
num_cat=0
split_feature=20 8 12 16 0 20 20 0 13 12 0 0 8 19 8 12 3 19 3 9 20 13 20 13 19 13 13 10 8 0
split_gain=1.62428 6.31345 4.84978 2.84289 3.38896 2.67806 8.19377 5.26023 9.68416 7.49116 6.9194 4.24846 4.7791 4.21043 3.95383 3.0272 5.20645 3.28435 5.13016 4.72515 2.94108 2.98288 6.95707 5.61011 2.38861 2.03633 3.07458 1.9986 1.96053 3.40586
threshold=19.000000000000004 3.5000000000000004 1.0739833967539192 0.34323739514099921 392.42000000000002 157.00000000000003 263.50000000000006 422.36000000000007 0.0023032494494402644 4.6798927287133552 502.92000000000007 348.0800000000001 9.5000000000000018 144.50000000000003 1.5000000000000002 1.0395562258149684 3394.0050000000006 43.500000000000007 97.735000000000014 48.509240246406577 297.50000000000006 0.043947101802224241 589.00000000000011 0.090644097178704058 132.50000000000003 0.05670235284104367 0.26890416300380754 36.977412731006169 4.5000000000000009 1610.5000000000002
decision_type=2 8 8 8 10 2 2 8 8 8 8 10 8 2 8 10 8 2 10 8 2 8 2 8 2 8 8 10 8 8
left_child=1 2 3 -1 -5 7 15 9 -9 11 24 12 -2 -12 -13 17 27 18 -7 -19 -8 22 -22 -23 -10 -3 -27 -17 -28 -30
right_child=5 25 -4 4 -6 6 20 8 10 -11 13 14 -14 -15 -16 16 -18 19 -20 -21 21 23 -24 -25 -26 26 28 -29 29 -31
leaf_value=0.0045317988559658235 0.016226926277209952 -0.033429343365793646 0.0078022578904147089 -0.025481092611754783 -0.072829787846842867 0.017205469782143955 0.035673872792219001 -0.054647365926385777 0.082342998338682277 -0.0596779179478098 0.022515426887654399 -0.054794488547062009 -0.030289550142319044 -0.0025850120096430826 0.010189237403035454 0.060136412414655331 -0.048119621415764577 -0.06437429750744865 -0.039116055539032801 -0.02011921653109389 0.025472127021417986 -0.025526373900775112 -0.0031593695673509388 0.00043230130013196025 0.03138491310851213 0.045112623753035257 0.013479657041363686 0.0053463343493550461 -0.044175156333396137 0.0020957175686978713
leaf_weight=2.8402686007320881 32.802104514092207 3.545188780874013 6.9547301614657036 7.3028782457113319 7.8321130536496639 12.140934932976963 6.0457809530198565 4.7665561884641638 5.0876679010689241 5.6527520753443232 46.322316417470574 5.7874558949843022 6.6393170505762091 26.132464000023901 3.9303285107016572 3.5240758275613162 2.69083963520825 7.024949522688984 6.0619070604443541 42.653443329036236 38.14432374201715 21.369363138452172 47.809387227520347 800.2220141668804 4.196441724896431 4.5113062113523474 19.247840318828821 3.1540916129015386 5.1043768152594593 18.005627245642245
leaf_count=16 192 25 45 45 53 55 33 32 26 29 229 34 32 141 18 30 16 52 32 211 226 158 315 4230 19 23 90 27 26 83
internal_value=3.89837e-05 -0.00706963 -0.0276519 -0.0413694 -0.0499833 0.000512057 -0.000406322 0.00695123 0.01463 -0.00516753 0.0186698 0.00110054 0.00839664 0.0134624 -0.028512 -0.0160427 0.0105994 -0.0197198 -0.00155071 -0.0263773 0.000915837 0.00068429 0.00954664 -0.000242877 0.0593098 0.00310836 0.00587208 0.0342591 0.00169278 -0.00812427
internal_weight=1207.5 75.3443 24.93 17.9753 15.135 1132.16 990.841 141.317 86.5054 54.812 81.7389 49.1592 39.4414 72.4548 9.71778 77.2502 9.36901 67.8812 18.2028 49.6784 913.591 907.545 85.9537 821.591 9.28411 50.4143 46.8692 6.67817 42.3578 23.11
internal_count=6543 406 159 114 98 6137 5385 752 447 305 415 276 224 370 52 423 73 350 87 263 4962 4929 541 4388 45 247 222 57 199 109
is_linear=0
shrinkage=0.05


Tree=124
num_leaves=31
num_cat=0
split_feature=12 12 17 12 20 19 19 20 2 20 0 3 0 7 9 19 13 19 20 20 2 20 19 20 11 2 20 2 11 0
split_gain=1.56454 5.78221 5.041 6.3451 4.89324 3.40747 4.22894 3.33168 4.10106 5.97702 3.09536 4.36919 2.83685 7.11339 6.03827 12.0889 4.83615 5.83025 4.25464 15.4069 7.92571 8.72542 7.40956 5.95963 4.23897 2.78297 2.75571 2.67742 2.35222 4.44404
threshold=0.96707034465020592 0.44337661813861762 inf 0.17422562957038321 444.50000000000006 55.500000000000007 65.500000000000014 757.50000000000011 275.99000000000007 536.00000000000011 157.90000000000003 817.82000000000005 219.17000000000004 38.500000000000007 16.969199178644768 150.50000000000003 0.99315002814631026 208.00000000000003 785.50000000000011 967.50000000000011 209.81000000000003 724.50000000000011 105.50000000000001 1043.5000000000002 35.48254620123204 155.32500000000002 844.50000000000011 116.35000000000001 10.989733059548255 620.7850000000002
decision_type=8 10 8 10 2 2 2 2 8 2 8 8 10 8 10 2 10 2 2 2 10 2 2 2 10 8 2 8 8 10
left_child=1 2 3 4 -1 -3 -7 8 9 -4 11 25 18 14 15 -14 17 -15 20 26 21 -12 -22 -21 -16 -2 -20 -5 29 -8
right_child=10 5 7 27 -6 6 28 -9 -10 -11 12 -13 13 16 24 -17 -18 -19 19 23 22 -23 -24 -25 -26 -27 -28 -29 -30 -31
leaf_value=0.028417387070523548 -0.038002511373738071 0.045026264973951416 0.0027711179821584605 -0.071246121296566475 -0.027114131465001384 -0.032397655772493476 -0.052625454634133276 -0.015936885610526957 -0.025942207790274986 0.043420080669142665 0.00012751672163510138 -0.049883872081374597 -0.010866922016509278 -0.024154990919793954 0.0059788732403633299 0.011499927872877028 0.027683510706793219 0.018006861023976389 0.063697859281473312 -0.024320567407817895 -0.028276343414873957 -0.039245122655240001 0.042826150189725472 0.015298928195429532 -0.022779817799166113 0.015139185371892974 0.030192175758403317 -0.026788569873860409 0.017880529336721449 0.016199152131433966
leaf_weight=7.8694715946912783 3.556818701326848 8.016068182885645 26.739890336990356 5.9451016485691044 7.9994193017482758 5.2838546708226195 3.6213129833340663 15.895071655511854 6.6182378232479087 13.664545133709906 190.30761689692736 7.6552591100335112 234.13072377117351 68.290725426748395 296.02945572976023 81.41901380661875 5.9493193486705414 9.3183372430503351 7.8072015270590773 22.796279616653919 4.597770236432555 15.194919295608996 18.04252652823925 16.263058567419648 13.39302387088537 8.0158011885359883 28.680963989347219 7.869385078549386 58.679802877828479 6.6573207974433899
leaf_count=28 21 35 107 26 32 29 21 66 27 50 848 39 1428 404 1820 436 25 50 30 110 37 73 103 71 140 60 119 31 242 35
internal_value=3.59521e-05 0.0044093 -0.00416018 -0.0211446 0.000424259 0.0140563 0.0107124 0.00385274 0.0105422 0.0165184 -0.000705453 -0.0205789 -0.000327941 -0.00206089 -0.000229027 -0.00509577 -0.0157623 -0.0190927 0.00371515 0.0139996 0.000309564 -0.00278371 0.0283867 -0.00782428 0.00473408 -0.0011938 0.0373612 -0.045921 0.0140156 -0.00804876
internal_weight=1206.31 174.859 92.6011 29.6834 15.8689 82.2584 74.2423 62.9177 47.0227 40.4044 1031.45 19.2279 1012.22 708.531 624.972 315.55 83.5584 77.6091 303.69 75.5475 228.143 205.503 22.6403 39.0593 309.422 11.5726 36.4882 13.8145 68.9584 10.2786
internal_count=6543 729 367 117 60 362 327 250 184 157 5814 120 5694 4303 3824 1864 479 454 1391 330 1061 921 140 181 1960 81 149 57 298 56
is_linear=0
shrinkage=0.05


Tree=125
num_leaves=31
num_cat=0
split_feature=19 19 5 11 2 9 15 19 15 0 19 16 17 11 15 3 13 19 13 15 2 3 2 10 15 16 0 0 0 11
split_gain=1.55704 17.0905 4.73235 5.59858 6.83357 4.60549 6.24207 5.49881 4.15644 3.92032 4.53808 4.24858 3.80195 5.6511 3.75152 3.68442 4.52143 3.49432 7.3557 4.29592 3.18212 3.08119 2.54943 2.38962 1.89772 1.79033 1.20105 0.797778 0.075249 0.00568274
threshold=110.00000000000001 111.50000000000001 42.500000000000007 35.48254620123204 1946.9600000000003 76.468172484599606 1.0000000180025095e-35 79.000000000000014 28.993839835728959 1788.0450000000003 103.50000000000001 0.55391308309037923 0.68990384615384626 4.5174537987679679 4.9774127310061607 7.4150000000000009 0.20590620264960066 58.500000000000007 0.023850912575090973 3.4825462012320334 13.865000000000002 1187.7300000000002 57.215000000000011 52.977412731006169 21.043121149897335 10.406593406593409 213.54500000000004 152.69000000000003 417.23500000000007 4.5174537987679679
decision_type=2 2 10 10 10 10 8 2 8 10 2 8 10 8 8 8 10 2 10 8 8 10 8 10 10 10 10 10 10 8
left_child=5 27 3 20 24 7 -7 12 -8 10 11 -9 17 -14 -15 -10 -17 19 -19 -1 -3 -11 -22 -6 -5 26 -4 -2 -29 -28
right_child=1 2 25 4 23 6 8 9 15 21 -12 -13 13 14 -16 16 -18 18 -20 -21 22 -23 -24 -25 -26 -27 29 28 -30 -31
leaf_value=-0.01295620216807454 -0.039058477060953632 0.028863198984767635 -0.014473596226276149 -0.071972629190877921 0.036126624194390687 0.048269089079077385 -0.074782355660906782 0.06270132876342685 0.061616639073603319 -0.029287113483907182 0.078038034623791941 -0.003606509712257107 0.073183203832232188 -0.017431869889522947 0.025432079539322156 -0.07702203412889462 -0.011715561809205719 -0.026891778461973933 0.0062562606519642244 0.0098529445038970358 -0.024523078171913293 0.035135810639370955 4.4800054643486342e-05 -0.024830083689407104 -0.019967983646210774 -0.025794224459453535 0.055181275243205645 -0.060719337371980979 -0.070053670704055382 0.052086869232193168
leaf_weight=25.425884276162833 4.8093249499797812 9.4832475483417493 0.72980124410241654 6.6710979091003519 3.5980288535356513 3.6847716011106968 3.1702914498746395 3.9886279478669167 1.5072722509503389 4.2306160405278197 5.7935543395578852 6.1261120475828665 4.3337136954069138 7.7254246957600117 15.047045785933738 2.9644244275987175 25.015658106189221 29.902452798560262 38.008599085733294 109.74529296904802 10.691471874713896 3.3066467083990574 856.29791612643749 2.9065820872783661 2.3801125884056091 0.97692125476896752 2.3014061595313255 5.8858707994222623 3.4099889695644379 4.17574404971674
leaf_count=162 26 35 13 54 32 17 28 22 7 31 29 29 27 38 90 25 191 153 225 548 44 19 4406 30 22 11 37 41 18 133
internal_value=3.32386e-05 -0.00097924 -0.000123552 -0.000470789 -0.030204 0.00322566 -0.0134209 0.00561089 -0.0203814 0.028679 0.0427523 0.0225412 0.00326132 0.02085 0.0108907 -0.0145325 -0.0186346 0.000913684 -0.00833941 0.00556251 5.69228e-05 -0.00102435 -0.000258164 0.00888815 -0.0582975 0.0377247 0.0463349 -0.0555904 -0.0641434 0.0531863
internal_weight=1204.29 914.318 900.212 892.028 15.5558 289.976 36.3424 253.634 32.6576 23.4456 15.9083 10.1147 230.188 27.1062 22.7725 29.4874 27.9801 203.082 67.9111 135.171 876.473 7.53726 866.989 6.50461 9.05121 8.18387 7.20695 14.1052 9.29586 6.47715
internal_count=6543 4902 4817 4623 138 1641 268 1373 251 130 80 51 1243 155 128 223 216 1088 378 710 4485 50 4450 62 76 194 183 85 59 170
is_linear=0
shrinkage=0.05


Tree=126
num_leaves=21
num_cat=0
split_feature=19 11 3 13 13 9 19 13 7 11 17 19 19 19 9 19 5 10 2 9
split_gain=1.53754 3.3757 1.95801 4.60658 6.43511 5.11347 7.43719 5.56111 3.37955 3.24884 2.81925 4.49443 9.96064 4.23136 3.52751 7.91965 4.2979 2.23483 1.2118 1.77882
threshold=19.500000000000004 8.5256673511293659 134.38000000000002 0.61285570549594282 0.58352930634763156 23.014373716632445 144.50000000000003 0.40775804827817397 38.500000000000007 -1.9548254620123202 0.12916666666666668 138.00000000000003 127.50000000000001 149.50000000000003 67.991786447638617 125.50000000000001 37.500000000000007 6.028747433264888 342.02500000000003 21.995893223819305
decision_type=2 8 8 10 8 10 2 10 10 10 8 2 2 2 8 2 8 10 8 10
left_child=1 -1 3 4 5 6 -2 -7 10 17 14 12 -12 -13 16 -16 -4 -5 -3 -20
right_child=2 18 8 9 -6 7 -8 -9 -10 -11 11 13 -14 -15 15 -17 -18 -19 19 -21
leaf_value=0.053585190226034918 -0.019998523085773001 0.028869552590150106 -0.032789431379738297 -0.024725504118859095 0.061164514715777711 0.0079405692869590812 0.0030632893441593523 -0.022310978761895629 -0.044242088380017787 0.0035908218453302105 0.0042320437311370376 -0.0048275217467301105 0.039793294627820629 0.0046879047840250737 -0.043758684389264377 -0.00028426677303264693 0.01576299851686427 -0.079369495585976432 -0.032487056896367578 0.014487925773037242
leaf_weight=4.2611034922301751 80.255232468247414 2.8979698736220572 5.7536070961505175 3.4902931377291679 3.9129207842051974 111.0906820455566 61.940629462711513 17.598249960690737 4.113958495669066 3.6268756687641126 316.07059518480673 294.95583954639733 20.999530136119574 193.46401414298452 17.076130280271173 27.101177333388478 21.934385813772682 4.0333521366119385 4.0015393495559692 4.0600801352411509
leaf_count=28 592 17 39 20 18 628 366 92 38 23 1667 1410 127 1049 105 140 115 20 19 30
internal_value=3.11369e-05 0.0158218 -0.000171273 -0.00377629 -0.00249792 -0.00341752 -0.00995278 0.00380366 0.000972248 -0.0352809 0.00117953 0.00200644 0.00644752 -0.00105844 -0.00831888 -0.0170887 0.00567373 -0.0540196 0.00113937 -0.00882901
internal_weight=1202.64 15.2207 1187.42 285.948 274.798 270.885 142.196 128.689 901.469 11.1505 897.355 825.49 337.07 488.42 71.8653 44.1773 27.688 7.52365 10.9596 8.06162
internal_count=6543 94 6449 1759 1696 1678 958 720 4690 63 4652 4253 1794 2459 399 245 154 40 66 49
is_linear=0
shrinkage=0.05


Tree=127
num_leaves=17
num_cat=0
split_feature=11 9 9 9 9 3 19 9 10 10 15 10 8 8 9 19
split_gain=1.51449 1.87587 2.07067 1.64372 8.01096 3.69233 3.87978 2.56879 4.54648 4.47059 3.84378 3.68836 2.8387 0.0764137 0.0410804 0.00117821
threshold=-24.492813141683772 254.94866529774131 325.99589322381934 109.47022587268995 115.99178644763862 14448.665000000003 53.500000000000007 96.509240246406577 79.967145790554426 104.54209445585217 60.512320328542103 97.478439425051349 12.500000000000002 9.5000000000000018 170.44763860369613 211.50000000000003
decision_type=8 10 10 10 10 8 2 10 10 10 10 10 8 8 10 2
left_child=-1 3 13 7 -5 6 -6 9 10 11 -9 -2 -11 15 -7 -3
right_child=1 2 -4 4 5 14 -8 8 -10 12 -12 -13 -14 -15 -16 -17
leaf_value=-0.03002717393655413 0.00022768438995471354 0.051063162132793327 -0.00070792203599159354 -0.065243879356398471 -0.043732371874179873 0.042311014288315775 -0.00067515534971614047 -0.016387629003973517 0.065805085085893236 -0.059832400272325129 0.048718956234247129 0.039297268146260243 -0.0078017555364822081 0.070241010092150738 0.033452805365624082 0.054269931255252257
leaf_weight=4.1765654906630516 1107.1432587546296 0.51408963650464945 2.6705282283946872 5.5828910693526259 6.1049435120075932 2.4292972711846224 36.582878066692501 7.2952111726626736 4.1103320391848674 4.9549536071717712 3.2890567230060697 6.0739568676799527 5.5663845483213672 1.3853369504213331 2.8376839607954025 0.64683208288624883
leaf_count=26 5805 31 17 32 49 23 304 42 31 53 26 34 34 6 18 12
internal_value=2.92893e-05 0.000134146 0.0300514 3.20983e-06 -0.00855879 -0.00195952 -0.00683293 0.000405859 0.0211757 0.000134261 0.00384421 0.000440857 -0.0323052 0.0623118 0.0375385 0.0528499
internal_weight=1201.36 1197.19 5.21679 1191.97 53.5377 47.9548 42.6878 1138.43 14.6946 1123.74 10.5843 1113.22 10.5213 2.54626 5.26698 1.16092
internal_count=6543 6517 66 6451 426 394 353 6025 99 5926 68 5839 87 49 41 43
is_linear=0
shrinkage=0.05


Tree=128
num_leaves=31
num_cat=0
split_feature=13 10 2 2 2 3 9 13 13 15 13 13 11 2 3 13 9 12 13 2 9 2 13 6 9 16 8 13 8 9
split_gain=1.40957 6.28652 3.11546 8.52101 3.12109 4.74599 4.06774 3.09768 2.10971 5.43763 3.03757 2.67245 3.29085 5.17936 3.08886 2.3705 3.00043 2.74667 2.06077 7.34381 10.0383 4.42515 3.48041 2.27572 2.07296 1.88235 2.07141 1.34826 1.29501 0.516371
threshold=0.99315002814631026 62.02874743326489 1100.8400000000004 1540.0700000000004 767.31000000000006 683.40500000000009 50.447638603696106 1.3186197656498699 0.88732903190957158 54.02874743326489 0.94482302127343021 0.83272560437672116 3.4989733059548258 309.75000000000006 796.94000000000017 0.95621810069625435 138.48049281314169 1.1613392235789386 0.68794453452925308 515.08000000000015 59.498973305954827 363.87500000000006 0.6762379970242447 1.0000000180025095e-35 48.509240246406577 0.4983961126119239 1.0000000180025095e-35 0.93135428781665708 4.5000000000000009 53.470225872689944
decision_type=10 10 10 8 10 8 10 10 10 8 8 10 10 10 8 10 8 10 10 10 10 10 10 8 10 8 8 10 10 10
left_child=8 2 4 -4 5 6 -2 -5 11 10 25 18 13 -13 -15 16 29 -17 22 21 -21 -20 23 -1 -24 -10 -27 -18 -14 -11
right_child=1 -3 3 7 -6 -7 -8 -9 9 15 -12 12 28 14 -16 17 27 -19 19 20 -22 -23 24 -25 -26 26 -28 -29 -30 -31
leaf_value=-0.01214548995838159 0.036187260694286301 0.063237583745158477 -0.067210058218906465 -0.0210970207591967 0.042270791892783821 -0.036572062928975406 -0.01402295419132684 0.03989147474681691 0.052409178567050463 -0.040279144080027189 -0.018722610774954775 0.045747717164168276 0.076917275317751985 -0.033171796725850515 0.019762630361976646 -0.028926858795512489 0.0066267005388906883 0.028441928262815181 -0.013178596853355824 -0.014598795326472814 0.03904422654765892 -0.051296496353702148 0.058050823158749647 0.00054676391058006114 0.0089634538373543748 0.031276240567444026 -0.018910250167015467 -0.042728808452924233 0.022992088729419626 -0.067498496913390368
leaf_weight=36.657937919255346 10.15886966139079 4.7189175914973012 5.2568088816478822 3.6418197136372328 6.4896673485636702 5.6878338679671279 6.6902010999619952 4.8609981965273619 3.8248933861032128 2.4728362187743187 6.6165897548198691 5.8364785686135354 2.7291913218796244 6.9180870875716183 4.5806255526840696 5.5533478260040265 3.5355233214795598 3.3419648595154285 33.515585231594741 19.957832658663392 15.489997418830169 9.8521301290020329 4.0461166836321336 965.37349511031061 4.5913337040692568 4.8771031266078362 3.5545232966542253 2.2734656631946564 1.8804577281698582 5.8986761784180999
leaf_count=311 59 32 27 27 29 28 30 24 23 15 39 29 27 39 35 28 29 31 183 118 129 67 22 5003 29 27 23 22 23 35
internal_value=2.77672e-05 0.00846848 0.00242796 -0.0171683 0.0117173 0.00291919 0.0162505 0.0137697 -0.000319887 -0.0113271 0.00857835 9.55589e-05 0.017371 0.00738644 -0.0120848 -0.0276072 -0.0402996 -0.00737343 -0.000252409 -0.00803945 0.00884214 -0.0218381 0.000354852 8.24353e-05 0.0319579 0.0233166 0.0101191 -0.0126896 0.0549191 -0.0594583
internal_weight=1200.88 47.5051 42.7862 13.7596 29.0266 22.5369 16.8491 8.50282 1153.38 41.9489 18.8731 1111.43 21.9448 17.3352 11.4987 23.0758 14.1805 8.89531 1089.48 78.8155 35.4478 43.3677 1010.67 1002.03 8.63745 12.2565 8.43163 5.80899 4.60965 8.37151
internal_count=6543 256 224 78 146 117 89 51 6287 272 112 6015 153 103 74 160 101 59 5862 497 247 250 5365 5314 51 73 50 51 50 50
is_linear=0
shrinkage=0.05


Tree=129
num_leaves=31
num_cat=0
split_feature=19 11 0 9 19 19 15 12 19 17 9 7 11 13 8 19 17 19 9 19 15 13 19 12 19 9 13 12 13 12
split_gain=1.46529 3.18779 1.77904 3.70431 7.17144 8.91419 8.48807 7.94451 7.27097 6.37865 4.59055 4.02733 4.47423 4.31467 3.46524 2.55879 5.54153 6.49285 5.00574 8.33952 6.24439 3.76723 3.53925 3.46546 4.32938 11.6404 4.30682 4.19088 5.22771 3.38551
threshold=19.500000000000004 8.5256673511293659 426.12000000000006 54.47227926078029 120.50000000000001 110.00000000000001 1.4784394250513351 4.6798927287133552 138.00000000000003 0.54772727272727284 16.969199178644768 6.5000000000000009 16.016427104722798 0.61652496894815501 4.5000000000000009 138.00000000000003 0.44590643274853808 39.500000000000007 38.455852156057503 58.500000000000007 11.531827515400412 0.077752243002585514 132.50000000000003 0.87411961282069395 144.50000000000003 59.498973305954827 0.93611788023739095 0.67739563490397392 1.0004521445172199 0.18625429244230393
decision_type=2 8 8 8 2 2 10 8 2 10 10 8 8 10 8 2 8 2 10 2 10 10 2 8 2 10 10 8 8 10
left_child=1 -1 3 10 5 7 -7 -5 -6 -10 14 13 -13 -12 -2 16 18 21 19 -4 -20 -18 -19 27 25 -25 -26 29 -29 -17
right_child=2 -3 15 4 8 6 -8 -9 9 -11 11 12 -14 -15 -16 23 17 22 20 -21 -22 -23 -24 24 26 -27 -28 28 -30 -31
leaf_value=0.052560026764574622 -0.038824472387441883 0.0012685609545134736 0.0058688289654623381 0.0022602365811263 0.038982624844113509 -0.036654798777554017 -0.0013173241271927122 -0.05935674143018841 0.0020794393204002265 -0.035061642300172655 0.015910860867660186 0.024188707999459279 -0.042762356316050618 -0.0066642587483699113 0.021235710154674185 0.017647574788231479 -0.0021094531563932359 0.0097824663350058148 0.03494874889056155 -0.060233481500770639 -0.023904704062983714 -0.04292784234046465 0.041898234393417222 -0.013710455662848304 0.0012296097577329653 0.018056205477496073 0.044349682230487152 0.0018168279834790907 0.057446742080219215 -0.0091538283206519071
leaf_weight=4.1923119425773603 9.7432983126491273 10.91942506097257 8.7170937620103377 79.937780775129795 12.262032323516904 52.345571175217628 25.161737058311701 5.5975768007338038 136.10307371104136 12.633058083243666 83.403555804863572 3.6942863501608354 7.6895716041326523 28.363225929439068 3.1872053584083924 20.548258721828461 17.233457751572136 193.45180663932115 9.2716187089681643 10.541393682360647 8.7702535451389831 8.4116851538419706 8.9766348442062718 159.29407980851829 194.14277118514292 35.212635891512036 5.9688221784308544 7.9984573833644417 8.9471978694200498 27.621673600748181
leaf_count=28 111 66 47 420 78 365 148 29 660 65 417 19 51 144 34 76 79 1053 46 74 57 73 61 850 1084 169 56 41 31 111
internal_value=2.66841e-05 0.0154979 -0.000170575 -0.00260237 -0.00550964 -0.0129012 -0.0251829 -0.00177208 0.00197573 -0.00107518 0.00432053 0.00729625 -0.0210354 0.0101819 -0.0240204 0.00137254 0.00528193 0.0082039 -0.0125845 -0.0303132 0.00633976 -0.015498 0.0112066 -0.0008841 -0.0026475 -0.00795956 0.00251577 0.0098026 0.0311891 0.00227907
internal_weight=1200.34 15.1117 1185.23 460.122 324.041 163.043 77.5073 85.5354 160.998 148.736 136.081 123.151 11.3839 111.767 12.9305 725.108 265.374 228.074 37.3004 19.2585 18.0419 25.6451 202.428 459.734 394.618 194.507 200.112 65.1156 16.9457 48.1699
internal_count=6543 94 6449 2541 1765 962 513 449 803 725 776 631 70 561 145 3908 1490 1266 224 121 103 152 1114 2418 2159 1019 1140 259 72 187
is_linear=0
shrinkage=0.05


Tree=130
num_leaves=24
num_cat=0
split_feature=20 20 19 12 1 20 11 1 0 0 0 9 9 7 19 12 1 17 0 12 1 5 20
split_gain=1.52499 7.82489 5.80549 4.10153 4.78963 4.43738 7.41604 5.77267 6.20713 5.06451 4.12891 6.05641 4.59251 4.02327 3.67869 3.01953 5.26913 4.52948 3.83612 3.39345 3.11655 3.09797 2.23307
threshold=958.50000000000011 913.50000000000011 132.50000000000003 0.5208187401828509 649.25000000000011 1043.5000000000002 20.533880903490765 1064.9400000000003 175.13000000000002 1374.3300000000002 257.04500000000002 7.4743326488706376 58.496919917864481 1.0000000180025095e-35 138.00000000000003 0.99999828385692868 162.23000000000005 0.087121212121212141 163.73000000000002 0.4257366100830326 167.99000000000004 40.500000000000007 444.50000000000006
decision_type=2 2 2 8 10 2 10 10 8 10 8 10 8 8 2 8 8 8 10 10 8 10 2
left_child=1 15 -3 4 -2 6 7 8 -5 10 12 -12 -7 -11 -8 17 -17 22 -19 -20 -18 -22 -1
right_child=3 2 -4 5 -6 9 14 -9 -10 13 11 -13 -14 -15 -16 16 20 18 19 -21 21 -23 -24
leaf_value=0.0012943984061121244 -0.07367238000576691 0.065037293349517897 -0.0021424267238505609 0.03751782301790374 -0.0099748181986881665 0.036587050715242646 0.077699759814776351 0.029879478526205233 -0.018879636541569239 0.0050450736874004783 0.040667058255183797 -0.0059093096762987719 -0.030614794115435759 -0.076575852314800047 0.0026208926024398 -0.049995996643527892 0.047789555575166648 0.057917365737893814 -0.00020173014538207564 0.015408521270413684 -0.0011804402204200733 0.023464637839724051 -0.03799342755313781
leaf_weight=6.6803893707692605 4.4100594073534003 8.1683933436870557 5.3041498437523833 5.1926445960998526 8.9211923927068693 3.7273462954908583 3.5498399883508673 7.6412275359034529 80.716504885815084 3.2709845369681707 21.393474694341425 10.359095508232711 7.9963745344430217 2.8040628861635923 3.0191800221800804 5.4372542584314933 3.3119455501437178 3.9436093568801871 66.987463347613811 72.48813933506608 841.47740165144205 12.947567676659672 7.8867830410599709
leaf_count=28 24 32 24 30 35 25 22 38 420 28 94 75 41 21 25 37 15 14 263 320 4661 237 34
internal_value=2.41019e-05 0.000732283 0.0385886 -0.00447098 -0.0310464 -0.0021039 -0.00816057 -0.0117666 -0.0154708 0.0101337 0.016109 0.0254718 -0.00924918 -0.0326287 0.0431928 0.000232831 -0.000930366 0.00658808 0.00928624 0.00791122 -0.000619336 -0.00080698 -0.0199763
internal_weight=1197.64 1034.63 13.4725 163.002 13.3313 149.671 100.119 93.5504 85.9091 49.5513 43.4763 31.7526 11.7237 6.07505 6.56902 1021.16 863.174 157.986 143.419 139.476 857.737 854.425 14.5672
internal_count=6543 5665 56 878 59 819 535 488 450 284 235 169 66 49 47 5609 4950 659 597 583 4913 4898 62
is_linear=0
shrinkage=0.05


Tree=131
num_leaves=31
num_cat=0
split_feature=7 0 2 19 19 2 19 6 19 13 1 16 11 19 19 9 3 1 16 13 2 2 3 0 13 2 3 3 2 1
split_gain=1.43673 5.82783 7.241 4.55965 7.50626 5.58171 3.91131 6.77756 7.35325 7.6139 14.5878 5.73099 5.71262 5.67183 11.622 6.84152 9.28775 4.51369 4.23382 4.70849 4.00881 3.99963 3.9497 3.88968 3.88236 3.71251 4.6222 3.52254 3.33961 3.2198
threshold=38.500000000000007 869.72000000000014 1018.8950000000001 204.50000000000003 167.00000000000003 1080.4250000000002 149.50000000000003 28.000000000000004 159.50000000000003 0.22098788787785886 170.10500000000005 0.59671203149765339 32.016427104722801 110.00000000000001 111.50000000000001 16.969199178644768 0.51000000000000012 1230.1350000000002 0.19716530643523575 0.80370246811854329 721.71500000000015 242.09500000000003 18.720000000000002 1788.0450000000003 1.0057422176830142 260.05000000000001 142.21500000000003 73.145000000000024 166.89500000000001 793.59500000000014
decision_type=8 8 8 2 2 10 2 8 2 10 10 10 10 2 2 10 10 8 10 10 8 10 10 8 10 8 8 10 10 8
left_child=6 24 -3 4 5 -4 13 11 17 12 -11 20 -10 18 -15 16 -16 -9 19 28 -8 -17 -20 -19 25 26 -2 -24 -1 -27
right_child=1 2 3 -5 -6 -7 7 8 9 10 -12 -13 -14 14 15 21 -18 23 22 -21 -22 -23 27 -25 -26 29 -28 -29 -30 -31
leaf_value=-0.0054860676539163168 -0.024544911989644563 0.062916747877822046 0.0045930659689397439 0.027156972998076095 -0.027917952145664789 -0.021915178896370006 -0.072345874791488171 0.07019129619061007 0.0018845928330809344 0.036130986838160677 -0.021400578193977331 0.042611815324783843 -0.037913406531471544 -0.063570990836187113 0.002124990081343499 -0.010352161003974777 -0.016797196084220183 -0.0050274420223590877 0.046719000117688633 0.036837576497202089 -0.015540475675664077 0.0072108569200434146 -0.052411339092228698 0.044907892819183108 0.034242395057005076 0.0070847384135664347 0.043895602893550434 -0.0066060851732449299 0.010995867600068328 -0.028028294709089369
leaf_weight=40.83019182831049 4.9012599103152725 4.6119746640324584 158.85773594677448 14.068976894021032 25.050274536013603 22.695572420023382 5.122831612825391 6.9614448416978147 89.512582427822053 41.500659351237118 15.001185769215224 2.6620990950614223 10.026833659037946 7.9916173890233031 119.07297295518219 39.934221431612968 142.40815015695989 7.254799087531862 3.1094143986701956 14.289743719622491 7.8881746800616392 172.18664520932361 4.7154096625745288 8.4326686067506671 3.699302226305007 7.5351801589131346 4.9670206904411325 38.196575472131371 124.29150913702324 48.882295191287994
leaf_count=171 36 21 638 54 105 146 38 31 376 303 94 43 89 53 549 204 930 56 22 90 71 974 36 52 14 39 24 294 717 273
internal_value=2.25209e-05 -0.00300452 0.00091065 -0.000385254 -0.00226078 0.00127933 0.00101409 0.00729591 0.0100611 0.00619688 0.0208564 -0.0242304 -0.00212435 -0.000712792 -0.00377674 -0.00276777 -0.00818043 0.036684 0.00583275 0.00930317 -0.0379065 0.00390441 -0.00769646 0.0218149 -0.0156076 -0.0183897 0.00990338 -0.0116394 0.00692032 -0.0233386
internal_weight=1196.66 295.27 225.285 220.673 206.604 181.553 901.39 194.363 178.69 156.041 56.5018 15.6731 99.5394 707.026 481.594 473.602 261.481 22.6489 225.433 179.411 13.011 212.121 46.0214 15.6875 69.9851 66.2858 9.86828 42.912 165.122 56.4175
internal_count=6543 1350 964 943 889 784 5193 1153 1001 862 397 152 465 4040 2710 2657 1479 139 1330 978 109 1178 352 108 386 372 60 330 888 312
is_linear=0
shrinkage=0.05


Tree=132
num_leaves=31
num_cat=0
split_feature=20 8 12 10 20 0 10 13 11 13 10 3 10 16 0 0 20 17 13 0 11 13 3 20 11 20 0 11 17 3
split_gain=1.41185 5.89937 4.55783 2.69084 8.68012 5.31638 5.98186 3.13391 2.85111 2.89821 4.78875 3.00543 2.79204 2.50351 3.28362 2.19536 2.20263 2.32651 5.53333 2.45975 2.16139 2.17859 1.94863 1.91787 8.32803 7.51912 6.00084 3.62273 3.06394 1.42692
threshold=19.000000000000004 3.5000000000000004 1.0739833967539192 20.977412731006165 548.50000000000011 228.35500000000002 16.049281314168379 0.27788956869854226 -1.9548254620123202 0.86770247121563726 35.055441478439427 492.07500000000005 18.053388090349078 0.34323739514099921 392.42000000000002 182.24000000000004 1.0000000180025095e-35 0.48096385542168679 0.59821581967580295 210.97000000000003 4.5174537987679679 0.6047799002531743 77.640000000000015 157.00000000000003 1.0000000180025095e-35 270.50000000000006 422.36000000000007 11.498973305954827 0.97555158020274313 172.66000000000003
decision_type=2 8 8 8 2 10 10 8 8 10 10 10 10 8 10 8 2 10 10 8 10 8 8 2 8 2 8 8 10 8
left_child=1 2 13 4 20 22 7 -7 9 10 -5 -11 -8 -1 29 -3 -17 19 -19 -18 21 -2 -6 24 -10 27 -26 -25 -27 -15
right_child=3 15 -4 8 5 6 12 -9 23 11 -12 -13 -14 14 -16 16 17 18 -20 -21 -22 -23 -24 25 26 28 -28 -29 -30 -31
leaf_value=0.0028213623879859285 0.054353431195308645 -0.03283558308917324 0.0076241264039242397 -0.048005424355908648 0.0038752798795878927 -0.012645055461683761 0.037798785694689037 -0.07065801128461012 0.075188281593665807 0.024570947416280974 0.024458981747840083 -0.023744692404049701 -0.014604443191808295 -0.046012004254357752 -0.071697995490325073 -0.02896569200440759 -0.033776820305175002 0.048664678709741831 -0.019124955213168475 0.0075971848193280116 0.0024286342365440789 0.018856522302036615 0.055135894694982285 0.0060408411939066944 -0.010201960424622047 0.001354261394749612 0.011964483965438796 -0.021705631056788108 -0.017259073050156098 -0.0013476086386331858
leaf_weight=2.8157744556665421 12.08300983998925 3.9016116820275775 6.8964721122756591 10.626231774687769 3.7501561567187336 3.7846782766282567 4.1467149928212148 6.0482641272246846 4.2023648824542761 6.5097608119249326 2.9026561900973311 6.3663805834949017 6.5675884000957012 3.6962804608047062 7.5295014530420303 4.0562669225037089 4.2187081798911121 9.2246470320969802 4.4683720152825108 24.194467155262828 4.31762346997857 6.7300404300913206 3.6666506659239531 14.813144741579888 48.767473296262324 813.31241710111499 81.65482189366594 57.154710703063756 22.726953625679016 3.4640480056405067
leaf_count=16 60 22 45 109 21 22 21 31 23 35 13 36 37 27 53 20 19 48 24 114 28 40 20 86 271 4404 421 311 148 18
internal_value=2.06863e-05 -0.00664597 -0.0268038 0.000463884 0.0116734 -0.00706958 -0.0201677 -0.0483289 -7.18766e-05 -0.0162976 -0.032458 0.000682133 0.00567697 -0.0403669 -0.0486453 0.00317929 0.00622323 0.00961313 0.0265432 0.00145409 0.0343329 0.041655 0.029217 0.000339045 0.0059083 -0.000486674 0.00367601 -0.0159946 0.000848275 -0.0244041
internal_weight=1194.6 74.4661 24.4021 1120.13 51.0947 27.9641 20.5472 9.83294 1069.04 26.405 13.5289 12.8761 10.7143 17.5056 14.6898 50.0641 46.1625 42.1062 13.693 28.4132 23.1307 18.8131 7.41681 1042.63 134.625 908.007 130.422 71.9679 836.039 7.16033
internal_count=6543 406 159 6137 280 152 111 53 5857 193 122 71 58 114 98 247 225 205 72 133 128 100 41 5664 715 4949 692 397 4552 45
is_linear=0
shrinkage=0.05


Tree=133
num_leaves=12
num_cat=0
split_feature=11 10 10 10 9 13 2 0 2 13 10
split_gain=1.36112 1.72642 3.00585 1.38763 4.01133 5.22008 3.01911 2.86134 4.99929 4.76863 1.14759
threshold=-24.492813141683772 178.97330595482549 148.96098562628342 40.000000000000007 40.476386036960996 0.36614385607512101 17043.000000000004 588.46000000000015 1441.3000000000002 0.61652496894815501 234.98973305954829
decision_type=8 10 10 8 8 10 10 10 10 10 10
left_child=-1 2 3 7 5 -5 -6 9 -9 -2 -3
right_child=1 10 -4 4 6 -7 -8 8 -10 -11 -12
leaf_value=-0.028957133699218259 0.0060037468570291932 0.043899450275173821 -0.041844086135879061 -0.0053353881012174788 -0.00019265024348015845 -0.04173524544102783 0.030794062617022902 0.020932041649967786 -0.0097384149806912165 -0.011756287123211138 3.3017672069229037e-05
leaf_weight=4.0389973446726799 114.35435119085014 3.7365840785205355 4.2804450495168558 42.263688913080841 878.73548613442108 12.842556944116948 7.931770736584439 47.679353550076485 18.419140152167529 56.455584633164108 2.4808309869840741
leaf_count=26 666 36 39 335 4539 95 86 270 124 299 28
internal_value=1.92996e-05 0.000117717 -2.03975e-05 0.000131487 -0.000728963 -0.0138184 8.45445e-05 0.003552 0.0123854 0.000133754 0.0263962
internal_weight=1193.22 1189.18 1182.96 1178.68 941.774 55.1062 886.667 236.908 66.0985 170.81 6.21742
internal_count=6543 6517 6453 6414 5055 430 4625 1359 394 965 64
is_linear=0
shrinkage=0.05


Tree=134
num_leaves=26
num_cat=0
split_feature=20 20 13 19 5 20 9 9 3 2 13 2 12 12 2 19 3 19 5 19 16 11 12 12 10
split_gain=1.41541 7.04653 6.22864 5.1106 4.16109 4.32259 6.48426 6.3885 11.6132 3.57283 3.56979 2.93439 2.71271 3.32008 4.36605 3.45007 4.31657 2.92819 2.89001 3.25627 2.58212 2.44042 2.41318 1.97257 0.70029
threshold=958.50000000000011 913.50000000000011 1.0057422176830142 132.50000000000003 3.5000000000000004 1043.5000000000002 83.991786447638617 57.494866529774136 348.51500000000004 181.54000000000005 0.0081603062809768537 273.67500000000001 0.99999828385692868 0.44337661813861762 277.47000000000008 53.500000000000007 36.860000000000007 159.50000000000003 40.500000000000007 106.50000000000001 2.1264096840168323 -20.517453798767963 1.1412698953516673 0.35094302728266691 5.4866529774127324
decision_type=2 2 10 2 8 2 10 10 8 8 8 8 8 10 10 2 8 2 10 2 8 8 10 10 8
left_child=1 12 4 -3 10 7 11 9 -9 -6 -2 -7 13 14 17 -15 -17 -1 21 20 -20 -14 -23 -16 -21
right_child=2 3 -4 -5 5 6 -8 8 -10 -11 -12 -13 18 15 23 16 -18 -19 19 24 -22 22 -24 -25 -26
leaf_value=0.0095043922543694703 0.055352029329732724 0.061329446563806102 0.041738718813364745 -0.0017270225377117501 0.013970924279105724 -0.011898763748725224 -0.060547265563286129 -0.034264146605454369 0.054901296747460998 -0.023208187465752605 -0.0039950320003678567 0.017045549182104627 -0.036869180908698639 0.048388082423230463 -0.01036619488076764 -0.029335139053884754 0.01425836798321559 -0.014457200550450744 0.020008654715187042 0.0026831871218451625 -0.048518279370673108 -0.0019409880749836105 0.0068576018393475937 -0.053472025401811021 0.053043054835582096
leaf_weight=52.553473107516766 4.8803622350096694 8.1972888335585576 7.0211150720715514 5.285013534128665 7.0661653093993655 12.078170910477636 3.6187627157196394 6.5265477038919899 8.2903830530121922 75.552449503913522 5.2700901404023179 31.840377604588866 4.7776714637875557 6.5390993058681479 5.6286318004131299 6.2248025238513938 64.705074215307832 16.834014870226383 3.9910675440914929 0.78301640599966038 2.0968905035406333 755.10239967750385 86.898113671690226 5.0219011455774307 5.8310209992341697
leaf_count=208 25 32 37 24 37 68 32 35 53 399 32 160 29 30 23 30 284 63 53 12 16 3936 746 21 158
internal_value=1.82285e-05 0.000701502 -0.00432415 0.0366115 -0.00640903 -0.0085759 0.00378472 -0.0146065 0.0156258 -0.0200284 0.0245392 0.00908549 0.000225439 0.00625772 -0.000884113 0.0136364 0.0104326 0.0036911 -0.000880028 0.0227928 -0.00359425 -0.00123513 -0.00103294 -0.0306913 0.0470811
internal_weight=1192.61 1030.47 162.144 13.4823 155.123 144.973 47.5373 97.4355 14.8169 82.6186 10.1505 43.9185 1016.99 157.507 80.038 77.469 70.9299 69.3875 859.48 12.702 6.08796 846.778 842.001 10.6505 6.61404
internal_count=6543 5665 878 56 841 784 260 524 88 436 57 228 5609 659 315 344 314 271 4950 239 69 4711 4682 44 170
is_linear=0
shrinkage=0.05


Tree=135
num_leaves=31
num_cat=0
split_feature=7 0 2 12 12 3 9 19 13 6 19 19 19 9 13 5 10 12 11 12 19 19 12 10 13 9 13 12 15 9
split_gain=1.35962 5.33566 6.22431 4.65749 3.75147 6.31166 3.65419 3.59186 6.3785 6.31678 7.01649 5.0486 11.0122 6.10464 8.39023 4.81835 4.4712 4.12827 4.04352 4.0239 3.53495 6.1644 3.31528 4.07973 3.39403 4.44608 3.27056 3.03557 4.31496 3.23974
threshold=38.500000000000007 869.72000000000014 1018.8950000000001 1.3862809842098456 1.0604184792462796 2825.1750000000006 170.44763860369613 149.50000000000003 0.83745446220720776 12.500000000000002 159.50000000000003 110.00000000000001 111.50000000000001 16.969199178644768 0.047071567287011333 8.5000000000000018 17.478439425051338 0.64523785771442466 3.4989733059548258 4.6798927287133552 204.50000000000003 167.00000000000003 1.0014250646382947 119.49075975359345 0.99892052822357924 77.470225872689952 0.25312146868408353 1.1479688719562831 47.507186858316224 77.470225872689952
decision_type=8 8 8 8 8 10 10 2 10 8 2 2 2 10 10 10 10 10 8 8 2 2 10 8 8 10 10 10 10 10
left_child=7 6 -3 4 5 -4 22 11 9 15 16 19 -13 14 -14 -9 -11 -15 -12 27 21 -5 24 -24 26 -26 -2 29 -29 -1
right_child=1 2 3 20 -6 -7 -8 8 -10 10 18 12 13 17 -16 -17 -18 -19 -20 -21 -22 -23 23 -25 25 -27 -28 28 -30 -31
leaf_value=0.006957954704310528 -0.020678724580068641 0.05768224609543824 -0.025381856253998691 0.0038211535350122909 -0.064467195481256928 0.046354781480693413 0.011643051017906952 -0.052318719001105608 0.041053356317435653 0.048170464423091162 0.0383823242646327 -0.062873172173840808 0.0013359706399385675 -0.059423143771685429 -0.016617920141963158 0.022528561506525047 -0.0011746101683249592 0.0044929842741993978 0.0011155912646103059 -0.030430796712707694 0.028089476871026527 -0.024276015630515041 0.021091409263084018 -0.029704857151131532 -0.025805094268490175 0.02796806032135923 -0.061253322077249608 0.036097181658136572 -0.031925040798338425 -0.015278398179242522
leaf_weight=180.91618452267721 9.3045456446707266 4.709441650658845 16.640732691623278 161.31691013462842 4.1208541374653569 3.758802391588687 10.813669845461844 8.0050972867757064 12.855461330153046 15.33312555216253 7.6787684690207278 7.7033954039216033 128.90319813229144 2.5573243126273146 131.41042785067111 2.939923513447865 6.5524515206925562 208.33084801072255 139.72178085334599 7.5291102342307559 12.318833045661448 22.208664312958717 9.2111779004335421 6.9242485351860514 17.491526771336797 4.926750421524047 10.652635931968687 15.835855329409243 2.7338820677250615 18.011110750958323
leaf_count=970 70 21 105 663 26 16 45 62 125 87 38 53 628 16 851 46 43 1162 752 34 44 89 44 39 103 18 67 173 46 107
internal_value=1.75259e-05 -0.00293083 0.000804914 -0.000410618 -0.0209538 -0.0121637 -0.0150596 0.000985167 0.0070263 0.00459923 0.00697936 -0.0006719 -0.00357447 -0.00260503 -0.00772744 -0.0322141 0.0333968 0.00371791 0.00305699 0.0055054 0.00216145 0.000421079 -0.0199946 -0.000706959 -0.0273388 -0.0139876 -0.0423364 0.00674941 0.0260828 0.00494465
internal_weight=1191.42 294.399 225.074 220.365 24.5204 20.3995 69.3246 897.018 193.087 180.231 169.286 703.931 478.905 471.202 260.314 10.945 21.8856 210.888 147.401 225.026 195.844 183.526 58.5109 16.1354 42.3755 22.4183 19.9572 217.497 18.5697 198.927
internal_count=6543 1350 964 943 147 121 386 5193 1153 1028 920 4040 2710 2657 1479 108 130 1178 790 1330 796 752 341 83 258 121 137 1296 219 1077
is_linear=0
shrinkage=0.05


Tree=136
num_leaves=31
num_cat=0
split_feature=2 5 1 12 11 2 10 13 1 15 2 3 13 1 12 3 7 20 11 11 7 11 15 15 3 20 20 10 10 7
split_gain=1.33816 5.55455 5.31493 4.1838 3.59301 3.42459 8.76753 7.66933 7.65109 9.20826 5.3639 3.30714 3.836 3.2378 3.03776 3.57274 3.17219 2.96022 6.27562 3.91362 2.93568 2.61525 12.358 3.47888 2.80009 5.36205 3.45381 2.62574 2.42274 3.12096
threshold=1100.8400000000004 -1.0000000180025095e-35 2546.0200000000004 1.2453621511232134 22.981519507186864 860.73500000000001 64.969199178644786 0.16856360361551162 1064.9400000000003 23.991786447638606 957.7700000000001 9.9200000000000035 0.047071567287011333 1179.6550000000002 1.1642645824984288 230.99500000000003 2.5000000000000004 178.50000000000003 29.026694045174541 56.525667351129371 38.500000000000007 12.501026694045176 12.012320328542097 1.0092402464065711 9.9200000000000035 111.50000000000001 964.50000000000011 77.94661190965094 178.97330595482549 68.500000000000014
decision_type=10 10 10 10 10 10 8 10 10 8 10 10 10 8 10 8 8 2 10 8 8 10 10 10 8 2 2 8 8 8
left_child=2 3 5 14 11 21 7 10 9 -8 -7 -3 -13 -5 15 16 -2 -6 -19 -20 -17 24 23 -23 25 -1 -26 -24 29 -15
right_child=1 4 -4 13 17 6 8 -9 -10 -11 -12 12 -14 28 -16 20 -18 18 19 -21 -22 22 27 -25 26 -27 -28 -29 -30 -31
leaf_value=-0.023034056325121455 -0.040045137034998124 -0.045695113938081927 0.038565118949814341 -0.036800304454381615 0.034665365626376898 0.035222852639555463 0.029544635561096173 0.05836923881220768 0.059029880430281581 -0.028458266148996037 -0.058319852537006139 0.084543237546154559 0.022271260780030624 0.022663202462554315 -0.047960426882336454 -0.0025372631670968872 0.0050121521128976311 -0.082966992553510463 0.021923545503392164 -0.054795585879172652 -0.025014382582415864 -0.017302424911491619 0.0080109805768087908 -0.0524885611004876 0.0009475177878384834 0.019997374724936963 -0.0089190494651667646 0.04695702629735489 0.020242777987219795 -0.031069479275377617
leaf_weight=8.8670813366770727 15.98668214865029 1.5394241511821771 9.2216897606849653 3.8613311015069476 3.477960711810737 3.2950532920658615 9.8343272274360061 14.416142418514935 4.4625288099050513 22.492339256685227 2.8649770608171821 2.8255488798022297 19.823659619083628 4.7338480791076991 5.6148642003536215 83.614503350108862 5.1694850828498593 2.8121714531444004 6.6526432442478836 2.2160286214202625 17.581171438097954 35.887210580520332 9.7107452405616659 8.7346311099827272 703.65911074960604 39.436175942420959 101.48930378258228 7.8071863208897403 24.302889987826347 6.2974162846803674
leaf_count=55 119 6 33 24 36 19 56 76 17 153 24 13 214 69 32 430 41 24 97 34 93 285 104 47 3411 208 488 78 222 35
internal_value=1.56013e-05 -0.003643 0.000784847 -0.00762145 0.0132589 0.000426765 0.0122777 0.0384151 -0.00234087 -0.0108128 -0.00828305 0.0252199 0.0300399 0.00667134 -0.0119992 -0.0103489 -0.0290354 -0.00582709 -0.0178837 0.00275362 -0.00644231 -0.000315744 -0.010219 -0.02419 0.000405315 0.012098 -0.000296167 0.025368 0.0114219 -0.00801117
internal_weight=1188.69 206.51 982.179 167.162 39.3474 972.957 57.3654 20.5762 36.7892 32.3267 6.16003 24.1886 22.6492 39.1955 127.967 122.352 21.1562 15.1588 11.6808 8.86867 101.196 915.591 62.1398 44.6218 853.452 48.3033 805.148 17.5179 35.3342 11.0313
internal_count=6543 1489 5054 1065 424 5021 345 119 226 209 43 233 227 350 715 683 160 191 155 131 523 4676 514 332 4162 263 3899 182 326 104
is_linear=0
shrinkage=0.05


Tree=137
num_leaves=20
num_cat=0
split_feature=9 10 0 19 0 9 10 2 1 13 17 9 1 13 11 11 6 10 10
split_gain=1.34874 2.73693 1.47683 1.43646 3.23961 2.5699 1.4095 3.76576 4.21917 5.10976 1.67001 1.65239 3.30254 2.53766 1.62382 2.50587 1.74219 0.0429438 0.000422568
threshold=12.501026694045175 19.498973305954831 266.05500000000006 19.500000000000004 355.07500000000005 102.4722792607803 20.977412731006165 175.60500000000002 282.52500000000003 0.00073347735936952184 0.33771929824561409 24.000000000000004 857.7650000000001 0.02091371501156122 -1.9548254620123202 -11.515400410677616 4.5000000000000009 24.000000000000004 36.468172484599599
decision_type=8 10 10 2 8 8 8 10 10 10 8 8 8 8 8 10 8 10 10
left_child=1 -1 -3 4 -2 -6 7 -5 9 -9 -10 12 -8 -14 15 -13 -16 -4 -19
right_child=3 2 17 6 5 -7 11 8 10 -11 -12 14 13 -15 16 -17 -18 18 -20
leaf_value=0.0050860351667082922 0.048606317381005036 0.011282381219395329 -0.064017761399023362 0.054055932736129311 0.022385033935059567 -0.029062952454832959 -0.065752731855655874 -0.059755450316765192 0.0099227270070997766 0.0030409639605539895 0.056306452520406072 0.0077609460617363221 0.027569268560872259 -0.016951630586834392 -0.010043033567176543 -0.022483505076333659 0.00059632698567638675 -0.053392080251387065 -0.052194018016104932
leaf_weight=6.4460491091012937 4.9606976658105824 1.003615006804466 1.2148028574883936 4.0810496322810641 5.3422553334385148 4.4484483636915693 2.7190098632127073 3.5387643948197356 3.2867030277848217 38.299021528102458 4.7380358958616862 10.673833569511773 4.1672940431162742 13.799352427944539 39.992155798943713 19.110735073685646 1015.7444216504227 1.9073617141693833 1.1984479692764578
leaf_count=38 33 19 12 21 37 22 34 17 13 206 36 63 41 142 347 148 5240 39 35
internal_value=1.4999e-05 -0.0168263 -0.0433557 0.000183717 0.0156882 -0.00099058 -1.34234e-05 0.0078787 0.00409928 -0.00227054 0.037309 -0.000398279 -0.0143972 -0.00662518 -0.000131517 -0.0116449 0.000193299 -0.0560473 -0.0529298
internal_weight=1186.67 11.7703 5.32423 1174.9 14.7514 9.7907 1160.15 53.9436 49.8625 41.8378 8.02474 1106.21 20.6857 17.9666 1085.52 29.7846 1055.74 4.32061 3.10581
internal_count=6543 143 105 6400 92 59 6308 293 272 223 49 6015 217 183 5798 211 5587 86 74
is_linear=0
shrinkage=0.05


Tree=138
num_leaves=22
num_cat=0
split_feature=8 7 15 12 7 20 2 0 8 3 11 2 0 8 0 12 12 9 20 3 11
split_gain=1.26776 3.83377 3.15904 4.511 2.06523 1.56724 3.92595 2.41354 2.38531 4.10118 2.90612 1.88953 2.29803 4.84989 2.13004 2.62992 2.06249 1.96621 1.71666 0.356174 0.023345
threshold=24.500000000000004 15.500000000000002 7.9671457905544161 0.99999828385692868 38.500000000000007 13.500000000000002 161.66000000000003 226.38500000000002 3.5000000000000004 107.22500000000001 -7.9999999999999991 13.865000000000002 156.03500000000003 1.5000000000000002 160.05000000000004 0.4257366100830326 1.0395562258149684 172.48459958932241 665.00000000000011 455.38500000000005 16.016427104722798
decision_type=10 10 10 10 10 2 8 8 10 8 10 8 8 8 8 8 10 8 2 8 8
left_child=5 -2 3 -3 20 6 -1 -8 9 -9 -10 18 13 16 17 -16 -13 -14 -7 -15 -4
right_child=1 2 4 -5 -6 11 7 8 10 -11 -12 12 14 19 15 -17 -18 -19 -20 -21 -22
leaf_value=-0.068566335443296975 0.052684706274540083 0.016877051364557579 0.053776495109234816 -0.0503553219998965 -0.012598021638027338 0.028789266357113749 -0.040916801624123762 -0.053757032608347299 -0.0029861202358112361 -0.0021653098660001629 0.044852796139884514 -0.015643953078648212 0.054502435814753815 -0.035996604204307878 -0.0097289161297769416 0.00064689489811690535 0.03429657320123003 0.0057049501302663258 -0.0034777420734410495 -0.057306604820914611 0.062473645449694908
leaf_weight=2.6024820357561103 4.5783751872368184 5.1628641337156278 1.7198121668770903 4.8280180394649506 1.5724200122058389 10.827783286571504 4.388086922466754 4.5045140851289061 8.1602415665984136 26.592432076111436 5.1960639711469403 4.3915524706244486 3.4071257710456821 3.8118485100567332 65.010405726730824 1007.9572573294863 3.9064199449494481 5.2378087285906085 6.6557576954364768 4.0379001423716545 1.3994084885343907
leaf_count=16 29 19 28 27 26 39 24 32 37 136 38 23 18 24 263 5637 32 33 26 21 15
internal_value=1.4066e-05 0.0127372 0.000280589 -0.0156125 0.034125 -0.000195981 -0.00872853 -0.0055401 -0.00204799 -0.00963857 0.0156249 0.000197607 -6.21235e-05 -0.0187851 0.000217397 1.82313e-05 0.00786645 0.0249369 0.0165056 -0.0469584 0.0576784
internal_weight=1185.95 19.2609 14.6825 9.99088 4.69164 1166.69 51.4438 48.8413 44.4533 31.0969 13.3563 1115.24 1097.76 16.1477 1081.61 1072.97 8.29797 8.64493 17.4835 7.84975 3.11922
internal_count=6543 144 115 46 69 6399 283 267 243 168 75 6116 6051 100 5951 5900 55 51 65 45 43
is_linear=0
shrinkage=0.05


Tree=139
num_leaves=22
num_cat=0
split_feature=1 19 1 10 20 20 17 1 10 0 20 13 7 19 13 13 17 20 12 19 17
split_gain=1.23463 6.10084 3.20686 1.6956 1.57326 8.21673 5.18557 6.65193 5.16111 4.36657 3.91354 3.19417 3.15991 5.31863 4.04332 2.87992 1.26261 0.814034 0.774678 0.741221 0.533379
threshold=5880.6900000000014 167.00000000000003 4787.3000000000011 67.991786447638617 553.50000000000011 590.50000000000011 0.10555555555555557 1040.0500000000002 8.9856262833675586 3935.7850000000003 543.00000000000011 0.59002197641996645 8.5000000000000018 146.50000000000003 0.071793871256353517 0.76444498059865529 0.43303571428571436 233.50000000000003 0.86487655136532438 132.50000000000003 0.83558558558558571
decision_type=10 2 10 10 2 2 10 10 8 8 2 10 8 2 10 8 10 2 10 2 10
left_child=2 3 4 16 8 12 9 -8 15 -7 11 -10 14 -14 -6 17 18 -1 -2 -5 -18
right_child=1 -3 -4 19 5 6 7 -9 10 -11 -12 -13 13 -15 -16 -17 20 -19 -20 -21 -22
leaf_value=0.030001343759976887 0.03900509234662021 -0.041774665855282826 -0.046927444161806511 -0.034731588902745414 0.034681015630119459 -0.0066555195914737332 0.017109779411145075 -0.045319113907115897 -6.0237482582456255e-05 0.0064794782983410336 -0.052494967480821844 -0.0085020868726242062 0.019024609366965466 -0.017779765427795934 0.0085236503708154242 -0.0091861978958901972 0.06948545414268803 0.060293629639006766 0.006730362490348564 0.016718423291655383 0.036345646789959433
leaf_weight=4.3559929216280544 3.5570647865533846 4.0713801616802803 3.6593003738671532 1.344573158770799 31.106123236939311 261.96506907930598 56.099613195285201 4.6181985400617114 495.30194629123434 83.422687032260001 3.8557310886681071 144.81427159463055 24.326192229986191 16.456850860267878 28.137602925300598 3.3164121620357045 2.735204657074064 4.5180860422551632 3.8952556075528264 1.4603223355952648 2.1833551255986094
leaf_count=31 13 28 33 14 137 1506 321 26 2646 347 31 856 103 79 226 20 23 29 27 26 21
internal_value=1.33796e-05 0.0125737 -0.000193961 0.0271543 -4.6828e-05 0.0020477 -0.00111404 0.0123614 -0.00166244 -0.00348298 -0.00227256 -0.00197005 0.0148843 0.00417324 0.0222577 0.0305675 0.0351125 0.0454241 0.0221354 -0.00794499 0.0547747
internal_weight=1185.2 19.2472 1165.95 15.1758 1162.29 506.132 406.106 60.7178 656.162 345.388 643.972 640.116 100.027 40.783 59.2437 12.1905 12.3709 8.87408 7.45232 2.8049 4.91856
internal_count=6543 152 6391 124 6358 2745 2200 347 3613 1853 3533 3502 545 182 363 80 84 60 40 40 44
is_linear=0
shrinkage=0.05


Tree=140
num_leaves=22
num_cat=0
split_feature=9 20 11 20 20 13 19 16 20 11 8 13 2 1 1 20 20 10 10 16 11
split_gain=1.20166 2.81546 2.41158 1.32389 6.05131 5.79714 4.65944 4.40286 4.39997 4.25064 3.96067 2.92921 1.91363 5.58651 5.04126 3.41527 10.6863 4.90528 0.0542623 0.00656263 0.000244094
threshold=12.501026694045175 757.50000000000011 10.51334702258727 958.50000000000011 913.50000000000011 1.0057422176830142 132.50000000000003 0.20012315270935963 1068.5000000000002 32.016427104722801 5.5000000000000009 0.010298687123454551 1100.8400000000004 162.23000000000005 186.58000000000001 556.00000000000011 585.50000000000011 20.057494866529776 18.053388090349078 1.0000000180025095e-35 26.004106776180702
decision_type=8 2 8 2 2 10 2 8 2 8 8 10 8 8 8 2 2 8 8 8 10
left_child=1 2 -1 4 12 7 -6 9 10 11 -9 -5 15 -14 -15 17 -17 -2 -4 20 -20
right_child=3 -3 18 5 6 -7 -8 8 -10 -11 -12 -13 13 14 -16 16 -18 -19 19 -21 -22
leaf_value=0.0092717664235233647 0.020097534886412794 0.013012986882369829 -0.066691069313804571 0.069639202368189726 0.05769110681594667 0.040564353292820945 -0.0025853551363106222 -0.0050275252463392647 0.03556689264277571 -0.024334961658335614 -0.023864943868817056 0.016567282771922681 -0.072888617308526873 0.057401837169879878 -0.002339290847640267 0.073776770994095284 0.0056664665423815574 -0.0017382301292088427 -0.052624543585374273 -0.057167972270151073 -0.051504025614855467
leaf_weight=1.9850457906723002 27.523494849912822 4.8481445088982582 1.0062790215015409 3.9082539305090886 8.2027106061577779 6.9579848684370509 5.2633255273103705 90.847599191591144 5.3210549345239988 4.1972721181809911 40.274298328906298 7.766555730253458 2.7831835155375293 3.5633598268032065 392.26338807726279 5.9542876165360203 175.51444894168526 392.46493238210678 2.1365878414362673 0.95990977063775096 0.62914319755509485
leaf_count=9 159 38 6 18 32 37 24 500 22 36 215 36 18 13 2143 42 952 2153 51 15 24
internal_value=1.305e-05 -0.0160251 -0.0369842 0.000171204 0.000837144 -0.00406651 0.0341315 -0.00610531 -0.00900471 0.0188191 -0.0108135 0.0343336 0.000388832 -0.00229783 -0.00180148 0.00216939 0.00790128 -0.000307246 -0.0563886 -0.0536059 -0.0523697
internal_weight=1184.37 11.5651 6.71697 1172.81 1013.53 159.273 13.466 152.315 136.443 15.8721 131.122 11.6748 1000.07 398.61 395.827 601.457 181.469 419.988 4.73192 3.72564 2.76573
internal_count=6543 143 105 6400 5536 864 56 827 737 90 715 54 5480 2174 2156 3306 994 2312 96 90 75
is_linear=0
shrinkage=0.05


Tree=141
num_leaves=25
num_cat=0
split_feature=15 16 16 15 17 11 15 7 17 2 15 0 11 3 11 15 16 17 1 15 9 15 2 16
split_gain=1.19766 2.70055 3.69764 2.40307 1.62598 1.58271 5.01251 4.83583 5.50266 4.94561 4.43712 3.65857 2.86242 3.32969 2.53935 7.19946 1.95421 1.67579 1.55966 0.329012 0.196598 0.179251 0.00163755 0.000756384
threshold=93.979466119096529 2.4320093079724812 1.905595181568571 76.024640657084205 inf 22.981519507186864 12.012320328542097 1.0000000180025095e-35 0.32738095238095244 2438.3700000000003 10.036960985626285 2284.9700000000007 20.533880903490765 19.900000000000002 17.527720739219717 18.002053388090353 0.79983570646221258 0.20526315789473687 474.57500000000005 96.492813141683783 154.98973305954829 147.53182751540044 327.58500000000009 1.7204726199690403
decision_type=10 8 10 10 8 10 10 8 10 8 10 10 10 10 10 10 10 10 10 10 10 8 10 10
left_child=3 2 20 5 -5 12 10 9 -9 -8 11 -7 14 -14 16 -16 -1 -15 19 -3 -2 22 -21 -22
right_child=1 18 -4 4 -6 6 7 8 -10 -11 -12 -13 13 17 15 -17 -18 -19 -20 21 23 -23 -24 -25
leaf_value=0.00091997710690346665 0.018904005889151566 0.078311821575950027 -0.046370450945578595 0.0037264530016633927 -0.04993798099411114 -0.023939456166273312 0.051927229514421205 -0.079640537767099964 0.017601643559578561 -0.022334926251348385 -0.082455588900595067 0.0088717602486226045 -0.029436391144574799 0.046143741600262661 -0.039229818215124689 0.053921163921966143 -0.0088040441664907054 0.0026827520301942647 0.0017861680065794563 0.054447988168809539 0.052085679290808734 0.025638075742876146 0.051867877198455661 0.054488178924593546
leaf_weight=1025.0674818712287 0.60404700972139824 1.0966579765081386 2.9961991375312209 2.1704785702750078 4.0365409259684384 26.357191863004118 8.7503199931234121 2.4632015246897927 3.5536108948290348 3.0142260063439617 2.4713539481163016 12.536953657865523 2.4781630411744109 8.3096733377315086 10.865677665919064 2.5636754669249049 54.41034482838586 3.0255655795335761 2.0583293968811631 1.2897741831839091 0.61706821667030431 0.77415593503974367 1.1754261418245731 0.69839529693126678
leaf_count=5167 13 8 27 28 31 227 109 15 41 38 11 104 18 60 73 40 359 23 35 15 27 20 37 17
internal_value=1.20744e-05 0.0162048 -0.0116609 -0.000144179 -0.0311725 2.10149e-05 -0.00794789 0.0142529 -0.022208 0.0329003 -0.0174911 -0.0133632 0.0004469 0.0230651 0.000161025 -0.0214472 0.000429844 0.0345433 0.0376267 0.0546404 0.0425179 0.0466267 0.0532178 0.0533612
internal_weight=1183.38 11.3101 4.91571 1172.07 6.20702 1165.87 59.1469 17.7814 6.01681 11.7645 41.3655 38.8941 1106.72 13.8134 1092.91 13.4294 1079.48 11.3352 6.39434 4.33601 1.91951 3.23936 2.4652 1.31546
internal_count=6543 199 84 6344 59 6285 545 203 56 147 342 331 5740 101 5639 113 5526 83 115 80 57 72 52 44
is_linear=0
shrinkage=0.05


Tree=142
num_leaves=25
num_cat=0
split_feature=19 11 9 13 13 6 11 17 5 17 19 20 20 16 13 0 13 20 13 20 5 17 20 9
split_gain=1.20561 2.96298 1.38784 3.57599 6.12765 4.459 4.3722 3.72719 1.90127 9.74048 6.1032 4.68305 4.61634 2.52742 3.54576 7.08306 4.25244 2.53129 5.21069 3.98914 1.68605 1.08339 1.01141 0.833562
threshold=19.500000000000004 8.5256673511293659 25.938398357289532 0.3132094156033674 0.25623353351365391 7.5000000000000009 12.008213552361399 0.16397849462365593 4.5000000000000009 0.54772727272727284 158.50000000000003 243.00000000000003 218.50000000000003 0.025771902649267275 0.65730523625043258 522.98500000000013 0.27788956869854226 958.50000000000011 0.52619328812776922 931.50000000000011 4.5000000000000009 0.24404761904761907 548.50000000000011 35.498973305954827
decision_type=2 8 8 10 10 8 8 10 8 8 2 2 2 8 10 10 10 2 10 2 8 10 2 10
left_child=1 -1 3 4 6 -5 20 -8 9 11 12 -4 -11 14 16 -16 -10 19 -19 -15 -2 -13 -7 -3
right_child=2 23 8 5 -6 22 7 -9 13 10 -12 21 -14 17 15 -17 -18 18 -20 -21 -22 -23 -24 -25
leaf_value=0.050713359849674636 0.0046696748507251938 0.010063832534378819 0.015391530152674252 0.015270343859064263 0.060404543948645056 -0.070361097596404243 -0.026152620139127045 0.022253244712580268 -0.0056794467003841408 0.076803477845823795 -0.012236040393796516 -0.076103730996927382 0.024637162608421404 0.00085967652033955115 -0.038942311470610676 0.046911581862492981 -0.058809551318943366 -0.012179414960530027 0.0091395479620954272 0.033626363585005335 0.041695063949952746 -0.033900672247548599 -0.033769725706832981 -0.019711025272713609
leaf_weight=4.0383953601121885 13.000340506434441 7.3185636773705465 3.4302290901541692 3.2950176727026701 3.6641752980649462 4.2970699644647521 24.789320379495621 4.736570941284298 7.8797115013003367 6.4051860421896043 7.0464633200317612 3.447121636942029 12.55083788000047 897.16032385546714 4.4226406142115575 5.2591358721256256 7.2142064422369003 99.399258985184133 40.275084289722145 9.3858701474964601 4.0272579044103667 2.7210556082427502 3.3691338002681732 3.4627908356487751
leaf_count=28 81 35 16 22 20 35 275 37 51 23 39 30 57 4816 31 23 53 518 232 38 19 15 18 31
internal_value=1.21924e-05 0.0141837 -0.000167652 -0.0074985 -0.00185084 -0.0333727 -0.00675089 -0.0183873 0.000237639 0.011605 0.0274949 -0.0314415 0.042264 -0.000140223 -0.0159241 0.00769348 -0.0310732 0.000233556 -0.00603209 0.00119892 0.0134267 -0.0574861 -0.05428 0.000500646
internal_weight=1182.6 14.8197 1167.78 61.1789 50.2177 10.9612 46.5535 29.5259 1106.6 35.6009 26.0025 9.59841 18.956 1071 24.7757 9.68178 15.0939 1046.22 139.674 906.546 17.0276 6.16818 7.6662 10.7814
internal_count=6543 94 6449 507 432 75 412 312 5942 180 119 61 80 5762 158 54 104 5604 750 4854 100 45 53 66
is_linear=0
shrinkage=0.05


Tree=143
num_leaves=22
num_cat=0
split_feature=9 9 9 9 1 11 0 9 10 7 10 0 10 20 0 20 12 3 9 7 3
split_gain=1.17135 1.77596 1.7497 6.86365 3.15151 2.82915 3.82424 2.68727 3.97572 4.27827 3.46671 3.17324 3.30646 2.48185 3.74469 3.37765 1.84413 1.12488 0.803321 0.0408643 0.000411534
threshold=264.00000000000006 325.99589322381934 109.47022587268995 119.50718685831625 207.01500000000001 12.008213552361399 1142.3100000000002 96.509240246406577 106.0205338809035 7.5000000000000009 79.967145790554426 271.42000000000002 48.459958932238202 1043.5000000000002 1374.3300000000002 958.50000000000011 1.0395562258149684 310.55500000000006 72.000000000000014 1.5000000000000002 351.63500000000005
decision_type=10 10 10 10 8 8 10 10 10 8 10 8 8 2 10 2 10 10 10 8 10
left_child=2 19 7 17 -5 16 -7 8 13 18 11 -9 -13 15 -15 -1 -6 -4 -10 20 -2
right_child=1 -3 3 4 5 6 -8 10 9 -11 -12 12 -14 14 -16 -17 -18 -19 -20 -21 -22
leaf_value=0.00072875468708139414 0.053897745368147981 -0.0020317414160329179 -0.079420727404056812 -0.070729340101345031 0.066328661599720007 0.0061671068468805833 -0.027691924498927829 0.045943647903044643 -0.055227816677789587 -0.0032380482921930322 0.061274841842373279 0.024860075631317358 -0.043114833735237973 0.016259544138398446 -0.025597861803752276 -0.0088604777672876261 0.006004856455513085 -0.038485502599419616 -0.10246079907223293 0.066981123254886296 0.051856643702678298
leaf_weight=948.10892872558907 0.46322915703058187 2.6480390941724181 2.8570416346192351 1.6100882710888971 2.4906405061483401 27.699429325759411 11.931663315743206 3.4785353951156113 2.3556287088431396 5.0926342671737084 4.0012135794386259 3.2817253312096009 3.9330042758956552 44.074538616463542 6.0804757699370375 101.67861279565841 2.5786154484376311 4.067442711442709 1.4569800086319444 1.0438981801271436 0.52893993933685124
leaf_count=5066 7 17 16 10 21 187 120 15 41 28 31 27 27 230 38 536 54 25 9 5 33
internal_value=1.08737e-05 0.0249647 -8.84539e-05 -0.00894576 -0.00200345 0.000472025 -0.00402677 0.000331217 4.97207e-05 -0.0332242 0.021573 0.00671729 -0.0121955 0.00031911 0.011185 -0.000200024 0.0356433 -0.0553754 -0.0732778 0.0600754 0.0528096
internal_weight=1181.46 4.68411 1176.78 53.2349 46.3104 44.7003 39.6311 1123.54 1108.85 8.90524 14.6945 10.6933 7.21473 1099.94 50.155 1049.79 5.06926 6.92448 3.81261 2.03607 0.992169
internal_count=6543 62 6481 433 392 382 307 6048 5948 78 100 69 54 5870 268 5602 75 41 50 45 40
is_linear=0
shrinkage=0.05


Tree=144
num_leaves=23
num_cat=0
split_feature=1 19 1 12 17 9 16 15 9 13 15 3 6 2 5 10 17 9 10 8 3 6
split_gain=1.17578 5.46228 2.88713 1.55843 2.49781 2.14618 1.25303 3.69572 3.99391 5.05229 4.96203 3.16382 3.29729 2.74416 2.70275 2.38038 3.68058 2.56066 1.55666 1.49709 0.693264 0.908258
threshold=5880.6900000000014 167.00000000000003 4787.3000000000011 0.20321153919402188 0.43303571428571436 40.476386036960996 0.90641467628013916 25.018480492813143 73.938398357289543 0.39828207990825615 64.492813141683783 1187.7300000000002 28.000000000000004 2584.7500000000005 58.500000000000007 25.018480492813143 0.069047619047619066 25.018480492813143 23.523613963039015 17.500000000000004 6257.5650000000014 45.500000000000007
decision_type=10 2 10 10 10 10 10 10 10 8 10 10 8 10 10 8 10 8 10 8 10 8
left_child=2 3 6 -2 5 -5 7 15 10 -10 -9 12 18 -13 -14 16 -1 -17 -8 -15 -6 -22
right_child=1 -3 -4 4 20 -7 11 8 9 -11 -12 13 14 19 -16 17 -18 -19 -20 -21 21 -23
leaf_value=0.0014028547091086518 0.062042845619546289 -0.039053617729384212 -0.044676100736269847 -0.031213373640175485 0.057376852264147418 0.027316738068640239 0.054174471988045585 0.031957672128362612 -0.070620227933514856 0.0059639109456789477 -0.010318520812397126 0.06109508863606028 -0.019095682887649578 0.025111041750843624 0.019650633963906389 -0.017338312673967866 0.025582094881309875 -0.00058267538099429194 -0.00065793986110320563 -0.049005849371858222 0.049903857705613792 -0.0058595914812688147
leaf_weight=57.367369771003723 2.5296801179647472 4.0695219328626981 3.6360770775936535 3.2757904333993775 3.2632572241127491 3.0010291519574821 2.6070817727595568 28.58616582211107 2.7591617926955196 9.8111354485154152 9.166385979857294 3.0049856435507527 43.036646891385317 1.5259874288458379 5.0264171599410465 23.364739789627492 21.689202826470137 946.45421177847311 2.5706499051302671 1.230897396802902 1.5648623588494954 1.369058786891401
leaf_count=309 9 28 33 20 21 32 40 227 29 118 106 20 256 39 71 282 108 4705 39 9 19 23
internal_value=1.02272e-05 0.0123238 -0.000191918 0.0262592 0.0190024 -0.00322937 -5.22635e-05 0.000328764 0.0135649 -0.0108462 0.0216929 -0.00715066 -0.0109596 0.0280443 -0.0150436 -0.000306278 0.00803644 -0.00098635 0.0269512 -0.00798076 0.0415199 0.0238829
internal_weight=1180.91 19.0732 1161.84 15.0037 12.474 6.27682 1158.2 1099.2 50.3228 12.5703 37.7526 59.0027 53.2408 5.76187 48.0631 1048.88 79.0566 969.819 5.17773 2.75688 6.19718 2.93392
internal_count=6543 152 6391 124 115 52 6358 5884 480 147 333 474 406 68 327 5404 417 4987 79 48 63 42
is_linear=0
shrinkage=0.05


Tree=145
num_leaves=17
num_cat=0
split_feature=10 10 10 0 9 19 19 19 9 13 13 2 12 19 12 19
split_gain=1.13178 2.56842 1.52659 1.13978 3.09732 5.38023 8.00444 7.4988 3.31858 5.84176 4.39927 2.81077 3.97504 2.73743 2.55156 0.984143
threshold=178.97330595482549 148.96098562628342 234.98973305954829 426.12000000000006 54.47227926078029 120.50000000000001 110.00000000000001 138.00000000000003 26.447638603696102 0.31780374898617986 0.58034705535054332 69.155000000000015 0.088639041284663295 39.500000000000007 0.044234097660859735 125.50000000000001
decision_type=10 10 10 8 8 2 2 2 10 10 8 8 8 2 8 2
left_child=1 3 -2 4 8 6 -6 -7 9 -1 -10 14 -13 -14 15 -5
right_child=2 -3 -4 11 5 7 -8 -9 10 -11 -12 12 13 -15 -16 -17
leaf_value=0.0014411530382139924 0.042138779300941807 -0.039014495599458854 -0.0077309225715272338 -0.0080942241206847492 -0.00080446308961708594 0.040477507128455353 -0.023051006425521083 -0.0010934152836707303 0.016823521328282926 -0.050285906245656764 -0.0049324936739427285 -0.046285435073339515 -0.0118276895262392 0.0018387663195113546 0.04703961792728456 0.020066182175520215
leaf_weight=26.512227990664542 3.6466705352067939 4.2255082596093407 2.6495552901178598 5.5742056518793124 88.586366368457675 11.724409193731843 74.38650393858552 145.13502599671483 64.453920099884272 6.8732003644108763 36.334996044635773 4.4595680087804785 38.819033407606184 653.1595843588002 6.0770377814769736 6.9970877915620804
leaf_count=218 36 39 29 22 474 73 513 709 342 40 189 18 233 3560 22 26
internal_value=1.06527e-05 -0.0001028 0.0211528 3.78408e-05 -0.00192148 -0.00459637 -0.0109586 0.00201379 0.00445467 -0.00920812 0.00898035 0.00128181 0.000768848 0.0010721 0.0204387 0.00757965
internal_weight=1179.61 1173.32 6.29623 1169.09 454.007 319.832 162.973 156.859 134.174 33.3854 100.789 715.087 696.438 691.979 18.6483 12.5713
internal_count=6543 6478 65 6439 2558 1769 987 782 789 258 531 3881 3811 3793 70 48
is_linear=0
shrinkage=0.05


Tree=146
num_leaves=30
num_cat=0
split_feature=20 8 2 2 19 20 19 9 19 20 0 0 0 19 5 10 20 17 11 9 13 11 9 13 11 2 0 9 0
split_gain=1.1511 5.10763 4.70273 2.76431 3.1335 2.06275 8.2906 2.94336 2.96883 2.38942 2.65619 2.01715 2.83691 1.85702 2.345 1.88861 7.00413 4.87787 2.87113 2.74431 2.95558 2.80692 1.69856 1.81289 1.4661 1.43987 1.3347 0.581482 0.281981
threshold=19.000000000000004 3.5000000000000004 2584.7500000000005 198.13500000000002 144.50000000000003 42.500000000000007 144.50000000000003 46.505133470225879 132.50000000000003 29.500000000000004 430.22500000000008 484.23500000000007 350.30500000000006 19.500000000000004 -1.0000000180025095e-35 20.977412731006165 548.50000000000011 0.24404761904761907 4.5174537987679679 24.000000000000004 0.02091371501156122 -1.9548254620123202 36.501026694045187 0.6076105889464557 -20.517453798767963 339.94000000000005 1264.2900000000002 37.01026694045175 754.2700000000001
decision_type=2 8 8 10 2 2 2 10 2 2 10 10 10 2 10 8 2 8 10 8 8 8 8 10 10 10 8 10 10
left_child=1 2 11 4 -3 6 7 8 -2 10 -8 12 27 14 25 16 18 -18 -15 20 -17 -21 -5 24 -24 -7 -6 -1 -13
right_child=5 3 -4 22 26 13 9 -9 -10 -11 -12 28 -14 15 -16 19 17 -19 -20 21 -22 -23 23 -25 -26 -27 -28 -29 -30
leaf_value=-0.055911273913622286 0.025242877603361191 -0.028486520110947395 0.012422446867044997 -0.013532726936877694 -0.0076837754404017744 0.023153083851766877 -0.043365522043799884 0.0058124623995797183 0.079557689782900801 0.021951849296587889 0.0010221520815810604 -0.047834845329055353 0.0096869814731135023 0.039448119753737541 0.052717722282163808 0.012382196992791125 -0.060612549215642055 0.0010514284630978293 -0.0084843803110635409 -0.017045320994101731 -0.02848726364623972 0.00017156251232519696 0.018910847725186475 -0.0027450352735824517 0.053531870490434376 -0.018729941561961821 0.019913519188930796 -0.025147513649214845 -0.067778909493215675
leaf_weight=4.0815595425665432 4.5002255327999574 10.693761534988882 6.1702750553376964 3.8027081340551403 8.929923817515375 4.7024753354489786 6.4811720885336417 4.1842705351300529 5.7056411579251289 4.4532315302640191 7.0218772813677788 3.2356611266732207 3.8659534938633442 17.522758245468143 3.6960618309676638 5.9958586059510735 3.715428069233897 23.438940923660994 3.8020211653783909 24.268376599997282 16.870828232727945 965.65036043012515 7.3367297872900998 4.8117622081190339 5.2432487374171597 3.6408285424113274 8.6010012179613096 2.4628860503435135 3.9186518024653196
leaf_count=35 20 50 35 26 39 21 31 23 31 28 35 22 22 98 35 75 24 125 24 184 209 5153 35 27 39 21 31 12 33
internal_value=9.91813e-06 -0.00606436 -0.0251283 0.00309167 -0.0071557 0.000411816 0.0128522 0.0411287 0.0556078 -0.00980856 -0.020283 -0.0383195 -0.024273 3.68977e-05 0.0195635 -0.000184619 0.00945612 -0.00738582 0.0309022 -0.000646094 -0.0177709 -0.000250518 0.0167381 0.0233568 0.0333407 0.00487628 0.00585598 -0.0443339 -0.0587589
internal_weight=1178.8 73.1541 23.735 49.4191 28.2247 1105.65 32.3464 14.3901 10.2059 17.9563 13.503 17.5647 10.4104 1073.3 12.0394 1061.26 48.4791 27.1544 21.3248 1012.79 22.8667 989.919 21.1944 17.3917 12.58 8.3433 17.5309 6.54445 7.15431
internal_count=6543 406 159 247 120 6137 168 74 51 94 66 124 69 5969 77 5892 271 149 122 5621 284 5337 127 101 74 42 70 47 55
is_linear=0
shrinkage=0.05


Tree=147
num_leaves=31
num_cat=0
split_feature=7 0 0 12 12 19 19 15 12 0 11 19 19 19 9 20 9 20 9 6 17 16 20 6 12 12 9 0 9 12
split_gain=1.1093 4.61674 6.52045 3.42386 3.53133 3.32659 6.01717 7.79485 6.65492 5.73524 4.86163 6.5368 4.54368 10.1451 5.32569 7.19316 4.35391 4.28221 4.34156 4.12787 3.95049 3.88373 5.05686 5.39086 4.62969 4.56612 4.0463 3.85367 3.21849 3.06824
threshold=38.500000000000007 869.72000000000014 980.04500000000019 1.3862809842098456 1.0604184792462796 149.50000000000003 210.00000000000003 8.5092402464065717 0.5208187401828509 1670.8500000000001 32.016427104722801 224.50000000000003 110.00000000000001 111.50000000000001 19.991786447638606 1058.5000000000002 84.501026694045194 804.50000000000011 77.470225872689952 10.500000000000002 0.30131578947368426 0.19716530643523575 80.000000000000014 40.000000000000007 4.6798927287133552 1.1136205917848911 77.470225872689952 251.98500000000004 170.44763860369613 1.0014250646382947
decision_type=8 8 8 8 8 2 2 8 8 10 8 2 2 2 10 2 8 2 10 10 8 10 2 8 8 10 10 10 10 10
left_child=5 28 -3 4 -4 12 7 17 9 -9 11 -8 21 -14 15 -15 -13 18 -7 -10 -12 24 23 -23 25 -1 -24 -16 29 -2
right_child=1 2 3 -5 -6 6 10 8 19 -11 20 16 13 14 27 -17 -18 -19 -20 -21 -22 22 26 -25 -26 -27 -28 -29 -30 -31
leaf_value=0.0078004305487033923 -0.025999488890376191 0.06325614832601599 -0.0096611512189668895 0.0018646451646981638 -0.061239786067671359 -0.0078533373187961181 -0.010270979331004251 -0.02511178455892224 0.030109384188765305 0.034188960953976714 -0.052871210029018657 -0.0045215382258147986 -0.062055910000528264 -0.0087406422707528592 -0.010108640895156505 0.039934319950873903 0.073199165734508936 -0.049746383163733233 0.052998895514385559 -0.0076985874254224323 -0.0096087001084881694 0.0087736290327110073 0.012975079316796241 -0.07400260916355364 -0.030040754777842057 0.03788666914207342 -0.021189826902000289 0.006968077969471684 0.011066395715266263 -0.00019743578148286489
leaf_weight=155.26005951827392 41.234550077468157 4.1021331362426272 21.060186021029953 195.20743167027831 3.9391727335751048 24.096797864884142 11.577825864776971 13.125135801732542 70.722363634500653 5.9146545529365531 6.2431731652468434 2.6655440656468246 7.2789996936917296 253.97887172084302 41.478837219532579 7.823930734768509 5.5619732728227982 5.248391691595315 3.3370316941291085 8.0401030210778099 34.088883746415377 3.1498853377997875 22.988713319413364 5.2373273917473835 7.44617149606347 13.72596827149391 13.910365718416868 162.3351199622266 10.717077523469923 15.989649295806883
leaf_count=804 258 17 127 794 26 142 73 50 466 21 46 23 53 1458 232 43 34 26 17 69 186 18 168 39 33 141 127 924 45 83
internal_value=9.36075e-06 -0.00266161 0.000797017 -0.000366506 -0.0177884 0.000891151 0.00674209 0.0127729 0.0198373 -0.00669018 -0.00634331 0.0139439 -0.000714513 -0.0034835 -0.00256783 -0.007286 0.0480193 -0.00836754 -0.000451315 0.0262499 -0.0163055 0.00519136 -0.00787032 -0.0429153 0.00854401 0.0102442 9.54532e-05 0.00349274 -0.0140803 -0.0187899
internal_weight=1177.49 292.25 224.309 220.207 24.9994 885.236 190.622 130.484 97.8023 19.0398 60.1374 19.8053 694.614 472.896 465.617 261.803 8.22752 32.6822 27.4338 78.7625 40.3321 221.718 45.2863 8.38721 176.432 168.986 36.8991 203.814 67.9413 57.2242
internal_count=6543 1350 964 947 153 5193 1153 791 606 71 362 130 4040 2710 2657 1501 57 185 159 535 232 1330 352 57 978 945 295 1156 386 341
is_linear=0
shrinkage=0.05


Tree=148
num_leaves=28
num_cat=0
split_feature=2 5 1 0 1 12 2 1 11 3 1 12 3 8 8 19 9 6 17 3 5 20 9 3 0 3 9
split_gain=1.12713 4.8032 4.77121 5.81961 3.90385 3.70558 3.60292 4.69355 2.98092 2.79821 2.77941 2.72308 3.1886 3.62258 2.81631 2.6029 2.74009 2.47374 2.42786 3.14958 2.22434 3.77172 2.09186 1.31773 6.50819 2.81712 0.00145489
threshold=1100.8400000000004 -1.0000000180025095e-35 2546.0200000000004 2167.5200000000004 1781.9900000000002 1.2453621511232134 860.73500000000001 67.500000000000014 22.981519507186864 9.9200000000000035 1179.6550000000002 1.1642645824984288 230.99500000000003 38.500000000000007 1.5000000000000002 74.000000000000014 83.991786447638617 25.500000000000004 0.72077922077922085 421.73500000000007 13.500000000000002 243.00000000000003 42.480492813141687 323.04000000000002 869.72000000000014 977.65000000000009 60.50102669404518
decision_type=10 10 10 10 10 10 10 10 10 10 8 10 8 8 8 2 10 8 8 8 8 2 10 8 10 10 8
left_child=2 5 3 4 6 11 17 -8 9 -3 -7 12 13 -2 -14 16 -10 -1 22 -20 21 -17 -11 24 -12 -25 -22
right_child=1 8 -4 -5 -6 10 7 -9 15 18 23 -13 14 -15 -16 20 -18 -19 19 -21 26 -23 -24 25 -26 -27 -28
leaf_value=-0.011440924765054442 -0.036990303278271984 -0.041107096084143757 0.036738250015284045 -0.057343777223707641 0.037867935854981709 -0.033845662225091076 0.0041576556641107704 0.037579595656767696 0.0010625740176610074 -0.019829292639483565 -0.027435927188280931 -0.045737840394261493 0.0017070063335678015 0.019499059605301169 -0.015145321569377238 0.043951235334823403 -0.077684530548102593 0.00022868218021159176 0.079074319546416416 0.025894497662610146 0.054167378573875116 -0.027772339146964038 0.029796121187965732 -0.010411321201686908 0.061770183577668662 0.022522231033870979 0.051560283511158003
leaf_weight=47.979545031208545 17.132707577198747 1.563875332474711 9.1065115630626661 4.3473191112279883 6.9897546470165244 3.8498588623479 40.519586253445596 14.180921042338012 2.2740215240046373 3.8890297040343302 3.3013011272996646 5.4765358194708815 54.214624544605613 3.4015604937449089 45.680126830935478 2.7690120507031661 2.148268785327673 849.03141806833446 3.9174504652619335 9.6244107261300087 0.87482037022709791 5.4223050642758608 4.6778331771492958 13.603783352300526 5.3711656052619219 12.423157909885047 1.3781130295246837
leaf_count=355 129 6 33 20 26 24 261 75 29 22 23 32 285 31 238 18 25 4284 22 138 10 52 45 97 36 170 57
internal_value=8.91843e-06 -0.00337981 0.000716512 0.000375893 0.000637629 -0.00710305 0.000364194 0.0128222 0.0125081 0.0235279 0.00646099 -0.011256 -0.00968797 -0.0276327 -0.00599927 -0.0050393 -0.0371913 -0.000395505 0.0280999 0.0412786 0.00857448 -0.00352673 0.00726807 0.010933 0.0278126 0.00530849 0.0525726
internal_weight=1175.15 202.994 972.155 963.049 958.701 164.455 951.711 54.7005 38.5391 23.6726 38.5493 125.906 120.429 20.5343 99.8948 14.8665 4.42229 897.011 22.1087 13.5419 10.4443 8.19132 8.56686 34.6994 8.67247 26.0269 2.25293
internal_count=6543 1489 5054 5021 5001 1065 4975 336 424 233 350 715 683 160 523 191 54 4639 227 160 137 70 67 326 59 267 67
is_linear=0
shrinkage=0.05


Tree=149
num_leaves=20
num_cat=0
split_feature=8 7 15 12 7 3 19 13 13 9 13 13 10 8 19 12 2 9 11
split_gain=1.12308 2.91008 2.57361 3.64189 1.85742 1.38065 4.36607 3.66611 5.94008 3.62315 3.35922 3.29264 3.20813 2.61819 5.11984 4.94234 1.5879 0.712057 0.0162185
threshold=25.500000000000004 15.500000000000002 7.9671457905544161 0.99999828385692868 38.500000000000007 134.38000000000002 24.500000000000004 0.61285570549594282 0.57546399227860034 16.969199178644768 0.043947101802224241 0.086330661179462712 29.026694045174541 1.0000000180025095e-35 150.50000000000003 0.47464262589030198 168.15000000000003 25.018480492813143 16.016427104722798
decision_type=10 10 10 10 10 8 2 10 8 10 8 8 8 8 2 8 10 10 8
left_child=5 -2 3 -3 18 6 -1 8 9 -8 -7 17 -9 14 -13 -15 -14 -12 -4
right_child=1 2 4 -5 -6 10 7 12 -10 -11 11 13 16 15 -16 -17 -18 -19 -20
leaf_value=0.042470484765053364 0.049554572067112314 0.015691057605920111 0.053539014044680699 -0.046225520437452511 -0.010484491454690194 0.050152988055776809 -0.01014200527397472 -0.072596366900482226 0.055414760964626011 0.0017369529891618403 -0.061291751473532198 0.00099385821865268149 0.010674489908068321 -0.022668894277066243 0.015346784457262229 -0.00041129626832623543 -0.03633596776017884 -0.022598950999390219 0.061098578189564413
leaf_weight=5.1230537891387931 4.0762848276644972 5.1082822084426862 1.5893243770115071 4.4384842216968536 1.5874710371717808 3.4325227905064812 122.60160993225873 3.4415850490331623 4.2879856228828421 134.73161706700921 2.2480156831443301 306.55401184875518 3.4351170584559449 26.372318893671036 77.926031273091212 459.58481319714338 3.7651468329131603 2.5240936558693647 1.2816792353987692
leaf_count=34 24 19 28 26 26 26 873 18 20 778 19 1703 20 106 464 2299 24 21 15
internal_value=9.0233e-06 0.0123738 0.0015522 -0.0130952 0.0329161 -0.000184375 -0.0032597 -0.00412019 -0.00295001 -0.00392255 0.000786501 0.000592889 -0.032888 0.000819965 0.00390289 -0.00161919 -0.0139081 -0.0408261 0.0569138
internal_weight=1174.11 18.0815 14.0052 9.54677 4.45847 1156.03 277.386 272.263 261.621 257.333 878.642 875.209 10.6418 870.437 384.48 485.957 7.20026 4.77211 2.871
internal_count=6543 138 114 45 69 6405 1767 1733 1671 1651 4638 4612 62 4572 2167 2405 44 40 43
is_linear=0
shrinkage=0.05


Tree=150
num_leaves=31
num_cat=0
split_feature=2 1 12 8 1 9 5 15 3 13 13 9 19 9 13 12 12 11 19 9 9 9 9 19 19 19 8 11 9 3
split_gain=1.06258 3.45676 8.49545 7.32527 7.0383 4.16829 2.93011 2.92301 2.91048 5.02046 3.98955 2.78534 2.65824 3.66095 2.58735 4.01233 2.4153 3.57533 3.01285 2.27273 3.87222 3.19345 3.0635 5.8243 3.4576 2.07099 2.01993 1.98503 2.2748 1.94711
threshold=1304.5000000000002 869.72000000000014 0.4257366100830326 3.5000000000000004 1168.5300000000002 63.474332648870643 -1.0000000180025095e-35 38.488706365503084 3648.8000000000006 0.57116564462597286 0.63559537874696204 254.94866529774131 58.500000000000007 83.991786447638617 0.73108582379542597 1.0604184792462796 1.0498750592944686 6.5215605749486665 160.50000000000003 147.46611909650929 109.47022587268995 119.50718685831625 77.470225872689952 132.50000000000003 226.50000000000003 132.50000000000003 3.5000000000000004 20.024640657084195 100.46817248459961 471.97000000000008
decision_type=10 10 10 10 10 10 10 10 10 10 10 8 2 10 10 8 10 10 2 10 10 10 10 2 2 2 8 8 10 10
left_child=1 19 3 4 -3 -4 7 8 9 11 -11 -2 13 -8 -10 -16 17 -14 -19 20 22 -22 24 -24 -1 -6 -23 -9 -29 -21
right_child=6 2 5 -5 25 -7 12 27 14 10 -12 -13 16 -15 15 -17 -18 18 -20 29 21 26 23 -25 -26 -27 -28 28 -30 -31
leaf_value=-0.00042171729041411864 -0.017453310553156354 -0.022738110921488985 0.037274506447240723 -0.056200197810875333 0.039925934949088394 -0.011310370268053656 0.012363678375893444 0.03913057841945905 -0.013951740206161564 -0.069152914772410951 -0.021207285385667733 0.0013738501845761886 -0.045368971266863095 -0.063636777514832571 0.056876306612175111 -0.0077891479658971797 0.053043369492664166 0.030424982523758356 -0.011340662579380963 0.0069930437625723325 -0.058054536938353975 0.0076593639157685666 -0.0089248585109516516 0.029586469111106923 -0.035161462919182825 0.0099781603479827188 -0.029842629896076778 0.024168718381874375 -0.02853460454594204 0.045857857219250966
leaf_weight=839.79374258685857 32.596602693200111 15.263508051633833 28.427713997662067 5.7239234223961821 8.7174942046403903 5.2262525698170057 3.8583634402602902 5.2893996797502023 6.4376964168623116 5.4866666216403273 20.738155612722039 49.441477175801992 2.5454957410693231 2.6887203892692924 5.1878624632954571 4.4619119260460147 3.9041022625751785 13.962595093995334 6.2511342689394942 10.424199788831173 4.8092529550194767 7.2237767251208398 16.9407889675349 23.348976229783148 7.2240677969530216 17.090027898550034 7.1391381099820146 4.4430113220587355 3.7972815558314323 4.6648179190233341
leaf_count=4431 226 65 130 25 31 45 32 49 43 37 128 278 17 33 21 32 150 99 43 62 25 60 97 114 38 68 43 47 38 36
internal_value=8.61871e-06 0.000630429 0.0105701 -0.00320906 0.00417613 0.0297296 -0.00363311 -0.00684444 -0.00924579 -0.0121945 -0.0312383 -0.00610684 0.00969943 -0.0188478 0.010598 0.026976 0.0167091 0.0104763 0.0175089 -0.000237258 -0.000557613 -0.0227893 -7.72502e-05 0.0133935 -0.000718007 0.0200942 -0.0109811 0.0152262 -0.000117962 0.0190082
internal_weight=1173.11 1002.02 80.4489 46.795 41.071 33.654 171.09 137.88 124.35 108.263 26.2248 82.0381 33.2104 6.54708 16.0875 9.64977 26.6633 22.7592 20.2137 921.569 906.48 19.1722 887.308 40.2898 847.018 25.8075 14.3629 13.5297 8.24029 15.089
internal_count=6543 5270 364 189 164 175 1273 899 765 669 165 504 374 65 96 53 309 159 142 4906 4808 128 4680 211 4469 99 103 134 85 98
is_linear=0
shrinkage=0.05


Tree=151
num_leaves=26
num_cat=0
split_feature=15 16 15 16 1 11 15 7 13 2 12 15 3 11 3 13 11 15 13 15 3 15 16 16 2
split_gain=1.05448 2.72228 2.5155 2.41634 1.53601 1.38139 4.59639 4.39084 5.39662 4.54778 4.20821 4.22341 3.39664 2.37676 2.78085 3.74476 2.37509 6.55782 1.80237 1.06394 0.568464 0.238442 0.119283 0.000717814 0.000563633
threshold=92.993839835728963 2.4320093079724812 76.024640657084205 1.905595181568571 474.57500000000005 22.981519507186864 12.012320328542097 1.0000000180025095e-35 0.29617166977864168 2438.3700000000003 1.0000021407133715 10.036960985626285 1.0000000180025095e-35 20.533880903490765 19.900000000000002 0.11043620388154463 17.527720739219717 18.002053388090353 0.043947101802224241 98.513347022587283 539.72000000000014 142.52156057494869 4.4194413175623035 1.7204726199690403 309.75000000000006
decision_type=10 8 10 10 10 10 10 8 10 8 10 10 10 10 10 8 10 10 8 10 10 8 8 10 10
left_child=2 3 5 19 21 13 10 9 -9 -8 11 -7 -12 16 -15 -16 18 -18 -1 -2 -4 22 -3 -21 -24
right_child=1 4 20 -5 -6 6 7 8 -10 -11 12 -13 -14 14 15 -17 17 -19 -20 23 -22 -23 24 -25 -26
leaf_value=0.0075162643034043953 -0.023533881363418385 0.073629625042373956 -0.015518479533699196 -0.040217470359094953 0.00063474533202571414 -0.019952710881626534 0.051311561889320005 -0.076683935458453825 0.019850171750875611 -0.020131586042777306 -0.052509049032790647 -0.091118923088694112 0.030149396592590902 -0.027549234264998803 0.082021215928823388 0.015037730630087115 -0.037758652158236067 0.053692643749778994 -0.00017763777859327462 0.051936514539194359 -0.048040434870837742 0.0313862098292466 0.054482407694086701 0.054156038000090667 0.052882462143241639
leaf_weight=82.469723058864474 0.65913013927638564 1.0725076440721748 2.3697170540690413 3.0633993782103062 1.9888224569149313 29.994512370787561 8.342362810857594 2.5009031649678937 3.4380675293505192 3.0389292882755408 1.52150324732065 2.2404812574386588 6.78589335270226 2.4032930210232726 2.7803422361612293 8.3617015280760825 10.700237285345791 2.3999600033275774 988.41836929228157 0.77405792055651523 3.1032357753720134 0.9403824782930309 0.88714788854122106 0.68810579599812627 1.450426206924021
leaf_count=485 9 15 24 29 35 269 109 17 39 38 9 10 54 18 14 69 73 40 5041 33 27 24 10 18 34
internal_value=8.35924e-06 0.0150586 -0.000141045 -0.0118131 0.037036 1.91456e-05 -0.00751047 0.0140499 -0.0208004 0.0322355 -0.0167214 -0.0248991 0.0150105 0.000416112 0.0212309 0.0317525 0.000156014 -0.0210047 0.000414874 0.0292063 -0.0339589 0.0536769 0.0598239 0.052981 0.0534897
internal_weight=1172.39 11.524 1160.87 5.18469 6.33929 1155.4 57.8627 17.3203 5.93897 11.3813 40.5424 32.235 8.3074 1097.53 13.5453 11.142 1083.99 13.1002 1070.89 2.12129 5.47295 4.35046 3.41008 1.46216 2.33757
internal_count=6543 207 6336 89 118 6285 545 203 56 147 342 279 63 5740 101 83 5639 113 5526 60 51 83 59 51 44
is_linear=0
shrinkage=0.05


Tree=152
num_leaves=22
num_cat=0
split_feature=20 3 19 13 13 2 13 19 12 13 20 19 20 0 0 0 19 19 20 3 0
split_gain=1.0461 1.21316 3.87163 3.33099 5.40198 4.47887 3.64469 2.69443 5.64013 3.76859 3.77837 3.28882 10.3711 6.44466 2.55558 2.49441 2.40935 9.46291 3.49537 0.629406 0.417694
threshold=1.0000000180025095e-35 134.38000000000002 24.500000000000004 0.61285570549594282 0.57546399227860034 164.99500000000003 0.41194339946097297 217.50000000000003 1.0548605913190696 0.4687803856363793 454.00000000000006 206.50000000000003 428.50000000000006 833.55500000000018 477.77500000000003 2093.4800000000005 138.00000000000003 127.50000000000001 140.50000000000003 126.15500000000002 3657.3550000000005
decision_type=2 8 2 10 8 10 10 2 8 10 2 2 2 8 8 8 2 2 2 10 8
left_child=-1 2 -2 4 6 -5 -4 11 9 10 -9 16 13 -13 -10 -14 17 -3 -18 -7 -16
right_child=1 7 3 5 -6 19 -8 8 14 -11 -12 12 15 -15 20 -17 18 -19 -20 -21 -22
leaf_value=-0.021908420989810242 0.040392989347667094 0.0019080003180660596 -0.0013090961631024112 0.02218927781321799 0.053087334608886039 -0.037460431564383487 -0.020343721414497144 0.018375959233904008 -0.080372746290154132 0.028147635123297106 -0.041774853951310531 -0.066118480971570789 0.031965795662179684 0.01049628975012042 -0.013185710509274966 0.077053374426587176 0.0089072083088211403 0.035770800333637998 -0.0034002137329862537 -0.066013764487142676 -0.040133173845018327
leaf_weight=5.4192177858203641 5.0990375485271207 358.34542713966221 229.45933823473752 2.8839036058634502 4.3038472197949877 4.1326172240078449 28.244024803861976 4.3780565634369903 3.4448601198382649 7.7582895811647168 6.4673230033367872 4.4413270382210621 13.824190636165442 7.1857671849429616 3.0367652913555512 3.942365586757659 67.921974172815681 21.891276707872748 382.95255296165124 3.6211203336715698 2.7314381450414658
leaf_count=29 33 1967 1497 18 21 25 163 20 28 39 33 30 87 47 34 13 336 133 1959 20 11
internal_value=8.63457e-06 0.000110493 -0.00277374 -0.00358105 -0.00246746 -0.0310089 -0.00339527 0.00101228 -0.0143036 0.0015404 -0.0174932 0.00150738 0.0179441 -0.0187691 -0.0462969 0.0419706 0.000926069 0.00385758 -0.00154616 -0.0507953 -0.0259462
internal_weight=1171.48 1166.07 277.744 272.645 262.007 10.6376 257.703 888.322 27.8167 18.6037 10.8454 860.505 29.3937 11.6271 9.21306 17.7666 831.111 380.237 450.875 7.75374 5.7682
internal_count=6543 6514 1777 1744 1681 63 1660 4737 165 92 53 4572 177 77 73 100 4395 2100 2295 45 45
is_linear=0
shrinkage=0.05


Tree=153
num_leaves=31
num_cat=0
split_feature=20 20 20 3 9 13 11 1 9 1 2 0 12 1 9 9 17 20 11 3 3 9 20 20 11 3 11 16 11 17
split_gain=1.0709 6.33608 5.93242 6.59165 8.15374 5.87138 5.53028 8.23144 4.92547 4.57518 3.9574 2.6606 2.65527 4.8149 2.91418 3.67095 3.51594 2.49788 2.48002 2.32101 5.27531 4.73755 4.09261 11.2277 6.68508 5.25179 4.4256 3.83879 3.5419 3.10803
threshold=263.50000000000006 157.00000000000003 70.500000000000014 29.815000000000001 37.01026694045175 0.13161277002564295 12.993839835728954 11043.710000000001 89.478439425051349 627.04500000000019 908.73500000000013 949.15500000000009 1.0395562258149684 727.6400000000001 48.509240246406577 54.47227926078029 0.43303571428571436 297.50000000000006 -6.9815195071868574 52.100000000000009 76.665000000000006 37.486652977412739 635.00000000000011 631.00000000000011 9.5441478439425058 33.305000000000007 12.501026694045176 0.28251474531897008 5.5195071868583172 0.12916666666666668
decision_type=2 2 2 8 10 8 10 8 10 10 8 10 10 10 8 8 8 2 10 8 8 8 2 2 10 10 8 8 10 8
left_child=1 2 3 4 -1 11 7 10 -9 -7 -4 -5 14 18 -3 -16 -17 -2 -14 22 21 27 23 24 -19 26 -24 -21 -23 -22
right_child=17 12 6 5 -6 9 -8 8 -10 -11 -12 -13 13 -15 15 16 -18 19 -20 20 29 28 25 -25 -26 -27 -28 -29 -30 -31
leaf_value=-0.05529200883701723 0.033634224736923728 -0.043226935815371625 0.013483057665911624 0.073428195377788705 0.017527348318181476 -0.004687197965739273 -0.022912268318588797 0.058304624890265534 0.0022246095894216051 0.022650338147831135 -0.043904103778856368 0.01207408118366504 -0.0042985811311606146 -0.048792852539828922 0.029135894922425656 -0.060136998001918796 -0.01388186503667257 0.021868234788397615 0.058456521538688536 -0.022319935537905605 -0.0095591163849160915 -0.053187382053326175 0.018715004037513173 0.099296162887300435 -0.012919437653170194 0.034055134341255039 -0.020363822166142829 0.047307386539379596 -0.0033110193145704093 0.0014694005898643961
leaf_weight=11.787818206474187 5.7774133011698714 10.208132546395062 10.380916583351787 3.8440992943942538 5.7044888976961365 124.34661149559543 6.8741812799125901 16.883669661358002 5.0974671421572557 17.453031097073108 4.2275645993649968 3.2701457627117634 2.658075712621212 2.4960562386550009 4.4993798732757559 4.5079960301518431 46.334488049149513 41.574965605512261 3.8613663115538639 4.4515992291271687 70.599894203711301 11.732109330594541 9.4963129572570324 3.7590296417474738 20.679098157212138 7.6732456516474477 30.557632999494672 3.5648511089384574 5.1097704246640197 671.56170724914409
leaf_count=94 33 71 48 19 29 640 60 76 27 118 26 21 15 15 24 28 227 232 43 31 415 76 58 16 165 52 224 20 35 3605
internal_value=8.28228e-06 -0.0026612 0.00178698 -0.00250927 -0.0315446 0.000901388 0.0182357 0.0259662 0.0452996 -0.00132243 -0.00312428 0.0452261 -0.0151809 0.0102608 -0.0186801 -0.0141523 -0.0179831 0.000864755 0.0328703 0.000649801 -0.000338601 -0.0229957 0.0073152 0.0153798 0.0103127 -0.00383918 -0.0110987 0.00864278 -0.0380551 0.000420287
internal_weight=1170.97 284.435 209.87 166.406 17.4923 148.914 43.4638 36.5896 21.9811 141.8 14.6085 7.11425 74.5655 9.0155 65.55 55.3419 50.8425 886.538 6.51944 880.76 767.02 24.8583 113.74 66.0131 62.2541 47.7272 40.0539 8.01645 16.8419 742.162
internal_count=6543 1581 1158 921 123 798 237 177 103 758 74 40 423 73 350 279 255 4962 58 4929 4182 162 747 413 397 334 282 51 111 4020
is_linear=0
shrinkage=0.05


Tree=154
num_leaves=31
num_cat=0
split_feature=7 0 0 12 9 3 1 1 3 2 19 9 3 19 19 6 16 19 19 9 3 12 11 1 12 12 16 12 0 3
split_gain=1.07129 4.14401 5.55724 3.16256 3.85527 3.29119 2.98229 3.97034 2.93346 3.36532 3.0375 3.27614 2.84738 2.82361 6.39677 5.03751 4.84592 4.17209 9.60771 4.82772 7.04837 4.07498 5.28171 4.4635 3.77434 3.62336 4.21689 3.86572 3.48637 3.12379
threshold=40.500000000000007 869.72000000000014 980.04500000000019 1.3862809842098456 109.47022587268995 2825.1750000000006 217.11000000000004 410.47000000000008 492.07500000000005 604.54000000000008 208.00000000000003 150.47227926078031 776.23500000000013 149.50000000000003 155.50000000000003 28.000000000000004 0.57345326292559917 110.00000000000001 111.50000000000001 16.969199178644768 0.51000000000000012 0.55911335013404495 4.5174537987679679 1733.5350000000001 0.64523785771442466 4.6798927287133552 0.19716530643523575 1.1136205917848911 744.34000000000003 18.720000000000002
decision_type=8 8 8 8 8 10 10 8 8 8 2 10 10 2 2 8 8 2 2 10 10 8 10 10 10 8 10 10 8 10
left_child=13 6 -3 4 5 -4 8 -8 10 -10 11 -2 -11 17 -15 16 28 25 -19 20 -20 23 -23 -17 -21 26 27 -1 -16 -28
right_child=1 2 3 -5 -6 -7 7 -9 9 12 -12 -13 -14 14 15 21 -18 18 19 24 -22 22 -24 -25 -26 -27 29 -29 -30 -31
leaf_value=0.0076681357230562342 -0.044643453981327817 0.057734187394788965 -0.020896858410508885 0.0016399860900778961 -0.067668772041313469 0.026587941981762144 0.0513064675836018 -0.015873563164209136 0.010533937007288895 -0.033453085855251044 0.010225494204606051 0.0096597223621500989 0.015463079006651293 0.055667576237242125 -0.0683954402921923 -0.024315386019675193 0.041961093910412035 -0.061429666670421226 0.0019876371445047098 -0.058149348278495785 -0.014644364393541089 0.017652022256089951 -0.0020902501185358687 0.023965840710570611 0.004032014323696975 -0.029202425467871124 0.042451396710926056 0.03554150474323111 -0.013542412127579976 -0.01077237609982825
leaf_weight=154.33411912294105 19.501837192103274 4.1834570318460456 15.271717395633464 195.13944469857961 3.3264868408441535 4.7947638723999253 3.8914176076650593 5.0578799098730096 14.356216702610256 13.117444079369308 4.022590070962905 3.2387536093592635 3.8475536853075019 6.3375980549026272 5.0686559663154158 18.365766204893593 2.3217027420178047 6.9950507953762999 118.18822148256004 2.4698774293065062 138.16937288176268 89.702829810790718 54.437793010380119 6.4744972810149184 204.48056057468057 7.4525727555155745 2.9494486488401881 13.529629923868923 6.7602835102006802 42.213899474591017
leaf_count=804 138 17 104 793 20 24 17 27 74 73 25 15 16 51 44 70 42 53 549 16 930 408 458 24 1162 34 22 142 62 329
internal_value=6.76367e-06 -0.00263031 0.000650188 -0.000442595 -0.0178151 -0.00955065 -0.0135296 0.0133383 -0.0176692 -0.00728249 -0.029825 -0.0369095 -0.0223592 0.000874801 0.00628197 0.0045729 -0.0240839 -0.000608288 -0.00326884 -0.00239072 -0.00697653 0.00697265 0.0101959 -0.0117311 0.0032899 0.0050669 0.00626579 0.0099147 -0.0370467 -0.00729653
internal_weight=1170 289.75 222.716 218.532 23.393 20.0665 67.0337 8.9493 58.0844 31.3212 26.7632 22.7406 16.965 880.252 189.469 183.132 14.1506 690.783 470.303 463.308 256.358 168.981 144.141 24.8403 206.95 220.48 213.027 167.864 11.8289 45.1633
internal_count=6543 1343 958 941 148 128 385 44 341 163 178 153 89 5200 1159 1108 148 4041 2710 2657 1479 960 866 94 1178 1331 1297 946 106 351
is_linear=0
shrinkage=0.05


Tree=155
num_leaves=18
num_cat=0
split_feature=16 10 20 15 3 20 20 0 17 20 20 1 20 1 13 5 10
split_gain=1.02917 1.91018 3.70681 1.75127 2.86588 1.52421 6.96439 5.30118 4.70942 4.93653 4.8141 4.36087 3.42884 2.7991 2.83448 2.23052 0.794819
threshold=4.6847969562854272 8.9856262833675586 423.50000000000006 38.998973305954834 220.75500000000002 553.50000000000011 665.00000000000011 968.53000000000009 0.10555555555555557 890.50000000000011 785.50000000000011 627.04500000000019 543.00000000000011 11618.200000000003 0.59002197641996645 18.500000000000004 48.969199178644772
decision_type=10 8 2 10 10 2 2 10 10 2 2 8 2 10 10 8 10
left_child=1 2 -1 -2 -5 12 7 11 10 -10 -8 -7 13 14 -3 -9 -15
right_child=3 5 -4 4 -6 6 8 15 9 -11 -12 -13 -14 16 -16 -17 -18
leaf_value=0.045686175412351836 -0.050334595518186857 9.4308022493915238e-05 -0.0060200636935938143 0.035216882536209901 -0.048001213920611296 -0.00014279172673652845 -0.013365670802237526 0.034161599475077478 0.026514717591243825 -0.0034253502669138718 0.00015735292062875881 0.024058809949655438 -0.04988032941279618 0.056361845559172709 -0.0078693443771921685 -0.011520591120868605 0.013543869987457019
leaf_weight=6.6034257579594833 2.7355514876544467 494.87816927628592 7.2958919443190098 2.5094644203782082 1.7602917645126579 25.155441865324974 92.795875220093876 2.9837436806410551 28.497796852141619 26.635252179112285 226.32755599869415 71.571398965083063 3.672393048182129 2.5492298733443013 144.31976785231382 25.583416786510501 1.8854055232368407
leaf_count=37 14 2675 34 27 22 108 549 23 178 166 1193 398 32 19 871 165 32
internal_value=5.29911e-06 0.000120613 0.018545 -0.0191017 0.00090857 -0.000102682 0.00197224 0.0121756 -0.00144364 0.0120504 -0.00377492 0.0177648 -0.00170398 -0.0014291 -0.00170375 -0.00674924 0.0381576
internal_weight=1167.76 1160.75 13.8993 7.00531 4.26976 1146.86 499.55 125.294 374.256 55.133 319.123 96.7268 647.305 643.633 639.198 28.5672 4.43464
internal_count=6543 6480 71 63 49 6409 2780 694 2086 344 1742 506 3629 3597 3546 188 51
is_linear=0
shrinkage=0.05


Tree=156
num_leaves=22
num_cat=0
split_feature=13 10 2 2 13 2 3 20 13 15 13 19 20 20 20 19 16 19 2 19 10
split_gain=1.04567 5.17832 2.60294 7.64006 2.82634 2.19022 5.64735 2.87282 2.00211 4.05986 2.58982 2.28513 2.0183 2.33254 4.90606 4.32545 4.29056 3.19103 2.09212 1.8243 1.34481
threshold=0.99315002814631026 62.02874743326489 1100.8400000000004 1540.0700000000004 1.3186197656498699 733.93500000000006 683.40500000000009 243.00000000000003 0.93135428781665708 28.484599589322382 0.97210891001954935 138.00000000000003 1068.5000000000002 958.50000000000011 913.50000000000011 132.50000000000003 0.19031802213745438 55.500000000000007 1275.3850000000002 119.00000000000001 154.98973305954829
decision_type=10 10 10 8 10 8 10 2 10 10 10 2 2 2 2 2 8 2 8 2 8
left_child=8 2 5 -4 -5 6 7 -2 12 11 -11 -10 13 14 18 -16 19 -18 -1 -15 -13
right_child=1 -3 3 4 -6 -7 -8 -9 9 10 -12 20 -14 16 15 -17 17 -19 -20 -21 -22
leaf_value=0.0021658946293796359 -0.016486761352606412 0.058686912958122894 -0.064508875503601862 -0.020660160639144332 0.038512781235326601 0.034374464460951125 -0.046353575984232523 0.029577442825489016 -0.0078231866820201064 0.044418570536978626 -0.019194833985098692 -0.022981595468902445 0.030240282075365138 0.038384349378540426 0.053380155490581629 -0.0051223404038676845 0.018270256052255362 -0.011387324136879692 -0.0026983098384295683 0.0035307569499990637 -0.063404613432878287
leaf_weight=580.80136422766373 4.7764175711199739 4.4450575294904402 5.084357284009454 3.5064362278208137 4.7539028022438288 7.1725956164300433 4.6348222345113745 11.616461150348185 6.8109522713348296 3.7975756051018825 2.7648323196917772 3.5056096464395496 5.4900954756885758 6.7470490373671064 8.2037413641810399 5.1385517641901961 9.8266957364976388 117.75799886323512 356.89127975422889 8.4644510159268957 4.9809602135792383
leaf_count=3334 29 32 27 27 24 32 25 60 38 36 22 20 25 41 32 23 56 648 1927 49 36
internal_value=5.18044e-06 0.00739452 0.00190655 -0.0162869 0.0133944 0.0105159 0.00237767 0.0161556 -0.000297925 -0.0152814 0.0176174 -0.0293945 2.1531e-08 -0.000151759 0.000742924 0.0308489 -0.00611042 -0.00910307 0.00031455 0.01899 -0.0467068
internal_weight=1167.17 45.9901 41.545 13.3447 8.26034 28.2003 21.0277 16.3929 1121.18 21.8599 6.56241 15.2975 1099.32 1093.83 951.035 13.3423 142.796 127.585 937.693 15.2115 8.48657
internal_count=6543 256 224 78 51 146 114 89 6287 152 58 94 6135 6110 5316 55 794 704 5261 90 56
is_linear=0
shrinkage=0.05


Tree=157
num_leaves=20
num_cat=0
split_feature=15 16 15 20 16 16 10 2 8 20 20 9 5 15 15 12 9 15 20
split_gain=1.00695 2.50348 2.25447 2.74508 2.12034 1.26046 1.71862 4.03368 3.19936 1.92629 6.18454 4.63596 1.37253 1.2114 0.961895 0.78268 1.1448 0.0670127 0.000778092
threshold=92.993839835728963 2.4320093079724812 76.024640657084205 412.50000000000006 1.905595181568571 4.0715709728867635 20.977412731006165 175.60500000000002 10.500000000000002 553.50000000000011 665.00000000000011 25.938398357289532 37.500000000000007 155.48254620123205 98.513347022587283 1.1861155954240292 139.48254620123205 98.513347022587283 536.00000000000011
decision_type=10 8 10 2 10 10 8 10 8 2 2 8 10 10 10 10 8 10 2
left_child=2 4 5 -4 14 6 7 -1 -9 11 -11 -8 -7 15 -2 17 -17 -3 -16
right_child=1 13 3 -5 -6 12 9 8 -10 10 -12 -13 -14 -15 18 16 -18 -19 -20
leaf_value=0.05794110463083546 -0.021175041666184769 0.067716728486438962 0.012826505839558215 -0.059695077472640037 -0.036895280247612315 -0.03805299945118102 -0.026648818279294606 0.0090341816774612178 -0.038231310740845938 0.011999316571165292 -0.0011762796390985954 -0.0013443272877160576 0.0049014280929031472 -0.013431769376966267 0.054127763705564047 -0.033624026689160751 0.051961246107320093 0.053678624816956524 0.051714288866763131
leaf_weight=3.9103664457797995 0.64917640853673253 1.4213452972471698 2.1112178536131969 3.4163448386825621 3.1078929454088211 4.4758140891790381 18.664279783610255 42.706981435418129 3.9078703150153151 118.88603744097054 355.06963581498712 598.95124698709697 3.1817315798252821 1.0229642949998377 0.58001908101141431 0.65566626517102089 0.96696080127730977 2.1153035592287779 0.78718263329938054
leaf_count=20 9 11 22 29 29 24 223 227 23 620 1937 3174 37 26 17 11 37 33 34
internal_value=4.86454e-06 0.0148538 -0.000140459 -0.0319959 -0.0109887 1.26896e-05 0.000148248 0.00916355 0.00507177 -0.000269041 0.00212866 -0.00210903 -0.0202053 0.0362738 0.0289417 0.0461293 0.0173782 0.0593204 0.0527382
internal_weight=1166.59 11.3065 1155.28 5.52756 5.12427 1149.75 1142.1 50.5252 46.6149 1091.57 473.956 617.616 7.65755 6.18224 2.01638 5.15928 1.62263 3.53665 1.3672
internal_count=6543 207 6336 51 89 6285 6224 270 250 5954 2557 3397 61 118 60 92 48 44 51
is_linear=0
shrinkage=0.05


Tree=158
num_leaves=31
num_cat=0
split_feature=7 0 0 19 19 19 20 13 2 13 1 13 19 13 19 19 2 13 15 19 19 9 20 2 12 16 20 12 0 1
split_gain=1.0017 3.95587 4.96671 3.21902 6.57429 5.79545 4.86905 2.89718 3.50814 3.85099 3.44094 3.06558 2.46641 5.32355 5.1762 6.41581 5.30053 7.79341 5.07181 3.5875 9.0472 4.34584 6.52972 4.20724 3.2321 3.79418 4.35167 3.92938 3.1509 2.42227
threshold=38.500000000000007 869.72000000000014 980.04500000000019 203.50000000000003 167.00000000000003 144.50000000000003 724.50000000000011 1.0057422176830142 254.06500000000003 0.030742262812798109 676.36500000000012 0.59002197641996645 149.50000000000003 0.83745446220720776 210.00000000000003 206.50000000000003 330.81000000000006 0.22590224353519228 8.5092402464065717 110.00000000000001 111.50000000000001 19.991786447638606 1058.5000000000002 209.81000000000003 4.6798927287133552 0.19716530643523575 80.000000000000014 1.1136205917848911 404.18000000000006 1168.5300000000002
decision_type=8 8 8 2 2 2 2 10 8 10 8 10 2 10 2 2 8 10 8 2 2 10 2 10 8 10 2 10 8 8
left_child=12 7 -3 4 5 -4 -6 8 9 -2 -10 -12 19 14 15 18 17 -16 -14 24 -21 22 -22 -23 25 27 -27 -1 -18 -15
right_child=1 2 3 -5 6 -7 -8 -9 10 -11 11 -13 13 29 16 -17 28 -19 -20 20 21 23 -24 -25 -26 26 -28 -29 -30 -31
leaf_value=0.0071124859495565384 0.053566998004890044 0.054279281343484392 -0.0032588313517719785 0.022068913193724837 -0.010507077112010975 0.019191982415169256 -0.058744119327950754 0.030714273019799204 0.015470898207521769 -0.01399541764039699 -0.019518082434555571 -0.05446859247537561 -0.010767522108718938 0.0051805943809624935 -0.0066103725393247895 0.060174329582083547 -0.050308965813147422 0.062626960680797095 0.013203368760194038 -0.060753490695551471 -0.0078560355353919555 -0.017451059477813918 0.038514950252579991 0.0058199791645719796 -0.027708935912825951 -0.039218843243917154 0.00047978868276813503 0.035732314624765026 -0.013339626582248749 0.053295303021133111
leaf_weight=154.30307867564261 3.5744850896298868 4.2341570965945712 145.40178027190268 14.867801800370215 15.210459332913162 35.828010014258325 7.9740378744900218 3.5466416180133811 5.9303939603269091 5.1448302716016769 40.834041360765696 7.4130024611949912 29.912099454551935 3.8304187380708727 17.172827674075965 5.9498329861089578 7.4535281364805988 5.3244580877944818 84.131345655536279 6.6863539293408385 251.6170357670635 21.76220029219985 7.8279318232089272 180.65472497651353 7.4186401516199103 8.5037280051037651 36.67477064486593 13.003753887955098 25.420113375410438 8.2493164681363851
leaf_count=804 18 17 639 58 64 150 36 14 33 38 245 38 173 27 79 46 55 25 475 53 1458 116 43 1040 34 57 294 141 175 98
internal_value=4.98898e-06 -0.00254228 0.000641871 -0.000393823 -0.00202762 0.00117956 -0.0270976 -0.0132538 -0.0157331 0.0137018 -0.0204703 -0.0248881 0.000848245 0.00593308 0.00372155 0.00955691 -0.00892415 0.00977611 0.00691612 -0.000536197 -0.00300888 -0.00217292 -0.00645694 0.00331807 0.00473234 0.00586498 -0.00699249 0.00933693 -0.0217218 0.0380384
internal_weight=1165.86 289.96 223.516 219.282 204.414 181.23 23.1845 66.4434 62.8968 8.71932 54.1774 48.247 875.896 187.444 175.364 119.993 55.3709 22.4973 114.043 688.452 468.548 461.862 259.445 202.417 219.904 212.485 45.1785 167.307 32.8736 12.0797
internal_count=6543 1350 964 947 889 789 100 386 372 56 316 283 5193 1153 1028 694 334 104 648 4040 2710 2657 1501 1156 1330 1296 351 945 230 125
is_linear=0
shrinkage=0.05


Tree=159
num_leaves=31
num_cat=0
split_feature=2 1 2 1 2 0 1 20 20 5 15 20 20 13 11 11 20 19 11 3 3 13 1 19 20 20 3 11 0 2
split_gain=1.02244 3.01997 5.72259 4.5304 4.29966 4.70525 3.26531 3.02802 2.7056 2.60736 2.58439 2.77345 2.63474 2.5574 3.3126 4.16273 3.95785 3.49306 2.27986 2.26345 3.5215 2.22994 2.18163 2.07524 2.03352 4.52038 7.10375 7.72382 6.5432 4.08594
threshold=1304.5000000000002 869.72000000000014 393.99000000000007 1781.9900000000002 972.79500000000019 1202.6100000000004 1168.5300000000002 757.50000000000011 454.00000000000006 -1.0000000180025095e-35 44.517453798767974 597.00000000000011 285.50000000000006 0.53797997660821462 10.51334702258727 22.981519507186864 444.50000000000006 74.000000000000014 42.513347022587276 3648.8000000000006 2681.7400000000002 0.73108582379542597 1179.6550000000002 132.50000000000003 1043.5000000000002 958.50000000000011 351.63500000000005 22.981519507186864 282.52500000000003 273.67500000000001
decision_type=10 10 8 10 8 10 10 2 2 10 10 2 2 10 8 8 2 2 10 8 10 10 10 2 2 2 10 8 8 8
left_child=1 24 3 22 5 23 8 -8 -6 10 18 12 -12 14 -11 16 -16 -17 19 20 -2 -21 -3 -4 25 -1 28 -28 -27 -26
right_child=9 2 4 -5 6 -7 7 -9 -10 13 11 -13 -14 -15 15 17 -18 -19 -20 21 -22 -23 -24 -25 29 26 27 -29 -30 -31
leaf_value=0.00040048097312910268 -0.011753570035707657 -0.013901146627378536 0.021341851201132914 0.017202964094417423 0.01217632056590902 -0.0041944981730085316 0.0097843823989445453 0.054480523752777101 -0.033167526337439607 -0.053918864559612457 -0.014163519277544596 -0.019696599610816747 0.049180806965243372 0.034256937669134117 -0.0083769932858000305 -0.053366244332791912 0.056096149567266142 0.0048230233027771498 0.024139142230689387 -0.007414369994583188 -0.049855049010865488 0.020207864508642766 -0.054647226612820211 0.06136789046511032 -0.012815407190154124 0.001702656368969402 -0.028890242952290458 0.054141345451901857 -0.031172096523951032 0.020987034563345851
leaf_weight=796.43231525924057 75.446832509711385 9.3211353942751902 4.5297635234892395 8.8472574949264509 6.2084847455844265 5.3663964718580237 17.343906559981409 4.8486189618706694 6.9977951198816299 2.4488717485219249 2.2631329223513585 3.8332617972046128 5.9771875301375985 7.7038491724524638 3.8684762013144773 3.6121793715283301 6.1878982465714216 9.0172868855297548 5.041539514437317 26.889934775419533 6.5944014983251682 10.032728264108298 5.073015756905078 11.358813390135763 12.927852148190139 24.189013045281172 4.4749566875398141 7.4865866452455521 40.440787993371487 28.981287658214569
leaf_count=4269 512 37 19 33 43 21 87 21 34 17 25 45 54 148 25 36 35 113 38 134 35 56 22 47 75 140 24 35 213 150
internal_value=4.59505e-06 0.000615287 0.00993778 -0.0109547 0.0185086 0.0362847 0.00783506 0.0195496 -0.0118507 -0.00359203 -0.00664364 0.0154392 0.0317838 0.00905348 0.00132855 0.00729236 0.0312947 -0.0118198 -0.00879371 -0.0101894 -0.0148161 9.12201e-05 -0.0282615 0.0499566 -0.000198786 -0.000715251 -0.0123172 0.0230782 -0.0188681 0.0105599
internal_weight=1163.75 994.828 79.8952 23.2414 56.6538 21.255 35.3988 22.1925 13.2063 168.918 136.079 12.0736 8.24032 32.8386 25.1347 22.6858 10.0564 12.6295 124.005 118.964 82.0412 36.9227 14.3942 15.8886 914.933 873.024 76.5913 11.9615 64.6298 41.9091
internal_count=6543 5270 364 92 272 87 185 108 77 1273 899 124 79 374 226 209 60 149 775 737 547 190 59 66 4906 4681 412 59 353 225
is_linear=0
shrinkage=0.05


Tree=160
num_leaves=30
num_cat=0
split_feature=5 16 20 1 20 7 6 7 11 20 10 10 16 9 9 17 9 5 16 20 9 3 20 20 13 13 2 8 20
split_gain=0.997381 1.87476 4.1438 4.17731 3.75713 4.03376 3.50697 2.79379 2.57146 2.52694 2.07372 5.13446 4.45791 5.18911 4.99989 2.94743 2.59528 4.36666 5.55797 3.652 3.5985 1.66798 1.39825 1.04632 0.438176 0.00171021 0.000254674 0.000169619 2.64243e-05
threshold=60.500000000000007 0.90641467628013916 446.50000000000006 295.35000000000008 135.50000000000003 1.5000000000000002 58.500000000000007 1.0000000180025095e-35 2.4969199178644765 589.00000000000011 35.99178644763861 34.496919917864481 0.29024209192716138 88.476386036960989 37.486652977412739 0.82910052910052923 60.50102669404518 20.500000000000004 0.27014031555977874 1068.5000000000002 63.474332648870643 348.51500000000004 263.50000000000006 589.00000000000011 0.42559892244174441 0.29136929374291948 1351.8100000000002 41.500000000000007 1026.0000000000002
decision_type=10 10 2 8 2 8 10 10 10 2 8 10 8 10 8 8 8 10 10 2 8 10 2 2 10 10 10 10 2
left_child=1 10 4 -4 5 -3 22 8 -5 -9 11 12 14 -14 -1 -13 17 18 -12 20 -18 23 -6 -2 -19 -23 -27 28 -28
right_child=21 2 3 7 6 -7 -8 9 -10 -11 16 15 13 -15 -16 -17 19 24 -20 -21 -22 25 -24 -25 -26 26 27 -29 -30
leaf_value=-0.0045630670793940804 0.021990888573065956 -0.052666135567464606 0.019486748479436104 -0.0323223207274295 0.023976847805984303 0.019100782530149074 -0.016659258106905772 -0.084139689920634572 0.0026200084962960703 -0.029000114992869891 -0.0059215017070272033 0.074728131132662176 0.011713622823884549 -0.027458700901804717 -0.060076793635759032 0.016549709342858057 0.027685187462845387 0.053852842212835365 -0.045459507489748099 0.047250788728717352 -0.00018518520031307359 0.055373737841692354 0.066469078818363336 -0.030000147260753087 0.019666873880405986 0.052486294288525581 0.050485570472181246 0.052203428828433776 0.05116792838597313
leaf_weight=34.839710615575314 2.2654141541570421 3.8726219609379795 5.8788763042539349 11.880612351000314 3.6000028755515796 3.9601636631414294 3.0180633664131165 3.3940697032958251 9.4558239886537176 5.3578746328130364 106.60931965010241 3.9586180485784981 103.36767893657088 9.2072790190577489 4.5904328115284434 4.8371529690921315 11.750944493338464 2.825241105630993 9.6969303768128139 4.1479508010670534 804.59799289237708 0.44753282237798009 4.188497519120574 1.6893495442345736 1.4027071204036472 1.0347526068799195 0.29906645615119476 0.3538455106317997 0.26994138211011887
leaf_count=245 32 23 32 78 29 28 24 21 71 42 743 20 512 41 44 24 64 40 58 17 4176 9 42 22 16 30 35 13 12
internal_value=4.4485e-06 -0.000104147 -0.00914724 -0.0190626 0.00998585 -0.0163816 0.0290975 -0.0265946 -0.0168367 -0.0503837 0.000344027 0.00559145 0.00344222 0.0085098 -0.0110259 0.0427334 -0.000552638 -0.00740347 -0.00921795 0.000453776 0.000215995 0.0197507 0.0468283 -0.000218032 0.042511 0.0525852 0.0519477 0.0513438 0.0508093
internal_weight=1162.8 1156.44 54.6066 35.9673 18.6393 7.83279 10.8066 30.0884 21.3364 8.75194 1101.83 160.801 152.005 112.575 39.4301 8.79577 941.031 120.534 116.306 820.497 816.349 6.3599 7.7885 3.95476 4.22795 2.40514 1.95761 0.922853 0.569008
internal_count=6543 6390 390 244 146 51 95 212 149 63 6000 886 842 553 289 44 5114 857 801 4257 4240 153 71 54 56 99 90 60 47
is_linear=0
shrinkage=0.05


Tree=161
num_leaves=24
num_cat=0
split_feature=10 10 11 13 3 3 10 19 2 16 15 3 0 11 15 6 16 6 19 17 20 20 19
split_gain=0.984058 2.44917 2.98435 5.76415 3.1533 3.10782 1.39087 1.31991 1.2618 1.11756 4.79259 4.85421 6.11437 3.67934 6.02467 3.36029 6.40516 3.23011 3.1409 3.33375 3.07918 2.9965 2.82812
threshold=178.97330595482549 108.96098562628337 48.49281314168379 0.421691154856011 268.24000000000007 127.30500000000002 234.98973305954829 129.00000000000003 1996.9050000000002 0.18083128834974702 3.4825462012320334 600.92500000000007 1030.5450000000003 3.4989733059548258 1.0092402464065711 3.5000000000000004 0.2653524998975807 12.500000000000002 67.000000000000014 0.16954022988505749 67.000000000000014 5.0000000000000009 55.500000000000007
decision_type=10 10 8 10 10 10 10 2 10 10 10 8 10 10 8 8 8 8 2 8 2 2 2
left_child=1 9 3 -3 5 -4 -2 -6 -5 10 13 17 -13 22 -15 16 -11 -12 19 -17 -18 -20 -1
right_child=6 2 4 8 7 -7 -8 -9 -10 15 11 12 -14 14 -16 18 20 -19 21 -21 -22 -23 -24
leaf_value=0.0097687170869370163 0.040584525058266367 -0.060014481341781313 -0.042860793572580172 0.016182575779782965 -0.030683192850023397 0.047423157119791996 -0.0079753790139271419 -0.07595735363087254 0.079313130949541108 -0.05190264755530382 -0.024709123610170036 -0.055532880300203591 0.0058031099089683154 -0.0019607834162251171 -0.028015564096621877 0.020356267308369643 -0.038495430411194312 0.021078300885509989 0.040163600784216734 -0.031524613244201416 0.038969068297711087 -0.0047917208584843957 -0.00013403772474936753
leaf_weight=80.185005637817085 3.4992040714714667 1.7960522007197122 1.96679558418691 1.4032808984629812 2.847310695797205 1.8495226264931259 2.5485763908363879 3.7041270025074482 1.8155076280236242 2.804684828966856 4.0970005840063095 5.2618086701259044 17.835851236712188 86.245856982655823 29.871509824879467 3.6715497188270119 1.4307411354966486 64.363276624120772 3.8599126907065502 19.766736432909966 12.409023638349025 93.411790367914364 714.90230809338391
leaf_count=363 36 22 26 22 26 17 29 29 20 18 21 55 137 588 220 26 18 411 24 149 172 653 3461
internal_value=4.71552e-06 -0.000100572 -0.0199183 0.0117478 -0.0352351 0.000893998 0.020121 -0.0562808 0.0517904 0.000166812 0.000746178 0.0116509 -0.00816966 -0.000349533 -0.00866345 -0.00406288 0.0169979 0.0183382 -0.0069669 -0.0233976 0.0309609 -0.00300781 0.000864661
internal_weight=1161.55 1155.5 15.3826 5.01484 10.3678 3.81632 6.04778 6.55144 3.21879 1140.12 1002.76 91.5579 23.0977 911.205 116.117 137.354 16.6444 68.4603 120.71 23.4383 13.8398 97.2717 795.087
internal_count=6543 6478 162 64 98 43 65 55 42 6316 5256 624 192 4632 808 1060 208 432 852 175 190 677 3824
is_linear=0
shrinkage=0.05


Tree=162
num_leaves=21
num_cat=0
split_feature=9 9 9 9 3 5 19 9 10 12 10 16 10 9 19 17 2 19 0 20
split_gain=0.970079 1.67056 1.4176 5.40883 2.82758 3.10526 3.57631 2.49744 3.50667 4.82772 2.93244 3.57021 2.09405 2.43219 1.87268 1.77688 1.666 1.62612 1.60246 0.0255858
threshold=264.00000000000006 325.99589322381934 109.47022587268995 115.99178644763862 14448.665000000003 154.50000000000003 53.500000000000007 96.509240246406577 106.0205338809035 1.4660729496107769 79.967145790554426 1.2700563632532662 97.478439425051349 46.505133470225879 226.50000000000003 0.58957219251336912 3431.5000000000005 129.00000000000003 484.23500000000007 454.00000000000006
decision_type=10 10 10 10 8 8 2 10 10 10 10 10 10 10 2 10 10 2 10 2
left_child=2 19 7 -4 5 16 -7 8 12 15 11 17 14 -14 -1 -10 -5 -9 -6 -2
right_child=1 -3 3 4 18 6 -8 10 9 -11 -12 -13 13 -15 -16 -17 -18 -19 -20 -21
leaf_value=0.00029308046377238625 0.053306551293637053 -0.0024608872450190607 -0.056861871161056156 0.047111928537292597 0.0057610058873917925 -0.057830799603499572 -0.0068338491803072408 -0.03983746870409563 -0.069909544450474426 0.034350057486041155 0.05790664982904014 0.049870511059682217 0.055914230686696501 -0.0027463006337057599 -0.02172606924639205 -0.012812911577598085 -0.013721084095500297 0.0080919397974473541 0.063463804188432352 0.065074189973263905
leaf_weight=1064.6684821532108 0.87033712130505481 2.6204670621082187 5.1399511378258458 3.7060938221402466 2.5075945109128943 3.8483362495899192 32.229880180675536 3.1115199588239175 4.5858039832673949 2.0915941894054413 3.91162534803152 3.3520178720355034 3.6336445435881606 3.4398113787174225 9.7445058356970531 1.9386864900588987 1.6163328010588882 4.1034908788278699 2.312999275047332 0.98432322102598846
leaf_count=5777 24 17 32 91 10 26 209 20 60 9 31 26 24 19 50 9 34 23 31 21
internal_value=5.15148e-06 0.0232396 -8.47985e-05 -0.00820488 -0.00279406 -0.00701398 -0.0122735 0.000292772 1.87726e-05 -0.0317529 0.0209223 0.00723164 0.000271894 0.0273877 9.33754e-05 -0.0529439 0.028638 -0.0125779 0.0334477 0.059552
internal_weight=1160.42 4.47513 1155.94 51.3612 46.2212 41.4006 36.0782 1104.58 1090.1 8.61608 14.4787 10.567 1081.49 7.07346 1074.41 6.52449 5.32243 7.21501 4.82059 1.85466
internal_count=6543 62 6481 433 401 360 235 6048 5948 78 100 69 5870 43 5827 69 125 43 41 45
is_linear=0
shrinkage=0.05


Tree=163
num_leaves=18
num_cat=0
split_feature=20 1 1 8 19 9 15 2 2 2 12 19 19 1 19 3 2
split_gain=0.943251 3.74362 2.84515 3.50974 3.04725 2.70433 2.65585 2.23474 1.58497 1.6882 1.60521 1.13631 1.72748 4.17361 3.43186 1.50043 2.02221
threshold=13.500000000000002 278.31500000000005 390.76000000000005 3.5000000000000004 200.00000000000003 73.018480492813154 48.99281314168379 588.46000000000015 13.865000000000002 24.100000000000005 0.010773998096376915 19.500000000000004 39.500000000000007 538.18500000000006 43.500000000000007 5.6700000000000008 355.07500000000005
decision_type=2 8 8 10 2 8 8 10 8 8 10 2 2 10 2 10 8
left_child=1 -1 -3 4 7 -5 -7 -4 10 -10 -2 15 13 -13 -14 -11 -17
right_child=8 2 3 5 -6 6 -8 -9 9 11 -12 12 14 -15 -16 16 -18
leaf_value=-0.054798165125716808 -0.00079177447249455647 0.040618209515262321 -0.016143416723760667 0.042868451199447342 0.018161307989863356 0.020734689561168286 -0.035045620199449963 -0.054637571543020062 -0.028490757797369877 -0.015368838760361379 0.029681949909043322 -0.0029543146984789765 0.025553673553847758 -0.040566412192718448 0.00020041480910670524 0.054482347642004929 0.0070520744600426066
leaf_weight=3.7400319203734389 8.1793893203139323 3.4893130287528029 19.78537983447314 5.2177263200283024 5.3564105210825792 5.1029735961928973 3.6676751673221579 4.6579429488629094 5.1487228125333777 3.0616181641817084 9.1616979241371137 56.282501569017768 13.528997299727051 8.487905237823723 995.33785732532851 3.59526037238538 5.9937429092824468
leaf_count=21 31 15 105 36 30 31 17 34 21 12 34 312 83 52 5639 25 45
internal_value=4.80008e-06 -0.00664266 -0.00283317 -0.00629565 -0.0159942 0.0143654 -0.0025913 -0.0234789 0.000310665 7.23798e-05 0.0153082 0.000207762 3.22231e-05 -0.00788323 0.000540404 0.0151054 0.0248354
internal_weight=1159.8 51.0175 47.2774 43.7881 29.7997 13.9884 8.77065 24.4433 1108.78 1091.44 17.3411 1086.29 1073.64 64.7704 1008.87 12.6506 9.589
internal_count=6543 289 268 253 169 84 48 139 6254 6189 65 6168 6086 364 5722 82 70
is_linear=0
shrinkage=0.05


Tree=164
num_leaves=18
num_cat=0
split_feature=16 15 3 20 1 1 8 2 9 2 12 12 1 12 12 12 19
split_gain=0.938743 1.48831 2.63026 1.09352 3.58912 3.61806 2.99958 2.84294 2.58078 1.39855 1.58649 6.13795 4.74767 3.9616 2.38834 1.44106 1.09278
threshold=4.6847969562854272 38.998973305954834 220.75500000000002 13.500000000000002 319.78000000000003 407.73000000000008 3.5000000000000004 228.24000000000004 48.509240246406577 13.865000000000002 0.26163574482307356 0.18625429244230393 426.89500000000004 0.31338139750892641 0.4257366100830326 0.010773998096376915 125.50000000000001
decision_type=10 10 10 2 8 8 8 10 8 8 8 10 10 8 8 10 2
left_child=3 -2 -3 4 -1 -6 8 -8 -7 15 11 12 -11 -12 -15 -5 -13
right_child=1 2 -4 9 5 6 7 -9 -10 10 13 16 -14 14 -16 -17 -18
leaf_value=-0.050513646777078459 -0.047026803294914175 0.034361817928523178 -0.046150321657744783 -0.00075215562703929723 0.048380681211817614 0.009464309114342739 -0.01242108716279907 0.019850825190973073 -0.038146060138906951 -0.025700192136704131 0.03869087756506729 -0.026372679250860256 0.012902263934612036 -0.019432095017162282 0.00066024907510013782 0.028097488501500872 -0.059976504793630481
leaf_weight=4.3540431261062613 2.7364436388015738 2.408290053717792 1.7526744548231361 8.1797144562006014 3.1870191544294348 3.8968619201332304 14.427771698683502 12.949258009903131 10.558391296304762 11.718222431838511 6.7880448177456847 4.5664322823286039 24.869020015001297 15.008358933031557 1017.662395686144 9.1935674697160703 5.145425021648407
leaf_count=24 14 27 22 31 13 25 63 77 76 53 27 20 94 62 5859 34 22
internal_value=4.42935e-06 -0.0183865 0.00044863 0.000114494 -0.00716548 -0.00297306 -0.00688547 0.00284344 -0.0253112 0.000440327 0.000215126 -0.00884094 0.000538606 0.000618497 0.000368236 0.0145145 -0.0441763
internal_weight=1159.4 6.89741 4.16096 1152.5 49.3733 45.0193 41.8323 27.377 14.4553 1103.13 1085.76 46.2991 36.5872 1039.46 1032.67 17.3733 9.71186
internal_count=6543 63 49 6480 278 254 241 140 101 6202 6137 189 147 5948 5921 65 42
is_linear=0
shrinkage=0.05


Tree=165
num_leaves=31
num_cat=0
split_feature=10 15 8 2 9 10 13 13 9 13 19 3 3 5 12 2 11 2 20 9 20 9 3 9 20 19 19 10 20 9
split_gain=0.923567 2.73889 7.43681 7.65512 5.15118 4.20393 4.19527 4.02503 3.12171 6.11932 5.2042 4.75292 3.26109 2.92784 2.85852 3.2404 4.46326 3.535 2.97745 2.632 2.5429 2.47623 3.69135 4.62363 4.56824 5.65229 5.18707 4.30545 3.48775 3.78457
threshold=38.02874743326489 50.480492813141687 3.5000000000000004 196.02500000000003 60.50102669404518 34.496919917864481 0.79747236308163305 0.54234069827972975 57.494866529774136 0.88294888580305686 122.00000000000001 147.13000000000002 13.630000000000001 37.500000000000007 1.0066804499626492 854.40000000000009 12.501026694045176 1275.3850000000002 476.50000000000006 42.480492813141687 444.50000000000006 60.50102669404518 206.65000000000003 58.496919917864481 201.50000000000003 39.500000000000007 144.50000000000003 59.022587268993846 1068.5000000000002 63.474332648870643
decision_type=8 8 10 10 10 10 10 10 10 10 2 8 10 10 10 10 8 8 2 10 2 8 8 8 2 2 2 8 2 8
left_child=1 4 8 -4 14 6 13 -5 10 11 12 -10 -3 -6 15 16 -1 -17 -16 -9 -12 22 23 24 26 -26 -2 -24 29 -23
right_child=21 2 3 7 5 -7 -8 19 9 -11 20 -13 -14 -15 18 17 -18 -19 -20 -21 -22 28 27 -25 25 -27 -28 -29 -30 -31
leaf_value=0.0030598314951055423 0.048247127503942791 0.044942589816637811 -0.046628181462207888 0.054297852258719352 -0.06112284970921248 0.022782593401377671 0.0074529066250404149 0.052349361947100471 -0.013147785950293917 -0.016561930951921548 -0.058084108673199956 0.04319232685413809 -0.0035263878165287151 -0.0044467941292826883 -0.0091005339252716259 0.050713917188920078 -0.025698788732204665 -0.00040277214742718442 0.053220082723968533 0.0080997909746311735 -0.01656143829719986 0.029622780351773223 -0.00023568908383063002 -0.046752339429357082 -0.051497985826648496 0.0035093590681397405 -0.018867686773932371 -0.030753307742124786 0.045510102402459368 -0.00038207475967223223
leaf_weight=50.993518464267254 10.104781776666639 4.1225289553403881 3.1935762688517562 14.348561463877557 10.435649938881403 3.8628004845231763 4.4200306357815853 4.4446490257978466 5.0496493158862057 12.165281616151331 5.9458107091486445 14.470980757847427 21.937139682471752 2.9152804743498555 3.0062308181077224 6.0284030660986874 18.344886342063546 7.7052816860377797 5.2874252740293741 13.777517416514454 9.7066887579858285 10.646444555371998 19.642253084108233 4.7496132720261803 5.4055887451395384 34.32164890691638 4.0258825570344916 28.078356119338423 4.2322759665548793 815.75118118943647
leaf_count=292 56 19 15 75 84 25 31 21 38 56 36 71 103 16 22 38 161 56 30 71 58 61 122 26 43 262 29 238 19 4369
internal_value=3.93352e-06 0.00290238 0.00855077 0.0272466 -0.00255421 -0.0244929 -0.034769 0.03449 -0.000559041 0.011272 -0.00954627 0.0286181 0.0041412 -0.0487472 0.00264048 -0.000153955 -0.00454885 0.0220349 0.0306305 0.0188929 -0.0323344 -0.000683317 -0.00786762 0.000538875 0.00470939 -0.00397536 0.0291258 -0.018192 0.00023634 4.47648e-06
internal_weight=1159.12 222.162 109.162 35.7643 113 21.6338 17.771 32.5707 73.3981 31.6859 41.7122 19.5206 26.0597 13.3509 91.3657 83.0721 69.3384 13.7337 8.29366 18.2222 15.6525 936.958 106.328 58.6075 53.8579 39.7272 14.1307 47.7206 830.63 826.398
internal_count=6543 1318 563 182 755 156 131 167 381 165 216 109 122 100 599 547 453 94 52 92 94 5225 776 416 390 305 85 360 4449 4430
is_linear=0
shrinkage=0.05


Tree=166
num_leaves=28
num_cat=0
split_feature=12 2 2 5 15 1 9 17 12 12 1 17 1 1 1 3 8 10 3 2 12 2 19 19 1 15 3
split_gain=0.928879 4.32888 6.20681 4.40213 5.29639 5.94086 6.21463 4.10773 2.53678 5.71043 3.35369 3.04179 2.42876 4.26885 3.57855 4.86311 2.95124 2.69957 2.16155 2.08627 3.24867 1.99823 3.08245 2.41897 1.77811 1.63894 0.262208
threshold=0.99999828385692868 355.07500000000005 254.06500000000003 42.500000000000007 67.018480492813154 40014.955000000009 114.48049281314169 0.73798627002288331 0.26163574482307356 0.18625429244230393 457.54000000000002 0.72850122850122856 163.34 170.10500000000005 209.64000000000001 70.800000000000011 3.5000000000000004 21.043121149897335 52.100000000000009 323.7050000000001 0.46481369631650099 219.50000000000003 131.00000000000003 138.00000000000003 896.42000000000019 3.9876796714579057 482.94000000000005
decision_type=8 10 10 8 8 8 8 8 10 10 10 8 8 8 8 10 10 10 10 10 10 8 2 2 10 10 10
left_child=1 2 8 -3 25 7 -7 -6 9 24 11 -10 18 -14 15 16 -15 -17 -2 20 -4 22 -16 -23 -1 -5 -27
right_child=12 3 19 4 5 6 -8 -9 10 -11 -12 -13 13 14 21 17 -18 -19 -20 -21 -22 23 -24 -25 -26 26 -28
leaf_value=0.0070570530478754811 -0.051953571671375764 -0.031124171647205552 -0.011148673720210733 0.021784702159627928 -0.020992920311800944 0.012750289866113335 -0.071742582751172249 0.024972835386948958 -0.021217629223159076 -0.044541272833733936 0.042674638290447119 0.013908912408210284 0.043757895967156221 -0.023479926373704562 0.00054325643007930213 -0.02450378967058435 0.032498418396467103 -0.079072813603843772 0.0053858705237671625 -0.009929848347236446 -0.071280217207247337 0.0020732914431146718 0.022457955550236965 -0.003225124414897747 -0.013965401290432791 0.071369288432126962 0.052676197212090471
leaf_weight=38.380557999014854 4.2997556664049617 5.0658279284834862 3.7897534668445569 3.9073894992470724 5.6702020578086367 4.6092796195298407 4.1229309402406225 34.032640136778355 8.2402975894510728 7.7180132120847693 7.2351754605770102 24.448932100087404 5.4438779130578032 4.9958560355007666 48.800505511462688 5.2365223011001927 4.453409019857645 3.9959111870266497 2.6606612708419561 6.5361484922468653 5.5146479345858097 386.68990169628523 23.906565044075251 486.35405493620783 13.630647882819174 3.6305031217634678 3.8817376382648945
leaf_count=154 30 39 15 19 25 22 23 129 35 34 27 111 22 27 307 36 21 23 21 27 30 2359 128 2785 54 20 20
internal_value=3.63419e-06 0.00329981 -0.00250693 0.0136301 0.0174179 0.0101959 -0.0271432 0.0184082 0.00211435 -0.00440779 0.0118719 0.00505422 -0.000605146 -0.000393938 -0.000643159 -0.0223136 0.00290249 -0.0481219 -0.0300352 -0.0315796 -0.0467882 -0.000215096 0.00774895 -0.000878342 0.00154767 0.0480491 0.0617102
internal_weight=1157.25 180.415 115.494 64.9205 59.8547 48.4351 8.73221 39.7028 99.6536 59.7292 39.9244 32.6892 976.837 969.877 964.433 18.6817 9.44927 9.23243 6.96042 15.8405 9.3044 945.751 72.7071 873.044 52.0112 11.4196 7.51224
internal_count=6543 784 487 297 258 199 45 154 415 242 173 146 5759 5708 5686 107 48 59 51 72 45 5579 435 5144 208 59 40
is_linear=0
shrinkage=0.05


Tree=167
num_leaves=25
num_cat=0
split_feature=8 17 1 15 17 3 20 19 19 11 5 17 20 20 8 12 2 19 19 19 20 1 17 20
split_gain=0.917085 2.24738 3.49714 4.09569 1.54692 1.16212 3.60404 3.28497 3.06864 8.36911 6.3436 5.08624 4.36612 3.37379 2.0882 4.68561 6.55918 3.89851 12.6025 4.56587 2.98709 1.10857 1.09734 0.0317215
threshold=25.500000000000004 0.59175084175084181 417.56000000000006 7.9671457905544161 0.94558823529411773 134.38000000000002 1.0000000180025095e-35 24.500000000000004 144.50000000000003 34.97330595482547 8.5000000000000018 0.69309262166405039 184.50000000000003 999.00000000000011 1.0000000180025095e-35 0.47464262589030198 45.63000000000001 150.50000000000003 144.50000000000003 210.00000000000003 152.50000000000003 254.65000000000003 0.40394736842105267 625.50000000000011
decision_type=10 10 8 10 10 8 2 2 2 10 8 10 2 2 8 8 10 2 2 2 2 10 8 2
left_child=5 21 -3 -4 23 7 -7 -1 10 13 12 -12 -9 -10 17 16 -16 18 -8 -19 -17 -2 -11 -5
right_child=1 2 3 4 -6 6 14 8 9 22 11 -13 -14 -15 15 20 -18 19 -20 -21 -22 -23 -24 -25
leaf_value=0.036695709334239476 0.055365085192772515 0.052060742653642605 -0.046105827424590573 0.042772729257305832 -0.020152534209237825 -0.05731900908203489 0.0029423051084753655 0.057174207183431164 0.0083323053117919429 -0.081666651401623339 -0.013718210429113156 0.035876054901876023 0.0043316385543998182 -0.040645387602317361 0.011016971858836008 0.0090492507570499228 -0.041230057400688309 0.020913365000466505 -0.05529431271739188 -0.0066400595845137276 -0.0019075780727245591 0.014569615684525281 -0.037797897029833612 0.055150337106510343
leaf_weight=5.1093166368082157 3.2074489425867823 2.2881413847207996 5.0601446479558945 0.85424379701726216 1.2177277207374571 2.6661339215934268 296.36353303398937 5.2690929230302599 94.963227536529303 2.0865471102297297 136.4792093988508 5.3733398653566828 15.144051431678234 3.651289787143468 9.5037673935294169 74.368358050473034 16.32716229557991 57.168403420830145 9.5903448113240284 20.400672058109194 380.29588227509521 3.4633440673351288 4.4995725508779287 1.3136280523613093
leaf_count=34 25 8 26 27 14 15 1680 27 558 19 925 34 107 19 37 339 68 344 52 128 1975 17 44 21
internal_value=3.13128e-06 0.0113938 -0.00277018 -0.0176251 0.0249424 -0.000170886 0.00072468 -0.00301844 -0.00377708 0.00287431 -0.00808933 -0.0118396 0.0179715 0.00651886 0.000903788 -0.00129228 -0.0220072 0.00365512 0.00111684 0.0136668 -0.000115395 0.0341849 -0.0516959 0.050273
internal_weight=1156.66 17.4047 10.7339 8.44574 3.3856 1139.26 866.684 272.576 267.466 105.201 162.266 141.853 20.4131 98.6145 864.018 480.495 25.8309 383.523 305.954 77.5691 454.664 6.67079 6.58612 2.16787
internal_count=6543 138 96 88 62 6405 4638 1767 1733 640 1093 959 134 577 4623 2419 105 2204 1732 472 2314 42 63 48
is_linear=0
shrinkage=0.05


Tree=168
num_leaves=30
num_cat=0
split_feature=13 9 9 3 2 0 2 2 9 13 15 13 1 11 7 13 1 0 1 12 8 13 2 13 2 0 0 7 9
split_gain=0.905817 2.36493 5.60128 3.59787 4.43532 3.63979 5.10175 6.50342 2.91068 1.96593 4.6647 2.37384 3.56915 2.64613 2.57596 2.25216 3.1575 2.43492 1.9199 1.85712 3.58688 1.67871 5.57852 2.71856 1.40642 1.37206 1.21705 1.14833 0.596223
threshold=0.99315002814631026 104.49281314168378 75.466119096509246 683.40500000000009 375.44500000000005 968.53000000000009 1143.1600000000001 1540.0700000000004 53.470225872689944 0.88732903190957158 54.02874743326489 0.83272560437672116 339.46000000000009 3.4989733059548258 2.5000000000000004 0.94482302127343021 53324.935000000005 450.72500000000008 121.50000000000001 1.1543262105227996 1.0000000180025095e-35 0.68794453452925308 515.08000000000015 0.6762379970242447 534.50000000000011 625.15000000000009 244.15500000000003 3.5000000000000004 55.474332648870643
decision_type=10 8 8 10 10 10 8 8 10 10 8 10 10 8 8 10 8 10 8 10 8 10 10 10 10 10 10 8 10
left_child=9 2 8 4 26 -5 -7 -8 -2 11 15 18 13 -13 -15 16 -11 -18 -1 24 -21 23 -23 -20 28 -22 -3 -14 -12
right_child=1 3 -4 5 -6 6 7 -9 -10 10 19 12 27 14 -16 -17 17 -19 21 20 25 22 -24 -25 -26 -27 -28 -29 -30
leaf_value=-0.042863657452492071 0.023658062497977129 0.019719763725710257 0.052323601343983978 -0.048696304557383087 0.064509520882894952 0.053289313761574142 -0.07704037401004081 0.012755505285991224 -0.032773451648308714 0.063449881517307447 -0.0080953836920471724 -0.00033527910559327844 -0.045974084393120021 0.065150674243953141 0.016051380847822781 -0.016629063098920434 0.030746481167843967 -0.022871549755998394 0.00021053074422437367 0.039408927040568031 -0.060967307014448413 -0.019522247951055661 0.0079052605680877113 0.029071295292676397 -0.054183808403500344 -0.0065178618492916845 -0.022635455517808146 0.0036054122947176727 -0.036052293289167328
leaf_weight=2.6313940030522636 4.4883160106837767 3.1603860724717396 7.9444605996832243 5.6917651114054051 3.7801971808075905 3.2541486155241701 3.1802869830280533 5.5094863902777442 4.6548039093613625 3.1463383026421079 3.6427280455827731 5.4924957510083923 2.3848645063117138 5.7478317501954761 4.9908624896779665 6.2068174052983514 4.3754294896498322 4.1029451084323227 964.13069945457391 2.6997365746647111 2.2608998557552695 41.624260330572724 33.427008602768183 8.2291299533098918 6.6424243897199631 2.3695585178211331 3.6603966988623142 2.2886812328360975 4.0025549158453941
leaf_count=22 20 22 34 38 25 17 19 40 23 23 21 38 19 43 28 39 22 28 5293 39 13 250 246 51 38 27 18 25 22
internal_value=2.67139e-06 0.00693114 0.021613 -0.00195366 0.0210665 -0.0157913 -0.000110757 -0.020108 -0.00507148 -0.000280135 -0.0112418 0.00012365 0.0168074 0.0278934 0.0423315 0.00768917 0.0206735 0.00479907 -0.000208497 -0.0268571 -0.00639706 -0.000101335 -0.00730634 0.000454781 -0.037354 -0.0331037 -0.00301031 -0.0216945 -0.0227317
internal_weight=1155.72 45.3242 17.0876 28.2367 10.601 17.6357 11.9439 8.68977 9.14312 1110.4 39.4494 1070.95 20.9047 16.2312 10.7387 17.8315 11.6247 8.47837 1050.04 21.6179 7.33019 1047.41 75.0513 972.36 14.2877 4.63046 6.82078 4.67355 7.64528
internal_count=6543 256 77 179 65 114 76 59 43 6287 272 6015 153 109 71 112 73 50 5862 160 79 5840 496 5344 81 40 40 44 43
is_linear=0
shrinkage=0.05


Tree=169
num_leaves=31
num_cat=0
split_feature=2 5 12 8 2 12 16 16 9 3 10 3 11 9 11 20 11 5 10 7 11 9 11 8 11 9 3 9 15 20
split_gain=0.932346 3.51451 3.16106 2.79155 2.83614 2.3835 2.66716 3.321 2.42148 2.33456 2.84138 2.4758 3.70588 3.21584 2.16114 2.36292 4.81312 3.44362 2.01248 3.52982 2.60737 1.86832 1.85977 3.63353 3.63226 2.18506 1.67311 2.11497 1.63519 1.94035
threshold=1100.8400000000004 -1.0000000180025095e-35 1.2453621511232134 26.500000000000004 1043.4200000000003 1.0951006834726182 0.49036437083824436 0.14432282944343625 74.44763860369612 857.91500000000008 44.008213552361404 405.28500000000003 3.4989733059548258 58.496919917864481 22.981519507186864 178.50000000000003 29.026694045174541 7.5000000000000009 113.95482546201234 68.500000000000014 -4.4845995893223813 127.49075975359345 5.5195071868583172 1.0000000180025095e-35 2.4969199178644765 30.965092402464069 1067.6500000000003 41.478439425051342 11.531827515400412 454.00000000000006
decision_type=10 10 10 10 10 10 10 10 8 10 8 10 8 10 10 2 10 10 8 8 10 8 8 10 10 10 8 10 10 2
left_child=3 2 5 4 9 6 7 -2 -8 11 -11 13 -13 -1 22 -16 -17 -18 19 -4 21 -20 24 -24 -3 -25 27 -6 29 -7
right_child=1 14 18 -5 26 28 8 -9 -10 10 -12 12 -14 -15 15 16 17 -19 20 -21 -22 -23 23 25 -26 -27 -28 -29 -30 -31
leaf_value=0.00081595659085699447 -0.0077939549288276611 0.039179092212095479 0.025021800096019887 0.035461175284411173 -0.018787289282689495 -0.018387593680707314 0.053942083745598259 -0.047561075576188855 -0.002437110500049024 0.0065381572074044566 -0.053771501029021979 -0.008764421296017684 0.017928980151476419 -0.0085345701005450341 0.031460280683536887 -0.072656649101026982 -0.026835788213344702 0.037955876330182763 0.034984317935631719 -0.040094194981492019 0.045383322212506086 -0.00092519784641688526 0.050842261673116895 -0.035318256998428714 -0.056884033880512011 0.019544448540929731 0.052098073844135243 0.03969864585755134 -0.0073596102002847601 -0.0663664559293317
leaf_weight=767.36465591192245 95.59676107019186 1.8912062796298434 3.414138758555052 5.7236761488020411 3.0890692751854631 4.0247862935066205 3.1754220612347117 5.5550913363695136 4.7585108019411564 3.5222241356968871 4.3834892259910703 18.485487384023145 43.835741315037012 104.47085590660572 3.5003168573603025 2.7745884153991929 4.3821507506072503 3.8547028640750796 4.456016372889283 5.3308327347040185 5.0391243770718601 19.3574482742697 8.6054932466940972 2.37604161351919 2.051381466910243 7.6845269436016679 3.9622003342956313 3.093962867744267 4.9683413021266452 4.4230883568525314
leaf_count=3908 557 25 52 31 24 18 21 32 28 16 27 121 254 633 36 24 52 79 23 32 117 126 89 13 20 86 20 20 35 24
internal_value=2.63144e-06 -0.00312799 -0.00634194 0.000647168 0.000437902 -0.0102342 -0.00778828 -0.0099779 0.0201277 0.000154724 -0.0269018 0.000383702 0.0100113 -0.000304504 0.0107337 -0.00432485 -0.0157002 0.00348557 0.00633993 -0.0146722 0.0127085 0.00579425 0.0203993 0.0269899 -0.0108038 0.00658732 0.0267331 0.0104788 -0.0301215 -0.0435081
internal_weight=1155.15 197.22 160.1 957.931 952.208 122.502 109.086 101.152 7.93393 942.062 7.90571 934.157 62.3212 871.836 37.1204 14.5118 11.0114 8.23685 37.5976 8.74497 28.8526 23.8135 22.6086 18.6661 3.94259 10.0606 10.1452 6.18303 13.4162 8.44787
internal_count=6543 1489 1065 5054 5023 715 638 589 49 4959 43 4916 375 4541 424 191 155 131 350 84 266 149 233 188 45 99 64 44 77 42
is_linear=0
shrinkage=0.05


Tree=170
num_leaves=31
num_cat=0
split_feature=20 20 20 5 10 13 5 15 13 10 20 10 12 5 5 11 11 20 20 10 3 13 15 10 17 20 11 20 15 3
split_gain=0.922603 5.64681 5.30552 6.89681 8.71216 10.3366 5.34621 5.2689 6.72236 6.22748 5.94216 5.26441 4.56155 4.54385 3.41167 2.38459 3.40278 2.60375 2.33821 2.19056 2.09294 4.63666 3.94302 4.03202 3.78615 3.76016 9.50781 6.24972 5.29334 4.76486
threshold=263.50000000000006 157.00000000000003 70.500000000000014 10.500000000000002 29.979466119096511 0.0023032494494402644 21.500000000000004 86.506160164271066 0.73767923950428671 46.012320328542103 152.50000000000003 44.008213552361404 1.0000477558124643 -1.0000000180025095e-35 34.500000000000007 11.498973305954827 7.5236139630390158 201.50000000000003 297.50000000000006 47.507186858316224 52.100000000000009 0.25623353351365391 7.0154004106776187 20.977412731006165 0.33771929824561409 635.00000000000011 -1.0000000180025095e-35 609.50000000000011 27.482546201232037 33.305000000000007
decision_type=2 2 2 10 10 8 10 8 8 10 2 8 10 10 10 8 10 2 2 10 8 8 10 8 8 2 10 2 10 10
left_child=1 2 3 4 5 -1 -5 11 9 -9 -10 -4 -6 -13 -8 16 17 -3 -2 -17 25 22 23 -22 -24 26 27 -20 -28 -27
right_child=18 15 7 6 12 -7 14 8 10 -11 -12 13 -14 -15 -16 19 -18 -19 20 -21 21 -23 24 -25 -26 29 28 -29 -30 -31
leaf_value=-0.066609422195468268 0.032726400393064202 0.0090701279903247414 0.053231455401428485 -0.10350099106865357 0.036919800906722415 -0.0024290517409037101 0.054518064263086377 0.10054714886337178 0.053073461860557697 0.020514117440076956 -0.0094403499403382177 -0.044466046071066183 -0.010533923408447467 0.015203131561303044 -0.048378089408278896 -0.015304734825593745 0.031878892706825382 -0.03983621703370277 0.024587484864830436 -0.043303547799581031 0.035045478886614335 0.00087256900862707097 -0.031637036244040205 -0.023032443661400358 0.024299173756813973 -0.010800366128169321 -0.014013008755028679 0.092514198527051575 0.057464124654776808 0.03260130238457723
leaf_weight=6.6089138928800812 5.6987896952778092 5.5882367789745349 3.1191270956769612 2.8959532044827929 20.720562923699621 123.638492715545 1.2509297626093032 5.3220479935407656 5.776332702487708 4.473810289055109 11.117601949721575 7.4970502052456123 6.7022772831842294 5.5542933330871165 2.2627687754575163 48.187430747319013 6.1065029329620293 5.3051296807825565 32.914504742249846 8.1702628401108068 3.1836677789688101 688.2625040615676 4.1316767148673508 48.726630625315011 11.296162996441126 39.40557362511754 25.822562192566696 3.7745841369032851 2.8790019610896698 7.5326135978102675
leaf_count=50 33 30 26 19 103 648 18 21 22 24 44 55 41 45 42 258 42 35 182 58 13 3664 22 372 111 282 183 14 34 52
internal_value=2.91316e-06 -0.00249307 0.00173227 -0.0023595 -0.000292652 -0.00568564 -0.0532017 0.0173966 0.0310422 0.0639957 0.0119342 -0.00512575 0.0253219 -0.0190725 -0.0117455 -0.0144127 0.00200109 -0.0147475 0.000803733 -0.0193638 0.00059413 -0.000352554 -0.0128745 -0.0194705 0.00931909 0.00696218 0.0147127 0.0315758 -0.00684327 -0.00383529
internal_weight=1153.93 280.298 206.94 164.08 157.67 130.247 6.40965 42.8603 26.6898 9.79586 16.8939 16.1705 27.4228 13.0513 3.5137 73.3576 16.9999 10.8934 873.628 56.3577 867.929 755.601 67.3381 51.9103 15.4278 112.329 65.3907 36.6891 28.7016 46.9382
internal_count=6543 1581 1158 921 842 698 79 237 111 45 66 126 144 100 60 423 107 65 4962 316 4929 4182 518 385 133 747 413 196 217 334
is_linear=0
shrinkage=0.05


Tree=171
num_leaves=21
num_cat=0
split_feature=9 9 9 9 3 5 19 9 10 10 8 10 16 9 17 13 11 12 8 3
split_gain=0.859019 1.64171 1.21686 4.79124 2.50163 2.71459 3.21773 2.18698 3.15354 2.62932 2.62657 2.58761 3.16873 1.7356 1.52795 1.30748 1.29314 0.787193 0.0276227 0.000261359
threshold=264.00000000000006 325.99589322381934 109.47022587268995 115.99178644763862 14448.665000000003 154.50000000000003 53.500000000000007 96.509240246406577 104.54209445585217 97.478439425051349 12.500000000000002 79.967145790554426 1.4106158429697817 89.478439425051349 0.069047619047619066 0.64307228309537467 46.521560574948673 1.0395562258149684 9.5000000000000018 348.51500000000004
decision_type=10 10 10 10 8 8 2 10 10 10 8 10 8 10 8 10 10 10 8 10
left_child=2 18 7 -4 5 14 -7 8 9 13 16 12 -9 -1 -5 -14 -10 -6 19 -2
right_child=1 -3 3 4 17 6 -8 11 10 -11 -12 -13 15 -15 -16 -17 -18 -19 -20 -21
leaf_value=0.00027365787274164058 0.05331724405782217 -0.0031874008852428889 -0.053863306129252941 -0.028673131701940652 0.053890262939684269 -0.055096622161026371 -0.0062543122914397939 -0.034263008376634256 -0.084122057325838023 0.033818703175313297 -0.0044314337991425198 0.054709160076669511 0.0011581147453241457 -0.021322762060255324 0.040706683065643706 0.044227685629633584 -0.02982493689698484 0.012959812983980004 0.06484193192468593 0.051515601907859712
leaf_weight=1058.6609000889584 0.36819191183894751 2.60519312415272 5.0507836621254674 0.98072404228150833 2.1870585903525344 3.7685012333095065 32.055812674108893 3.2411137139424682 2.1987998411059353 5.8073943750932804 5.1663480345159778 3.8559175436384967 3.1398352328687889 9.3855546200647932 4.1583568565547466 4.015851145144552 2.1874777413904667 2.5377927904482931 0.96613670885562908 0.44409594207536429
leaf_count=5768 6 17 32 10 9 26 209 23 19 34 34 31 21 59 115 25 34 32 5 34
internal_value=2.26889e-06 0.0220939 -8.20584e-05 -0.00765225 -0.00254367 -0.00651719 -0.0113922 0.000267872 1.18886e-05 0.000266315 -0.0285893 0.0197262 0.00675186 8.38774e-05 0.0274665 0.0253292 -0.0570436 0.0319059 0.0591282 0.0523322
internal_weight=1152.78 4.38362 1148.4 50.739 45.6882 40.9634 35.8243 1097.66 1083.41 1073.85 9.55263 14.2527 10.3968 1068.05 5.13908 7.15569 4.38628 4.72485 1.77842 0.812288
internal_count=6543 62 6481 433 401 360 235 6048 5948 5861 87 100 69 5827 125 46 53 41 45 40
is_linear=0
shrinkage=0.05


Tree=172
num_leaves=22
num_cat=0
split_feature=0 2 9 0 20 13 10 12 20 9 2 0 1 1 0 13 0 1 20 2 20
split_gain=0.871327 3.71873 4.70352 1.40047 3.97879 5.25384 4.35849 3.94436 3.08421 4.67118 3.74627 2.90233 1.73794 3.03173 6.01552 2.94082 2.99795 2.76134 1.72082 0.827305 0.727177
threshold=156.03500000000003 451.85500000000008 216.00000000000003 195.60500000000002 721.50000000000011 0.18278753884864174 42.004106776180706 1.0360431408714221 449.50000000000006 67.991786447638617 159.12500000000003 197.24500000000003 243.56500000000003 295.35000000000008 294.85500000000008 0.20590620264960066 236.85500000000005 453.87000000000006 444.50000000000006 171.66000000000003 454.00000000000006
decision_type=8 8 8 8 2 10 8 8 2 8 10 8 8 8 8 8 8 8 2 8 2
left_child=1 2 -1 4 7 19 -7 8 9 -2 -10 -5 15 14 -14 -13 -17 -15 -9 -6 -4
right_child=3 -3 20 11 5 6 -8 18 10 -11 -12 12 13 17 -16 16 -18 -19 -20 -21 -22
leaf_value=-0.045825460991360513 0.03229347814657537 -0.045883274563649559 0.007828759061811387 -0.041011819364545704 -0.014358378139655971 0.011377376663153362 0.083270560847662128 0.008114778582294745 0.022276582204931006 -0.010824404344659254 -0.039100374351151858 0.024696463375808726 0.0072086722295470161 -0.0095187134500247638 0.071539249833307617 -0.0083548116588584246 -0.045648327716552646 0.00048818804367446077 0.046899599375148079 0.01506562908259796 0.038338966753080697
leaf_weight=3.2523951418697843 9.1261081192642468 5.3079354725778094 3.3766644448041916 4.3585013914853326 4.4689883198589095 3.4881395492702696 5.3286410886794338 6.135076320730148 3.1877291202545157 20.150626584887505 11.296275414526461 5.036994380876421 33.00096589140594 74.594441082328558 4.0836143195629111 24.903727907687429 6.8769755891989908 909.18392633204348 5.3571919007226825 5.1325606536120185 4.6318276068195701
leaf_count=20 59 34 18 23 27 20 32 38 15 105 77 32 165 398 17 125 45 5196 37 27 33
internal_value=2.11884e-06 -0.0113812 0.00488168 0.00016819 0.00683462 0.0269602 0.0548278 0.000125845 -0.00672022 0.00261625 -0.0255922 -0.000294246 -0.000126457 0.000258449 0.0142925 -0.0107989 -0.0164247 -0.00027058 0.0261946 0.00137039 0.0254748
internal_weight=1152.28 16.5688 11.2609 1135.71 73.6713 18.4183 8.81678 55.253 43.7607 29.2767 14.484 1062.04 1057.68 1020.86 37.0846 36.8177 31.7807 983.778 11.4923 9.60155 8.00849
internal_count=6543 105 71 6438 437 106 52 331 256 164 92 6001 5978 5776 182 202 170 5594 75 54 51
is_linear=0
shrinkage=0.05


Tree=173
num_leaves=31
num_cat=0
split_feature=10 10 10 15 15 17 2 0 11 19 17 0 2 15 10 15 15 11 6 20 16 19 3 20 20 16 17 11 15 11
split_gain=0.870729 5.67986 4.37269 3.59273 2.95121 5.46341 4.82994 3.92027 3.5083 3.50263 2.87877 4.93085 2.56647 1.78976 3.64765 3.94887 6.58554 3.08547 3.07581 2.9675 2.90663 2.55571 2.19519 2.12655 2.10735 1.94902 4.72269 6.56693 2.93356 2.15391
threshold=35.99178644763861 34.496919917864481 32.969199178644772 37.486652977412739 65.987679671457911 0.63068181818181823 196.02500000000003 857.7650000000001 10.51334702258727 157.00000000000003 0.25833333333333336 869.72000000000014 1143.1600000000001 25.018480492813143 120.00000000000001 64.492813141683783 72.476386036961003 11.498973305954827 46.500000000000007 329.50000000000006 0.52355387751858384 167.00000000000003 1772.5050000000003 1.0000000180025095e-35 323.50000000000006 0.19716530643523575 inf 17.034907597535938 21.013347022587272 -1.9548254620123202
decision_type=8 10 10 8 8 8 10 10 8 2 8 10 8 10 8 8 10 8 8 2 10 2 10 2 2 10 8 8 10 8
left_child=1 2 4 -4 7 6 -6 8 -1 -9 -3 -12 -7 23 18 19 -17 -18 20 -16 -15 22 -20 -2 -22 29 27 -27 -28 -25
right_child=13 10 3 -5 5 12 -8 9 -10 -11 11 -13 -14 14 15 16 17 -19 21 -21 24 -23 -24 25 -26 26 28 -29 -30 -31
leaf_value=-0.00079954531268706941 -0.040244039841988898 0.079678754405112157 -0.062462226162155354 -0.0014775500983553195 -0.031867420917970818 0.0053355593018055807 0.036822488991775572 0.045881174426224872 -0.024023795905512544 -0.012729460257435619 -0.021612630881741077 0.065081237566045905 -0.025164783456153608 -0.0280058983429122 -0.0014746582601882052 -0.093480212980734279 -0.011911216491857004 0.052982378311427825 -0.031791441055761857 0.043789964476065091 0.00038279065198847497 0.014561170920005818 0.0082582706149744566 -0.019063710732793893 0.052384486614093596 0.039834545623932016 -0.049264188790710539 -0.038649227410589515 0.0023621392263550763 -0.00032389642881325802
leaf_weight=59.981265117414303 3.4770179949700823 3.1411030218005154 4.7840683385729772 4.8769498988986015 2.8880840353667763 54.537430873140693 22.469854929484427 7.0350827518850547 22.309469522908323 3.9975208062678576 3.3003680054098377 3.26050147973001 7.8956292038783422 2.5360059365630141 4.7519336603581932 1.7598465709015743 4.6265722173266113 3.0321941110305488 14.283453918062156 15.212316974997519 3.0954539268277568 6.3193930103443554 4.4992145928554228 15.617728464305399 5.2567615460138768 6.8190772365778702 9.7543491236865503 4.3754546530544758 3.8328726296313098 842.0159843089059
leaf_count=346 20 13 43 23 13 258 113 55 208 30 29 16 51 20 45 18 42 74 125 144 31 94 54 133 65 50 60 31 37 4302
internal_value=1.90366e-06 0.00299659 0.00109869 -0.0316767 0.002847 0.00942757 0.0289992 -0.00334348 -0.00709577 0.0246444 0.0403162 0.0214709 0.00147832 -0.000629221 0.00735454 0.020426 -0.00626059 0.0137809 -0.00331711 0.033016 0.0188768 -0.0129439 -0.0221979 -0.00121837 0.0331119 -0.0010646 -0.0148883 0.00915866 -0.0347007 -0.000665153
internal_weight=1151.74 200.477 190.775 9.66102 181.114 87.791 25.3579 93.3233 82.2907 11.0326 9.70197 6.56087 62.4331 951.266 65.3731 29.3829 9.41861 7.65877 35.9903 19.9643 10.8882 25.1021 18.7827 885.892 8.35222 882.415 24.7818 11.1945 13.5872 857.634
internal_count=6543 1198 1140 66 1074 435 126 639 554 85 58 45 309 5345 712 323 134 116 389 189 116 273 179 4633 96 4613 178 81 97 4435
is_linear=0
shrinkage=0.05


Tree=174
num_leaves=19
num_cat=0
split_feature=1 19 0 0 20 1 2 7 8 15 2 20 8 1 10 7 9 2
split_gain=0.852357 4.67215 1.71414 5.872 4.24584 4.74127 3.42503 3.73573 2.78918 2.08899 1.63956 2.73476 2.30977 1.95332 1.40789 1.06132 0.90195 0.718741
threshold=5880.6900000000014 167.00000000000003 3362.0600000000004 3175.9350000000004 879.50000000000011 3422.0000000000005 3704.2500000000005 38.500000000000007 1.0000000180025095e-35 43.498973305954834 4383.9300000000012 589.00000000000011 26.500000000000004 2941.5000000000005 67.991786447638617 11.500000000000002 115.99178644763862 8389.1850000000031
decision_type=10 2 10 10 2 10 10 8 8 8 10 2 10 10 10 8 10 8
left_child=2 14 3 10 5 6 -4 -8 -6 -7 12 -12 13 -1 15 17 -16 -2
right_child=1 -3 4 -5 8 9 7 -9 -10 -11 11 -13 -14 -15 16 -17 -18 -19
leaf_value=-0.00044195303294933074 0.036592909434506472 -0.038150316042031271 -0.055684986018708409 0.064909351416880937 0.047259468212537507 -0.074711326957792853 0.013219344371967643 -0.030483978050492806 -0.014442983358343481 -0.027303343981528908 0.06540600718140735 -0.01987924525752801 0.030788635263995154 0.027074457978243618 -0.040019757513117094 0.051295360826390413 0.020236678274945259 0.0050307545536755587
leaf_weight=1068.64132319903 3.4108318928629169 3.8220255635678759 3.0927178263664272 3.4970622304826966 4.7958062319084993 4.0256416676565987 16.53036417323165 6.9437401811592272 2.9631480406969786 5.4961308278143406 2.4113889138679947 1.5404221995268015 6.017336703836917 6.4887114046141496 1.2433797437697642 4.2862027478404352 1.2407611184753475 3.8282906888052821
leaf_count=5953 20 28 19 21 31 26 119 41 20 28 27 25 33 48 11 38 29 26
internal_value=3.36578e-06 0.01085 -0.000167425 0.000222988 -0.00986015 -0.0170745 -0.00622469 0.000291715 0.0236953 -0.0473466 1.45162e-05 0.0321617 -0.000102988 -0.000275884 0.0242181 0.0315769 -0.0099233 0.0199018
internal_weight=1150.28 17.8315 1132.44 1088.6 43.8475 36.0886 26.5668 23.4741 7.75895 9.52177 1085.1 3.95181 1081.15 1075.13 14.0095 11.5253 2.48414 7.23912
internal_count=6543 152 6391 6107 284 233 179 160 51 54 6086 52 6034 6001 124 84 40 46
is_linear=0
shrinkage=0.05


Tree=175
num_leaves=31
num_cat=0
split_feature=12 2 2 20 1 2 20 1 9 15 1 8 0 1 0 7 12 1 0 7 2 19 0 19 20 20 20 9 0 1
split_gain=0.859101 3.8957 5.91151 4.50203 3.78574 3.74434 3.55048 2.81273 2.75313 6.93716 6.44646 5.39497 2.61791 2.2031 2.12684 2.43339 2.91199 2.08646 2.05594 3.19595 3.15286 4.55423 4.77896 4.54601 3.87458 9.65337 6.6336 3.13146 5.16367 5.04017
threshold=0.99999828385692868 355.07500000000005 277.47000000000008 954.50000000000011 1192.825 701.60500000000013 454.00000000000006 533.54500000000019 60.50102669404518 36.468172484599599 1340.7300000000002 4.5000000000000009 165.19500000000002 421.50000000000006 156.03500000000003 1.5000000000000002 1.0395562258149684 426.89500000000004 219.17000000000004 15.500000000000002 207.26500000000001 131.00000000000003 210.97000000000003 167.00000000000003 785.50000000000011 942.00000000000011 724.50000000000011 43.48254620123204 232.90500000000003 908.73500000000013
decision_type=8 10 10 2 8 10 2 10 8 8 10 8 10 10 8 8 10 10 10 8 10 2 10 2 2 2 2 10 10 8
left_child=1 2 3 12 5 6 -3 -5 11 -10 -11 -6 -1 -4 15 16 -2 -14 20 27 24 22 -22 -23 26 -26 -16 28 -20 -29
right_child=14 4 13 7 8 -7 -8 -9 9 10 -12 -13 17 -15 18 -17 -18 -19 19 -21 21 23 -24 -25 25 -27 -28 29 -30 -31
leaf_value=0.044176430308525652 -0.028800538986598484 -0.01074555992270664 -0.012218705975863837 -0.05187837110285054 -0.06754544536243505 0.061152091955812483 0.035742355924654585 -0.0025830097183499111 0.052597866817817453 -0.035816351686410564 0.015768687568023451 0.021441920131787931 -0.0038146476673303017 -0.057852650098873228 0.00051285523293823001 -0.042388566951618238 0.031286820307068634 0.011587613756634911 -0.037870106596326919 -0.011008132076279497 0.025940282351498811 0.059928702869902678 -0.030915768978838666 0.003397851295499325 0.034780105003241919 -0.0040159521277447511 -0.034617263086300615 -0.010956253485193728 -0.0021383820580228897 0.0090282658458680134
leaf_weight=4.0718005895614615 4.4054816439747775 6.9756592717021766 4.7402763515710813 5.9937326218932849 3.5742619112133971 6.5426307115703812 9.9881509691476804 5.5948541387915611 7.3667113296687612 9.2979626469314116 17.371844246983528 3.2536983788013458 48.452144276350737 5.98310187458992 186.28003265336156 6.4754612445831308 3.7180489394813776 40.256211616098881 10.389435512945054 83.256040084874257 7.7803627573885041 9.177477718330918 7.0402083657681942 5.8062512688338748 27.216507386416197 39.024679914116859 14.482611566781996 40.100743465824053 377.15788366040215 147.95827745902352
leaf_count=15 26 32 22 37 22 26 37 23 43 50 67 20 212 25 847 41 32 153 69 542 63 52 50 33 103 181 72 264 2327 1057
internal_value=3.34644e-06 0.00318134 -0.00232798 0.00130428 0.0130317 0.0290192 0.0166261 -0.0280791 0.00383526 0.00964803 -0.00221554 -0.0251407 0.00497437 -0.0376801 -0.000584461 -0.0195246 -0.00129923 0.00317496 -0.000295128 -0.00185167 0.00316013 0.0185844 -0.00106802 0.0380228 0.0014384 0.0119242 -0.00202136 -0.000527277 -0.00309628 0.00476687
internal_weight=1149.73 179.463 115.092 104.369 64.3709 23.5064 16.9638 11.5886 40.8645 34.0365 26.6698 6.82796 92.7802 10.7234 970.27 14.599 8.12353 88.7084 955.671 658.862 296.808 29.8043 14.8206 14.9837 267.004 66.2412 200.763 575.606 387.547 188.059
internal_count=6543 784 487 440 297 95 69 60 202 160 117 42 380 47 5759 99 58 365 5660 4259 1401 198 113 85 1203 284 919 3717 2396 1321
is_linear=0
shrinkage=0.05


Tree=176
num_leaves=25
num_cat=0
split_feature=16 20 1 15 2 20 15 15 15 17 20 11 2 1 11 2 11 1 11 17 9 15 13 12
split_gain=0.86024 2.54941 4.38558 4.19164 3.39495 2.33646 2.30106 1.8225 1.77123 3.46859 4.57283 2.91476 1.6355 5.37005 3.46608 1.23779 1.34373 1.00748 0.648852 0.176418 0.134961 0.0504352 0.000714149 0.000324607
threshold=1.9718703080259592 454.00000000000006 302.32000000000005 42.01026694045175 337.42000000000002 152.50000000000003 93.979466119096529 69.50308008213554 44.517453798767974 0.33771929824561409 153.50000000000003 22.981519507186864 1508.1700000000003 1625.2300000000002 35.48254620123204 611.72500000000002 6.5215605749486665 1625.2300000000002 2.4969199178644765 0.75735294117647067 157.94661190965095 51.01129363449693 1.0163697437487114 1.9712764766362156
decision_type=10 2 8 10 10 2 10 10 10 8 2 8 10 8 10 10 10 8 10 8 8 10 8 10
left_child=6 2 -2 -3 -5 -4 7 8 12 11 -11 -10 14 -14 -1 -9 -17 -8 -6 -7 -19 -21 23 -22
right_child=1 3 5 4 18 19 17 15 9 10 -12 -13 13 -15 -16 16 -18 20 -20 21 22 -23 -24 -25
leaf_value=0.00095795894566207444 -0.048097932203870618 -0.078996355225690373 -0.0061258482735503956 0.050126338931981089 -0.04531384298321707 0.071541658039026568 -0.0065299444044057521 -0.0012488910914373616 0.019435016130431249 -0.033968756624132179 0.034634167095730022 -0.054482852176700215 -0.051420377069300284 -0.0031229375034591052 -0.025376029180687182 -0.010717885620219683 -0.065630497284522166 0.027154707794411655 -0.0098167985360714145 0.055621585327793377 0.052333899710500023 0.041217106880252187 0.053776380373993599 0.050915954653368692
leaf_weight=952.36544177914038 2.4036602377891549 2.8627782166004163 2.4791104923933753 1.8875600155442951 2.677452044095844 1.2838288778439166 1.1119757932610799 3.4421075163409105 2.4031694792211082 2.8764875927008715 15.61660656146705 2.9966994570568204 6.0398465879261485 122.17645111680031 12.661386502441017 2.015560140600428 2.4908047625795007 0.64223353378474746 2.479595810174942 1.2524552308022978 1.6694534239359207 1.180420513032004 0.75128705799579609 0.53232781193219114
leaf_count=4913 14 14 21 18 20 13 18 29 19 27 161 28 37 851 117 16 33 15 39 14 45 29 12 40
internal_value=2.91787e-06 -0.0106897 0.00922923 -0.0279791 -0.0072468 0.0314693 0.000178072 3.2114e-05 0.00020186 0.0136691 0.0239634 -0.0215863 -9.24674e-05 -0.00539807 0.000612451 -0.0238252 -0.0410698 0.0350634 -0.0282463 0.0565459 0.0479276 0.0486326 0.0524453 0.0519911
internal_weight=1148.3 18.5069 8.59948 9.90739 7.04461 6.19582 1129.79 1125.08 1117.14 23.893 18.4931 5.39987 1093.24 128.216 965.027 7.94847 4.50636 4.70728 5.15705 3.7167 3.5953 2.43288 2.95307 2.20178
internal_count=6543 182 91 91 77 77 6361 6231 6153 235 188 47 5918 888 5030 78 49 130 59 56 112 43 97 85
is_linear=0
shrinkage=0.05


Tree=177
num_leaves=17
num_cat=0
split_feature=19 11 3 3 13 13 2 17 11 13 13 20 3 3 17 17
split_gain=0.840927 2.79022 1.04131 5.30268 3.34598 6.11381 5.21023 2.63409 8.61759 3.15451 2.24106 4.32887 2.49822 0.62108 1.54189 0.600028
threshold=19.500000000000004 8.5256673511293659 141.06500000000003 143.63500000000002 0.61285570549594282 0.59469999189893874 164.99500000000003 0.75735294117647067 16.016427104722798 0.40775804827817397 0.043947101802224241 1.0000000180025095e-35 152.29000000000002 19.900000000000002 0.42481203007518803 0.67543859649122817
decision_type=2 8 8 8 10 8 10 10 8 10 8 2 8 10 8 8
left_child=1 -1 4 -4 5 7 -6 9 -9 -2 -5 -12 -13 -3 -15 -8
right_child=2 13 3 10 6 -7 15 8 -10 -11 11 12 -14 14 -16 -17
leaf_value=0.04831602055256641 -0.0013495445341564786 0.011767011286086676 0.050400713714745062 0.040274887043198114 0.027050750010508773 0.066173712867016454 -0.059519785075498724 0.07754294469071854 -0.019315788682153969 -0.018622354452929726 -0.072835627736433969 -0.021542798568899249 0.00075406994679214339 0.013587015230872482 -0.038510453401783676 -0.034650954446198666
leaf_weight=3.8700987398624402 224.66739054955542 4.8828044878318888 5.337343903258442 3.5102484766393891 3.286374630406498 3.2882987409830085 4.3562117926776383 4.1316165477037412 5.1699014864861965 29.957608379423618 2.021701142191886 12.755916200578211 829.44424514321145 2.8308981154114008 2.8501090593636036 5.4725774563848981
leaf_count=28 1499 21 33 27 23 15 24 22 30 178 11 81 4472 25 20 34
internal_value=3.45187e-06 0.0119959 -0.000149273 0.000719507 -0.00279305 -0.00158286 -0.0274501 -0.00242705 0.0237076 -0.00338176 0.000406713 0.000240943 0.000416363 -0.00131009 -0.0125498 -0.0456731
internal_weight=1147.83 14.4339 1133.4 853.069 280.33 267.215 13.1152 263.927 9.30152 254.625 847.732 844.222 842.2 10.5638 5.68101 9.82879
internal_count=6543 94 6449 4624 1825 1744 81 1729 52 1677 4591 4564 4553 66 45 58
is_linear=0
shrinkage=0.05


Tree=178
num_leaves=25
num_cat=0
split_feature=9 20 11 19 5 2 20 20 20 0 19 20 1 20 12 11 1 7 20 11 17 11 3 9
split_gain=0.82156 2.51254 2.2981 0.891763 2.6998 2.32195 1.03295 4.95176 7.88482 6.80996 6.27609 3.87974 5.61732 4.63264 4.1163 3.76686 2.16839 2.22658 1.75111 0.705059 0.680199 0.0132735 0.0031529 0.000178026
threshold=12.501026694045175 757.50000000000011 10.51334702258727 19.500000000000004 -1.0000000180025095e-35 355.07500000000005 724.50000000000011 827.50000000000011 844.50000000000011 243.48500000000004 167.00000000000003 556.00000000000011 2191.0000000000005 589.00000000000011 0.85570843767582017 2.4969199178644765 11618.200000000003 6.5000000000000009 757.50000000000011 14.997946611909653 0.81066176470588247 17.034907597535938 554.57000000000005 9.4948665297741304
decision_type=8 2 8 2 10 8 2 2 2 8 2 2 10 2 10 8 10 10 2 8 8 8 8 10
left_child=1 2 -1 4 5 -2 11 9 -9 18 -11 16 13 -13 -14 -10 17 -5 -8 -6 -18 -4 23 -23
right_child=3 -3 21 6 19 -7 7 8 15 10 -12 12 14 -15 -16 -17 20 -19 -20 -21 -22 22 -24 -25
leaf_value=0.010076235878994526 0.027314246102365339 0.014018508273870484 -0.059316227534359736 -0.00063737376521769053 0.063618798835485421 -0.021978070181728818 0.0033372453606213999 0.070023807247080683 -0.02074145537846242 -0.014966433456542081 -0.067609085529944324 0.038540978139155815 -0.065246964491546391 0.0073894954372912122 -0.0042312289102159712 0.0015934603175116521 0.0095562531228322312 -0.018252987528659004 0.048893466850151751 0.022241431014164911 0.052468737920646505 -0.051872804442661118 -0.055962290932167702 -0.052922200866495864
leaf_weight=1.9469554349780063 4.0617412775754902 4.6352949514985085 1.5821296665817501 613.9401232158998 2.4338752431794992 5.8015605490654716 4.0177496187388879 4.0476070940494528 20.682209745049477 51.145771112293005 6.3665603697299948 12.937597566284238 4.2229014784097663 153.95656888443045 8.0019659544341248 216.37233124463819 1.4897856398019933 18.478309187339619 4.4410231225192547 1.7842860640957949 2.4291328660910949 1.0765840141102669 0.86770567297935475 0.64705565571784962
leaf_count=9 20 38 26 3425 25 30 21 15 120 282 29 70 18 874 78 1181 23 119 25 17 28 41 14 15
internal_value=3.42548e-06 -0.0137504 -0.0347812 0.000133578 0.012638 -0.00167933 -2.32826e-05 -0.00249495 0.000826332 -0.0146331 -0.0207939 0.000907462 0.00740792 0.00980435 -0.0253082 -0.000355186 -0.000922315 -0.00115208 0.0272552 0.0461161 0.0361555 -0.0557075 -0.0535042 -0.0522667
internal_weight=1147.37 10.7557 6.12043 1136.61 14.0815 9.8633 1122.53 307.073 241.102 65.9711 57.5123 815.456 179.119 166.894 12.2249 237.055 636.337 632.418 8.45877 4.21816 3.91892 4.17348 2.59135 1.72364
internal_count=6543 143 105 6400 92 50 6308 1673 1316 357 311 4635 1040 944 96 1301 3595 3544 46 42 51 96 70 56
is_linear=0
shrinkage=0.05


Tree=179
num_leaves=31
num_cat=0
split_feature=10 10 15 9 17 2 10 11 2 13 17 0 19 9 9 10 9 19 15 9 15 9 15 19 16 17 11 11 19 19
split_gain=0.890916 5.08827 3.95691 5.76051 4.42542 6.03239 4.3534 4.0907 4.28549 2.68398 2.6216 5.08979 2.30212 2.24518 8.27268 2.72044 2.06598 2.42257 1.5166 5.31 3.74699 3.64874 3.27719 2.86341 1.78638 4.13487 6.01278 2.56399 2.5505 3.78593
threshold=35.99178644763861 34.496919917864481 65.987679671457911 60.50102669404518 0.86754385964912295 196.02500000000003 32.969199178644772 2.4969199178644765 242.09500000000003 0.54234069827972975 0.36038961038961043 869.72000000000014 67.000000000000014 87.474332648870657 77.470225872689952 28.993839835728959 22.505133470225875 160.50000000000003 25.018480492813143 73.938398357289543 28.993839835728959 78.472279260780297 30.04517453798768 108.50000000000001 0.19716530643523575 inf 17.034907597535938 7.5236139630390158 55.500000000000007 48.500000000000007
decision_type=8 10 8 10 8 10 8 10 10 10 8 10 2 10 8 10 8 2 10 10 10 10 10 2 10 8 8 10 2 2
left_child=1 2 3 6 5 -4 12 8 -5 -7 -3 -12 -1 14 -6 -15 17 -2 24 20 -20 -21 -22 -23 28 26 -26 -27 29 -18
right_child=16 10 4 7 13 9 -8 -9 -10 -11 11 -13 -14 15 -16 -17 18 -19 19 21 22 23 -24 -25 25 27 -28 -29 -30 -31
leaf_value=-0.020450258198030636 -0.043854816389532598 0.073943435425866247 -0.038447454700197087 -0.00047803943303166433 -0.0019471399043531181 0.049519393401076306 -0.050955614408101979 0.018780972463546874 -0.05564747716944618 0.017995337565042815 -0.026464435876505571 0.063727878537916213 0.0065683113214270138 0.013172522305533445 0.062526896386669611 -0.041155446723630355 0.00044827478670316851 0.025509723125840572 0.059144369943472067 -0.069367981808081097 -0.059934938669430365 -0.021831977388570553 0.016564713913336675 0.011809796228133811 0.038610988186249424 -0.048731557217607635 -0.037162291856911424 -0.0033482539118071157 -0.0016382447720132262 0.020868197119285802
leaf_weight=8.9839198850095254 5.3859083424322298 3.3823979347944233 3.4197145998477962 4.9753795303404393 45.395967580378056 12.142251904122533 3.8994625536724916 3.6569377882406107 12.033607326447962 15.209995999932287 3.0821716878563175 3.176157554378733 64.390901201404631 3.669539313297717 5.5876612067222586 6.1932925321161747 75.526115161366761 1.6426674891263244 5.1136070247739545 2.3348299721255925 1.4681501975283051 11.967491282150151 30.152634755941108 13.415360854356548 6.6113896444439906 8.7950058095157129 4.3345448020845652 4.8165550380945197 743.4903767183423 32.452149244956672
leaf_count=56 96 15 15 31 220 65 39 30 102 80 28 15 426 25 19 32 370 38 36 25 14 113 315 209 50 49 31 48 3772 179
internal_value=2.97699e-06 0.00304253 0.00124036 -0.00574658 0.00870941 0.0241618 0.000524321 -0.0291948 -0.0395096 0.0319895 0.0384772 0.019309 0.00326019 0.000894648 0.00511903 -0.0209423 -0.000636044 -0.0276434 -0.000434207 0.00696818 0.0194346 -0.0095536 0.0130128 -0.00405161 -0.000978824 -0.0142739 0.00860508 -0.0326723 -0.000595377 0.00658535
internal_weight=1146.71 199.199 189.559 97.9402 91.6184 30.772 77.2743 20.6659 17.009 27.3522 9.64073 6.25833 73.3748 60.8465 50.9836 9.86283 947.507 7.02858 940.478 64.4521 36.7344 27.7177 31.6208 25.3829 876.026 24.5575 10.9459 13.6116 851.469 107.978
internal_count=6543 1198 1140 684 456 160 521 163 133 145 58 43 482 296 239 57 5345 134 5211 712 365 347 329 322 4499 178 81 97 4321 549
is_linear=0
shrinkage=0.05


Tree=180
num_leaves=30
num_cat=0
split_feature=5 3 16 20 15 20 8 2 2 1 16 15 2 15 17 11 11 11 15 12 15 11 2 11 16 3 19 12 12
split_gain=0.821013 1.50986 1.38228 3.762 2.59821 5.08048 4.74472 5.90979 2.44362 2.40311 2.13962 2.13829 4.0603 3.43882 3.31133 2.05872 1.94119 1.73447 4.31181 3.25479 1.75858 5.28203 2.40606 1.57213 1.01926 0.00138657 0.000605732 7.94947e-05 7.4388e-06
threshold=60.500000000000007 348.51500000000004 0.90641467628013916 737.50000000000011 25.018480492813143 440.50000000000006 6.5000000000000009 499.54000000000008 234.29000000000005 6046.9000000000005 0.81710933181315659 31.063655030800827 286.05000000000007 36.468172484599599 0.51470588235294124 20.533880903490765 1.4948665297741275 17.034907597535938 12.012320328542097 1.0000021407133715 20.996919917864478 8.5256673511293659 5712.9550000000008 31.030800821355239 2.1264096840168323 428.95000000000005 108.50000000000001 1.0758833333333333 1.5506332998640517
decision_type=10 10 10 2 10 2 8 8 10 8 10 10 10 10 8 8 8 10 10 10 10 10 10 10 8 10 2 10 10
left_child=2 24 4 11 17 6 7 -6 -7 15 -10 12 -4 16 -15 -5 -13 20 19 -19 22 -22 -1 -20 -2 -3 -27 -28 -29
right_child=1 25 3 9 5 8 -8 -9 10 -11 -12 13 -14 14 -16 -17 -18 18 23 -21 21 -23 -24 -25 -26 26 27 28 -30
leaf_value=0.00023914412679357049 0.031015297557994106 0.055452599482226542 -0.01770333814534104 0.025306259132535674 0.042515801165952119 0.058164321189058336 -0.070163347281776561 -0.023200219239521286 0.022569935010605488 -0.063584268074699427 -0.027370645367467729 -0.013422847523812812 0.043023878816304317 -0.021227873879049383 0.014575111412918071 -0.048758446471845053 -0.06625030871939773 -0.017891997384810659 0.0056728866126982743 0.011916089949989514 -0.027858902050123004 0.047782042180090217 0.018225951982747946 0.049453728333936825 -0.021460267581471071 0.052711339716302465 0.05157744662619132 0.050696791015068833 0.050313747202042874
leaf_weight=932.60998807568103 1.5574789149686692 0.32836483791470561 4.8641462810337526 1.9979531913995714 5.4672381281852731 4.4474539291113642 2.7531377696432164 9.1413087081164122 23.868296390865002 4.5070842802524576 2.3564626444131127 3.4740704484283915 6.3404892757534981 11.086930353194477 15.468260521069167 1.768940467387438 3.4817570820450783 50.024119096808136 4.3964298591017705 11.21009302139282 14.262957285158338 2.7535143056884399 18.970715535804629 3.8427735129371285 2.2799964486621316 1.0238860226236282 0.25091694574803103 0.23523761657997966 0.27483373903669417
leaf_count=4713 25 5 24 28 44 34 33 99 262 30 18 24 38 70 140 15 21 396 46 92 88 28 109 38 29 22 9 19 44
internal_value=3.5652e-06 0.0185273 -9.32043e-05 -0.00797871 0.000291519 0.0116602 -0.00995328 0.00139395 0.0238943 -0.0389498 0.0180825 -0.00224796 0.016661 -0.00857031 -0.000372821 -0.00947467 -0.0398658 -0.000234536 -0.0078659 -0.0124351 0.000312829 -0.0156191 0.000597729 0.0260923 -0.000162519 0.0524666 0.0519173 0.0508488 0.0504904
internal_weight=1145.04 5.95071 1139.09 52.9896 1086.1 48.0339 17.3617 14.6085 30.6722 8.27398 26.2248 44.7157 11.2046 33.511 26.5552 3.76689 6.95583 1038.07 69.4734 61.2342 968.597 17.0165 951.581 8.2392 3.83748 2.11324 1.78487 0.760988 0.510071
internal_count=6543 153 6390 390 6000 490 176 143 314 73 280 317 62 255 210 43 45 5510 572 488 4938 116 4822 84 54 99 94 72 63
is_linear=0
shrinkage=0.05


Tree=181
num_leaves=28
num_cat=0
split_feature=12 2 2 20 1 2 1 17 0 1 9 15 1 8 15 1 1 1 3 0 8 3 0 0 1 0 7
split_gain=0.810834 3.62911 5.39332 4.10051 3.37145 3.48965 3.30133 3.21111 2.9754 2.58835 2.43363 6.35342 5.93119 4.83395 2.02428 2.0002 4.72367 2.7196 3.14096 4.06634 2.28811 2.00453 1.99473 2.92335 1.99306 1.83655 1.70304
threshold=0.99999828385692868 355.07500000000005 275.99000000000007 954.50000000000011 1192.825 701.60500000000013 676.36500000000012 0.087121212121212141 163.73000000000002 533.54500000000019 60.50102669404518 36.468172484599599 1383.2800000000002 4.5000000000000009 3.9876796714579057 163.34 167.99000000000004 209.64000000000001 56.495000000000005 191.61000000000004 3.5000000000000004 52.100000000000009 156.03500000000003 219.17000000000004 421.50000000000006 313.76500000000004 1.5000000000000002
decision_type=8 10 8 2 8 8 10 8 10 10 8 8 10 8 10 8 8 8 10 10 10 10 8 8 10 8 8
left_child=1 2 3 7 5 6 -3 25 -9 -5 13 14 -13 -6 -12 21 -17 18 20 -20 -18 -2 26 -24 -4 -1 -19
right_child=15 4 24 9 10 -7 -8 8 -10 -11 11 12 -14 -15 -16 16 17 22 19 -21 -22 -23 23 -25 -26 -27 -28
leaf_value=-0.045106958989088085 -0.04982955842308142 0.036185968343497653 -0.011811887586631903 -0.050027096721711364 -0.063796313080340936 0.058966125369448223 -0.0080945573297008591 0.051287510934561777 0.0059913416911847386 -0.0025557290147463162 0.015760198502228182 -0.033030231675445519 0.016005796257263991 0.020852472571017116 0.07075350158700032 0.056346067633778453 -0.019678992791671315 -0.0037818761326089767 -0.011609748336260536 -0.076926767449236738 0.027964925514478656 0.0066649018617956531 0.0090543467351297292 -0.00082320920254560451 -0.055353433259991397 -0.0031038349972581734 -0.041888427967792539
leaf_weight=4.5578117668628666 4.0564225297421208 9.1483676973730379 4.7107800357043725 5.8999308459460718 3.5398417115211478 6.4747360050678244 7.7964364737272254 3.8017455264925948 78.185705056414008 5.5939558371901512 2.6202928647398958 9.7204069700092095 16.867494329810143 3.2213771566748619 4.6304809004068375 3.6559758745133868 5.969716355204584 6.6648954963311526 5.6602023863233608 4.1152474209666252 4.3608585186302662 2.561739967437461 82.235373772680759 840.54535530426074 5.9447714984416962 6.0660047829151162 5.2349486239254484
leaf_count=21 30 38 22 37 22 26 31 14 322 23 13 52 65 20 30 15 31 44 39 25 19 21 517 4985 25 23 33
internal_value=4.39307e-06 0.00309733 -0.00222339 0.00124441 0.0126352 0.0277428 0.0158122 0.00474027 0.00809172 -0.0269233 0.00392056 0.00939249 -0.00192154 -0.0234655 0.05088 -0.000568582 -0.000379428 -0.000596636 -0.018791 -0.0391068 0.000432994 -0.0279618 -0.000205254 5.70481e-05 -0.0361039 -0.0211239 -0.0205456
internal_weight=1143.84 178.78 114.761 104.105 64.0194 23.4195 16.9448 92.6113 81.9875 11.4939 40.5999 33.8387 26.5879 6.76122 7.25077 965.061 958.443 954.787 20.106 9.77545 10.3306 6.61816 934.681 922.781 10.6556 10.6238 11.8998
internal_count=6543 784 487 440 297 95 69 380 336 60 202 160 117 42 43 5759 5708 5693 114 64 50 51 5579 5502 47 44 77
is_linear=0
shrinkage=0.05


Tree=182
num_leaves=29
num_cat=0
split_feature=10 10 10 3 9 9 9 0 10 13 13 17 13 9 0 2 3 9 1 20 9 3 0 16 10 2 13 9
split_gain=0.891419 4.61408 3.52586 3.02576 2.64503 4.82968 5.31303 4.68479 3.22846 7.40316 2.73367 2.54563 4.49164 1.88049 4.31247 6.39808 3.82867 4.85979 3.99118 3.1152 3.00167 3.45052 7.80307 2.63559 4.35051 3.50748 2.48333 1.97642
threshold=35.99178644763861 34.496919917864481 32.969199178644772 175.11000000000004 54.47227926078029 75.466119096509246 87.474332648870657 487.91000000000003 29.026694045174541 0.31780374898617986 0.58034705535054332 0.25833333333333336 0.3132094156033674 60.50102669404518 194.83000000000001 239.20500000000004 206.65000000000003 42.480492813141687 575.33500000000015 1068.5000000000002 65.987679671457911 184.97500000000002 896.42000000000019 0.22394759142021917 87.457905544147863 14799.050000000001 0.323020034184552 48.509240246406577
decision_type=8 10 10 8 10 10 10 10 10 10 8 8 8 8 10 10 8 10 10 2 8 10 10 8 10 10 8 10
left_child=1 2 4 -4 8 7 -7 -6 10 -10 -1 -3 -13 14 26 27 17 -17 -18 20 21 -15 -23 24 -22 -25 -2 -16
right_child=13 11 3 -5 5 6 -8 -9 9 -11 -12 12 -14 19 15 16 18 -19 -20 -21 23 22 -24 25 -26 -27 -28 -29
leaf_value=0.008796812373589237 0.057797406902504768 0.074379673919345662 -0.061376778563158353 -0.0043955273264888349 -0.032276629129105804 0.04125798548641757 -0.0096987998801196986 0.0082245505840264268 -0.016171582750953893 0.047622346338303652 -0.0085151922473536198 0.05949673591739757 -0.023672863390740512 0.05592649460044935 -0.027634092588881179 -0.0079989217706691908 -0.022912104011920915 0.024552999304408851 0.010252891985988971 0.043436443703978832 0.042993728517974623 -0.043403694295469003 0.037619315427335258 -0.0012436805398989171 -0.0029142442396588534 0.034205123959184097 0.0034697295233931539 -0.082518165156558104
leaf_weight=72.868942546658218 3.7985405791550848 3.0767541304230663 4.0045641046017382 5.5706009082496175 21.255504286848009 8.9850450176745671 11.877516571898012 10.751483882777391 6.9979196209460524 12.988994795829056 33.188767241314054 3.348383430391551 3.1510579804889858 4.9296465869992998 3.0676923636347047 31.629136305302382 40.931918228976429 17.985768059268594 11.654474276117979 4.1460546446032813 9.1214797776192444 4.8178345188498479 7.7544603804126382 777.93975022435188 11.88452655635774 7.0411844223272047 4.7136372830718765 3.5253267735242844
leaf_count=449 28 13 37 29 147 47 75 64 56 58 178 24 21 29 26 256 312 106 83 19 50 30 45 4125 102 84 31 19
internal_value=4.04848e-06 0.00305394 0.00133381 -0.0282265 0.00291582 -0.00647107 0.0122472 -0.0186719 0.00685317 0.0252865 0.00337935 0.0369115 0.0191745 -0.000635228 -0.00655986 -0.00924143 -0.00616175 0.00380139 -0.0155619 0.000204512 -1.31494e-05 0.0204722 0.00657045 -0.000457987 0.0170205 -0.000925709 0.0277133 -0.0569809
internal_weight=1143.01 198.066 188.489 9.57517 178.914 52.8695 20.8626 32.007 126.045 19.9869 106.058 9.5762 6.49944 944.941 117.306 108.794 102.201 49.6149 52.5864 827.635 823.489 17.5019 12.5723 805.987 21.006 784.981 8.51218 6.59302
internal_count=6543 1198 1140 66 1074 333 122 211 741 114 627 58 45 5345 861 802 757 362 395 4484 4465 104 75 4361 152 4209 59 45
is_linear=0
shrinkage=0.05


Tree=183
num_leaves=31
num_cat=0
split_feature=10 10 1 11 15 15 20 2 15 1 10 15 17 2 10 20 20 17 17 10 11 1 10 2 2 20 13 20 13 13
split_gain=0.827954 2.57937 4.47527 4.49823 2.48499 3.01379 2.85388 4.06082 3.88673 2.07399 4.35445 2.49724 7.70291 5.61682 7.50472 4.66235 5.51643 8.52567 7.05091 5.45092 6.29541 3.14697 1.98874 3.05086 2.07346 1.82122 1.67876 6.18024 4.65022 0.62764
threshold=40.000000000000007 43.006160164271058 209.64000000000001 4.5174537987679679 24.459958932238198 27.022587268993842 329.50000000000006 701.60500000000013 64.492813141683783 209.64000000000001 21.043121149897335 71.991786447638617 0.63068181818181823 269.09500000000008 21.995893223819305 556.00000000000011 443.00000000000006 0.33771929824561409 0.28991596638655465 12.928131416837784 -1.4784394250513346 302.32000000000005 8.9856262833675586 219.50000000000003 294.03000000000003 1.0000000180025095e-35 0.53005886807610958 757.50000000000011 0.54654342346052298 0.64971701569910922
decision_type=8 8 10 10 10 10 2 10 10 8 10 8 8 10 10 2 2 8 8 10 10 10 10 10 8 2 8 2 8 10
left_child=9 2 3 29 25 -6 7 -7 -8 10 -1 15 13 14 -13 16 18 -18 -11 -17 -21 -15 24 -24 -14 -3 27 -27 -28 -2
right_child=1 4 -4 -5 5 6 8 -9 -10 11 -12 12 22 21 -16 19 17 -19 -20 20 -22 -23 23 -25 -26 26 28 -29 -30 -31
leaf_value=0.016933260391708459 0.0028481404938427279 -0.03779870986083534 0.020931069048217774 -0.074181474715736884 0.048530812689633072 0.016757425498354243 0.025795916193709603 -0.036590748476532417 -0.0079201017086779311 -0.036951492601072243 -0.05754894236821996 -0.053372309552812941 0.048802886249076242 0.06134570500218315 0.040232264825785069 -0.050561082174353913 -0.0016686413666708395 -0.052063723427349599 0.015973733667534379 -0.025184164281081015 0.025203507252599767 0.017905978262388805 -0.039162643752776276 0.0010527354005657899 0.00067687681545679983 -1.365548709504591e-05 0.042634155811257492 -0.018649609889017153 0.00017594813916051142 -0.025597683963166109
leaf_weight=3.7084011491388074 3.6488211154937762 3.3439386300742617 4.865248827263712 4.7071297634392977 4.6291538164950898 6.5082687484100443 23.890250774566084 7.8933102141600102 13.309930732124483 8.1061020102351886 4.1676187552511692 3.859991420060398 4.1670542061328861 12.752330850809814 4.8091943562030792 3.3137407042086116 19.030637683346868 15.013465616852043 28.135673661716282 7.5725668147206298 34.172808113042265 6.1944892453029743 5.1208184454590073 59.662120086140931 4.8347901375964293 197.43977530393749 6.5216209813952437 57.42781295068562 578.82656174106523 4.1386274695396423
leaf_count=20 22 20 34 33 41 52 255 108 201 66 32 21 17 65 21 20 126 130 181 44 243 31 31 294 30 1283 38 389 2676 19
internal_value=4.1103e-06 -0.000662219 -0.0197521 -0.0355937 -0.000293913 0.00988337 0.00641634 -0.012482 0.0137326 0.00272479 -0.0224792 0.00364064 0.0093647 0.0318905 -0.00144557 -0.00139142 -0.0094402 -0.0238929 0.00413609 0.0111635 0.0160632 0.0471435 0.000933803 -0.00212612 0.0229549 -0.000972322 -0.000825758 -0.00421279 0.000648994 -0.0122693
internal_weight=1141.77 917.15 17.3598 12.4946 899.791 56.2309 51.6018 14.4016 37.2002 224.622 7.87602 216.746 101.401 27.616 8.66919 115.345 70.2859 34.0441 36.2418 45.0591 41.7454 18.9468 73.7848 64.7829 9.00184 843.56 840.216 254.868 585.348 7.78745
internal_count=6543 5171 108 74 5063 657 616 160 456 1372 52 1320 510 138 42 810 503 256 247 307 287 96 372 325 47 4406 4386 1672 2714 41
is_linear=0
shrinkage=0.05


Tree=184
num_leaves=28
num_cat=0
split_feature=5 13 19 3 16 16 20 0 10 20 9 20 13 9 20 20 9 5 17 9 2 0 17 9 2 2 10
split_gain=0.820616 2.09312 1.84085 1.8428 1.8281 1.71545 3.18879 4.64188 1.43519 3.08441 3.77522 3.72435 4.04254 2.24042 3.14502 2.99671 2.23227 1.45459 6.25965 1.72025 1.43055 1.43454 0.585904 0.52105 0.00391785 0.00208554 0.000361396
threshold=40.500000000000007 0.12379801781887183 106.50000000000001 341.67000000000002 10.406593406593409 1.4438868613138689 446.50000000000006 282.52500000000003 22.061601642710475 40.500000000000007 25.938398357289532 423.50000000000006 0.81673020440437538 25.018480492813143 17.500000000000004 589.00000000000011 23.014373716632445 8.5000000000000018 0.54772727272727284 49.478439425051342 604.54000000000008 294.85500000000008 0.24404761904761907 85.486652977412746 540.02500000000009 294.03000000000003 6.5051334702258741
decision_type=10 8 2 10 10 10 2 10 8 2 10 2 10 8 2 2 10 8 8 8 8 10 10 10 10 10 10
left_child=5 -2 3 -3 24 8 7 -7 9 10 -1 16 -13 14 -10 -16 -11 18 -15 -19 21 -8 -9 -5 25 -4 -26
right_child=1 2 4 23 -6 6 20 22 13 11 -12 12 -14 17 15 -17 -18 19 -20 -21 -22 -23 -24 -25 26 -27 -28
leaf_value=-0.060226187264240921 -0.032537944496630687 -0.020466835636356488 0.052729802279724104 0.0069321740856915798 -0.027633649409131423 -0.035423166919635214 -0.027175798307115074 0.023569897741356059 0.062460812022664694 0.014864171188049913 0.010689594657758757 3.4726876120279169e-05 0.050947838025820771 -0.021788679225452211 -0.037821631586830405 -0.0018581528680692517 0.058782856405685785 -0.0072372129789563316 0.021035279171757213 0.00026883616131316275 -0.0074171088955125768 -0.072845058070112295 0.059007703584918317 0.053928780124059522 0.052682079842374899 0.05544965323568956 0.050980315149502881
leaf_weight=3.5485725663602343 2.2173687177710208 3.7388226604089141 1.2557373289018872 0.97914303652942214 0.82235754933208216 3.4559820815920848 4.1478599347174141 2.36765574850142 1.2343691140413309 5.8345053642988187 3.9833440221846104 41.071305777877569 4.3077661581337443 11.836198169738052 11.337146923178809 11.843701018020509 5.7393242605030537 83.471455635502934 30.579600724391639 892.49481039913371 3.6044546533375987 2.9370861314237118 2.2988044675439596 1.483108597807586 0.39294069446623314 1.6064460733905432 1.51413787540514
leaf_count=22 38 25 23 14 11 22 22 20 13 33 23 218 19 76 177 125 34 540 151 4690 31 22 20 30 9 24 111
internal_value=4.85328e-06 0.0120312 0.0204115 0.00165261 0.0412151 -0.00014477 -0.0151169 0.00849877 0.000109595 0.0073484 -0.0227215 0.0113251 0.00486783 -0.00033804 -0.0153059 -0.019447 0.0366429 2.0807e-05 0.00908518 -0.000373134 -0.0330616 -0.0461081 0.0410274 0.03524 0.0530866 0.0542564 0.051331
internal_weight=1140.1 14.0101 11.7927 6.20107 5.59162 1126.09 18.8118 8.12244 1107.28 64.4848 7.53192 56.9529 45.3791 1042.8 24.4152 23.1808 11.5738 1018.38 42.4158 975.966 10.6894 7.08495 4.66646 2.46225 4.76926 2.86218 1.90708
internal_count=6543 285 247 69 178 6258 137 62 6121 349 45 304 237 5772 315 302 67 5457 227 5230 75 44 40 44 167 47 120
is_linear=0
shrinkage=0.05


Tree=185
num_leaves=24
num_cat=0
split_feature=2 1 0 1 5 12 0 1 3 8 15 1 2 0 10 0 17 10 9 3 0 9 0
split_gain=0.818433 3.68459 5.02299 3.02565 2.8689 2.91097 2.57213 2.63587 2.89497 2.49791 2.17278 2.15032 2.06533 2.00422 2.06387 3.58812 1.83961 1.79431 1.74398 1.70899 0.48772 0.443502 0.132954
threshold=1100.8400000000004 2546.0200000000004 2167.5200000000004 1781.9900000000002 -1.0000000180025095e-35 1.2453621511232134 1160.9350000000002 1383.2800000000002 227.77500000000001 26.500000000000004 74.036960985626294 1179.6550000000002 1043.4200000000003 1295.7100000000003 18.004106776180702 1610.5000000000002 0.90121951219512209 40.000000000000007 25.938398357289532 977.65000000000009 1249.4650000000004 122.46406570841891 1167.4350000000002
decision_type=10 10 10 10 10 10 10 8 8 10 8 8 10 10 10 10 8 8 10 10 10 8 10
left_child=1 2 3 9 5 6 21 10 -9 12 -8 -7 -1 16 -15 -16 -6 -13 -17 -19 22 -2 -18
right_child=4 -3 -4 -5 13 11 7 8 -10 -11 -12 17 -14 14 15 18 20 19 -20 -21 -22 -23 -24
leaf_value=-0.00012709735297172418 -0.027069854288799062 0.032758291733260891 -0.054315192519335656 0.033751446988919208 0.00078404398888992318 -0.02924302564273101 -0.010707578202590596 -0.028302388400212222 -0.0062033356046119125 0.035106281860636454 0.043493935072097777 -0.039051853964842204 0.023309001021257061 0.068216321183081435 -0.044984288973731482 -0.021407816563338535 0.055599706898954951 0.0050395779078591307 0.014352187072797611 0.029862703050853912 0.088475512390041089 -0.05297713808848932 0.027298348158737568
leaf_weight=911.83427100721747 3.3172617293894282 8.8295733630657178 4.1900256276130667 6.8127765655517569 1.9788897612597782 3.7925394438207141 3.2006090879440299 17.814554676413536 88.150970248505473 5.1285595707595339 4.3783442750573158 1.7308107819408167 9.4986056648194772 1.2371599376201654 3.5310488645918694 4.0422758394852307 1.4697463402990258 20.978188663721088 21.778979920316488 10.356936452910302 1.1345314383506773 3.2905732914805412 0.57824459043331433
leaf_count=4884 20 33 20 26 26 24 28 147 476 29 20 19 62 5 35 50 62 150 227 157 5 24 14
internal_value=5.00888e-06 0.000609913 0.000307121 0.000552353 -0.00296455 -0.00587524 -0.00964598 -0.00788117 -0.00991855 0.000308222 0.0206045 0.00641672 0.00011452 0.00981864 0.00495571 0.00228936 0.0386391 0.0105068 0.00875402 0.0132442 0.0621774 -0.0399712 0.0476089
internal_weight=1139.06 946.294 937.464 933.274 192.762 157.011 120.152 113.544 105.966 926.461 7.57895 36.8585 921.333 35.7509 30.5895 29.3523 5.16141 33.0659 25.8213 31.3351 3.18252 6.60784 2.04799
internal_count=6543 5054 5021 5001 1489 1065 715 671 623 4975 48 350 4946 424 317 312 107 326 277 307 81 44 76
is_linear=0
shrinkage=0.05


Tree=186
num_leaves=26
num_cat=0
split_feature=19 11 3 3 11 20 2 19 10 20 10 13 7 19 12 20 1 19 15 3 2 19 3 17 2
split_gain=0.816005 2.48644 0.952321 2.79494 4.79065 4.75663 4.36658 4.20567 6.88792 3.96313 3.51902 3.51288 2.26059 2.04029 5.17624 4.01213 3.25197 2.57228 1.86796 1.52858 1.50944 1.34873 0.572285 1.33568 0.500983
threshold=19.500000000000004 8.5256673511293659 134.38000000000002 52.100000000000009 38.505133470225879 67.000000000000014 895.19500000000005 154.50000000000003 70.981519507186874 635.00000000000011 25.018480492813143 0.19537904036918094 38.500000000000007 217.50000000000003 1.0548605913190696 1.0000000180025095e-35 844.37000000000012 206.50000000000003 -1.0000000180025095e-35 84.610000000000014 799.32000000000005 65.500000000000014 19.900000000000002 0.42481203007518803 470.50000000000006
decision_type=2 8 8 10 10 2 8 2 10 2 8 10 10 2 8 2 8 2 10 10 10 2 10 8 10
left_child=1 -1 3 4 5 10 7 8 -5 -7 -2 -9 13 15 16 -4 -15 -17 -8 -20 -16 -6 -3 -24 -23
right_child=2 22 12 6 21 9 18 11 -10 -11 -12 -13 -14 14 20 17 -18 -19 19 -21 -22 24 23 -25 -26
leaf_value=0.046850891892551587 0.0077287524203167859 0.011863650280976922 -0.070795693203889273 -0.012612907956569556 -0.0081149730231363394 0.013300077573602824 -0.069065178250093368 -0.022241800995885474 0.059873148891800815 -0.0052419411933883695 -0.048306368443401498 0.03008638326221133 -0.038020596597003707 -0.027367525045106901 -0.057155689263913373 0.00091673316736003987 0.017719397882009408 0.016224341830269561 -0.054926367788148238 0.0070542836819046956 -0.01162676999956011 -0.065268543754212399 0.012820066810270522 -0.036228191983851403 -0.033458824683137454
leaf_weight=3.7486237771809083 4.6008831439539764 4.8810518775135261 1.9265366382896889 91.207972474396229 2.7579954024404278 82.670805805362761 3.88399837911129 4.281288010999563 3.3994725830852977 44.239325221627951 7.1653455505147585 12.784562541171907 3.7597107943147412 6.0011736657470527 6.3027244377881271 796.86531739821658 11.989112105220554 28.422568250447512 1.7894850373268116 2.2398926932364702 2.5598378768190742 2.8788256421685219 2.7872429974377155 2.7649272922426462 2.1713930638507009
leaf_count=28 32 21 11 567 28 506 36 31 19 311 56 77 38 32 31 4300 60 177 19 24 41 26 25 20 27
internal_value=4.88442e-06 0.0119235 -0.00014551 -0.00275887 0.00187136 0.00401695 -0.00843055 -0.0058872 -0.0100083 0.00683656 -0.0263953 0.0169589 0.000665072 0.000835371 -0.0127285 0.00127568 0.00267937 0.00144392 -0.0443222 -0.0204719 -0.0440052 -0.0362349 -0.000625749 -0.0116055 -0.0515916
internal_weight=1138.08 14.1818 1123.9 266.071 146.485 138.676 119.587 111.673 94.6074 126.91 11.7662 17.0659 857.827 854.067 26.8528 827.214 17.9903 825.288 7.91338 4.02938 8.86256 7.80821 10.4332 5.55217 5.05022
internal_count=6543 94 6449 1759 986 905 773 694 586 817 88 108 4690 4652 164 4488 92 4477 79 43 72 81 66 45 53
is_linear=0
shrinkage=0.05


Tree=187
num_leaves=26
num_cat=0
split_feature=10 10 1 11 10 12 15 15 15 19 13 1 11 0 20 15 1 15 15 10 10 13 11 16 13
split_gain=0.820332 2.29455 3.97468 4.10415 2.33694 1.9981 2.08049 4.47514 3.51609 2.50993 3.21804 2.24248 1.88972 2.12104 1.92294 1.86441 6.7124 5.6031 4.52713 3.24211 6.03282 1.63003 1.2639 1.24381 0.579736
threshold=40.000000000000007 43.006160164271058 209.64000000000001 4.5174537987679679 44.041067761806993 0.86487655136532438 31.063655030800827 36.468172484599599 30.04517453798768 188.50000000000003 0.42559892244174441 857.7650000000001 -1.4784394250513346 239.46500000000003 397.50000000000006 3.4825462012320334 359.12500000000006 31.030800821355239 4.0246406570841904 48.969199178644772 52.977412731006169 0.64648498746548233 14.012320328542096 1.6819457857769977 0.64971701569910922
decision_type=8 8 10 10 8 10 10 8 10 2 8 10 10 8 2 10 10 8 10 8 8 10 8 8 10
left_child=5 2 3 24 23 -1 8 21 9 11 -11 -7 14 -14 -9 19 18 -18 -17 22 -21 -8 -6 -3 -2
right_child=1 4 -4 -5 15 6 7 12 -10 10 -12 -13 13 -15 -16 16 17 -19 -20 20 -22 -23 -24 -25 -26
leaf_value=0.035263618797039008 0.0032231858233640652 0.0064583021324929506 0.019754526641251637 -0.070528447887784548 -0.0059864601044014414 0.0030139615333525044 -0.064941009929343013 0.0087693578636840082 0.053748224661013692 0.0068992685862301773 -0.067358704806393083 0.032822490242445095 0.047781986524889186 0.0019595737169872569 -0.047291738089165009 0.081640423951813493 -0.038848244787251532 0.0058843319447545962 0.0095565691596472477 0.04423737756017973 -0.0015832575531964446 -0.021300318277415783 -0.046403466489787167 0.045566642666430936 -0.024134150081081187
leaf_weight=4.6201583445072165 3.6403621323406714 3.9938832148909569 4.8436055090278378 4.6951662236824632 2.9808363020420057 172.08073509857059 3.8087340705096704 2.850581351667647 3.4848341308534136 3.0009582154452792 2.8393861018121243 6.5495367562398306 3.1888524051755658 12.138496603118256 3.3008506000041962 2.2283992841839781 14.043813265860079 13.957890007994139 96.590218574274331 7.2533092983067027 746.73453727294691 4.8828104585409164 5.5094045270234346 4.1410929132252914 4.1375017911195755
leaf_count=29 22 27 34 33 12 983 26 12 19 23 17 46 27 132 28 10 113 185 804 43 3804 30 46 19 19
internal_value=3.99972e-06 -0.000658588 -0.0186861 -0.0336137 -0.000310733 0.00272505 0.00203584 -0.0101523 0.00399226 0.00305232 -0.0292026 0.0041069 0.00209746 0.0114929 -0.021313 -0.000554765 0.00505876 -0.0165506 0.0111821 -0.00148844 -0.00114247 -0.0404242 -0.0322135 0.0263663 -0.0113298
internal_weight=1137.5 914.75 17.3166 12.473 897.433 222.746 218.126 30.1703 187.955 184.471 5.84034 178.63 21.4788 15.3273 6.15143 889.298 126.82 28.0017 98.8186 762.478 753.988 8.69154 8.49024 8.13498 7.77786
internal_count=6543 5171 108 74 5063 1372 1343 255 1088 1069 40 1029 199 159 40 5017 1112 298 814 3905 3847 56 58 46 41
is_linear=0
shrinkage=0.05


Tree=188
num_leaves=31
num_cat=0
split_feature=0 7 19 3 1 3 3 0 3 3 3 15 0 12 12 2 20 12 3 20 20 20 12 20 20 19 3 2 20 2
split_gain=0.772357 2.84034 4.64467 3.70995 3.16293 2.82047 2.74005 2.6049 2.66018 5.11725 3.18138 2.84017 2.31145 2.29205 2.93833 3.09882 2.28433 2.11393 2.10853 2.10083 7.78145 4.80232 7.66585 3.9753 3.67463 4.44088 3.16613 2.92556 3.30751 1.85492
threshold=219.17000000000004 40.500000000000007 208.00000000000003 179.96500000000003 2491.3000000000006 189.89500000000001 182.57000000000002 239.46500000000003 54.955000000000005 129.95500000000001 163.56000000000003 32.016427104722801 182.24000000000004 2.167859309661111 2.968351265636866 1788.0450000000003 152.50000000000003 2.8149139044754254 8.6800000000000015 964.50000000000011 791.50000000000011 724.50000000000011 0.99999828385692868 1071.5000000000002 844.50000000000011 203.50000000000003 109.26000000000002 191.68000000000004 977.00000000000011 164.99500000000003
decision_type=10 8 2 8 8 10 8 10 8 8 8 8 10 10 8 10 2 10 10 2 2 2 10 2 2 2 10 8 2 10
left_child=5 7 3 4 -3 19 -4 8 11 -10 -11 -2 -7 -9 -15 -16 -5 -18 -6 20 21 26 -23 27 -22 -26 -1 29 -29 -21
right_child=1 2 6 16 18 12 -8 13 9 10 -12 -13 -14 14 15 -17 17 -19 -20 23 24 22 -24 -25 25 -27 -28 28 -30 -31
leaf_value=0.0033235290187816832 -0.014984685889855444 0.014787614208925959 0.056937380306058966 0.013753197219331749 -0.0056859182532756035 0.0049764533982229525 0.0011260050159191462 0.00045205783399138264 -0.050064065543923134 0.032663747191090484 -0.019323809511473718 0.041791570225400643 0.055421784615892061 0.057002008179733159 0.057519064587560759 -0.020719822420061453 -0.015828897091555563 0.025628986781387628 -0.059963445183780856 -0.01085586760489439 0.055565478294926335 -0.042502437885377505 0.036856391967185369 0.038350052827972075 0.0071059385494057666 0.055500958102851917 -0.017636092010079662 -0.04091227051970836 -0.0064060280683390066 0.038078000151858582
leaf_weight=203.52459062822163 5.1304965596646053 2.3621566742658588 3.7109033651649925 9.574949396774171 2.244833406060935 4.6688620708882791 5.3982034735381612 685.11104012047872 9.8303537629544753 4.3330075889825794 9.1718706898391247 3.8598149679601192 4.4211463546380401 4.1091368873603615 1.7930231529753662 4.3023166612256318 44.852940986864269 3.3010923415422431 8.8171185776591283 4.0745742283761492 7.3211060296744099 14.109214782714846 3.8798549510538569 3.9110209494829169 25.250345082953576 5.8359156399965277 19.767843850888312 12.867288406938316 15.087292857468126 3.6909076143056154
leaf_count=924 36 18 20 50 15 47 31 4079 57 25 48 21 38 80 33 81 266 16 83 28 28 70 20 14 111 23 123 70 67 21
internal_value=3.8494e-06 -0.000827261 -0.0097537 -0.0140573 -0.0377335 0.00204842 0.0238627 0.000157367 -0.0137174 -0.0226203 -0.00264373 0.00939109 0.0295118 0.000802411 0.0243245 0.00229516 -0.00855173 -0.0129868 -0.0489488 0.00126662 0.00279325 -0.000534174 -0.0253864 -0.00950724 0.0236967 0.0161913 0.001468 -0.0147472 -0.022289 0.0124022
internal_weight=1136.31 807.903 80.2622 71.1531 13.4241 328.41 9.10911 727.641 32.3255 23.3352 13.5049 8.99031 9.09001 695.316 10.2045 6.09534 57.729 48.154 11.062 319.32 279.689 241.282 17.9891 39.6311 38.4074 31.0863 223.292 35.7201 27.9546 7.76548
internal_count=6543 4959 499 448 116 1584 51 4460 187 130 73 57 85 4273 194 114 332 282 98 1499 1299 1137 90 200 162 134 1047 186 137 49
is_linear=0
shrinkage=0.05


Tree=189
num_leaves=26
num_cat=0
split_feature=10 10 1 11 10 9 3 1 16 16 1 5 20 3 12 6 8 16 6 20 3 1 3 8 20
split_gain=0.791549 2.04195 3.59651 3.68405 2.09722 1.90254 2.84481 2.83348 4.46192 3.10303 5.34765 3.76168 2.47934 2.03216 1.88209 1.81893 2.01718 1.86884 2.0941 1.79777 1.77434 1.72227 1.44148 0.784051 0.636029
threshold=40.000000000000007 43.006160164271058 209.64000000000001 4.5174537987679679 44.041067761806993 105.49486652977414 438.23000000000008 507.69000000000005 0.42555893063085154 0.66951126068805544 206.60500000000005 25.500000000000004 196.50000000000003 563.85000000000014 1.0031536229823554 47.500000000000007 1.5000000000000002 0.64534300981562454 -1.0000000180025095e-35 454.00000000000006 233.52500000000001 181.19500000000002 518.7700000000001 2.5000000000000004 444.50000000000006
decision_type=8 8 10 10 8 10 10 10 10 10 8 8 2 10 10 10 8 10 10 2 10 8 8 8 2
left_child=5 2 3 23 22 6 7 9 20 10 -1 -11 -8 -14 -15 17 24 21 -19 -7 -9 -6 -3 -2 -17
right_child=1 4 -4 -5 15 19 12 8 -10 11 -12 -13 13 14 -16 16 -18 18 -20 -21 -22 -23 -24 -25 -26
leaf_value=-0.044171542403442947 0.0052957017791298508 0.0066714507619751815 0.018882754591090952 -0.066912307679892355 0.013313285919813284 -0.039989698012037694 0.060691744177071565 -0.02917318550057332 0.016615627320981163 -0.058086556986569851 0.0083357352535657122 -0.0046302176561414587 0.043952346571096854 0.014250782547954083 -0.023134923494228143 -0.025414467513624264 -0.059121671404858606 0.005155263619564603 0.051567442443941458 0.0025868998487109281 -0.090515996570616181 -0.000978370179201558 0.049104131890479324 -0.02652073514741117 0.017952151189669144
leaf_weight=5.0370077136903992 3.8406577110290545 4.6589126056060168 4.8415744677186003 4.6853677770122886 21.617348618805408 4.9642290417104942 3.087927388027313 2.4338797666132432 3.342924939468503 3.6120017841458321 130.00505194626749 37.026757850311697 4.4433487337082651 16.7175153978169 4.2152708033099762 1.5504435952752822 2.7849416797980666 7.6329821354011056 3.5657286180648953 4.9530550346244127 2.2860446386039257 848.53948222473264 3.5088818185031423 3.9052356481552124 1.8595049344003198
leaf_count=34 16 29 34 33 109 26 18 27 27 25 748 256 27 88 42 17 26 112 50 38 16 4679 17 25 24
internal_value=3.09451e-06 -0.000648165 -0.0176762 -0.0319147 -0.000319801 0.00267994 0.00368029 0.00140174 -0.0275812 0.00273191 0.00637724 -0.00938146 0.018389 0.0132413 0.00672236 -0.000551895 -0.0275504 -0.000362127 0.0199331 -0.0187254 -0.0588839 -0.000623322 0.0249005 -0.0107451 -0.00176589
internal_weight=1135.12 912.991 17.2728 12.4313 895.718 222.125 212.208 183.744 8.06285 175.681 135.042 40.6388 28.4641 25.3761 20.9328 887.55 6.19489 881.356 11.1987 9.91728 4.71992 870.157 8.16779 7.74589 3.40995
internal_count=6543 5171 108 74 5063 1372 1308 1133 70 1063 782 281 175 157 130 5017 67 4950 162 64 43 4788 46 41 41
is_linear=0
shrinkage=0.05


Tree=190
num_leaves=31
num_cat=0
split_feature=17 7 9 11 0 20 0 7 1 0 1 0 0 2 16 16 2 13 20 0 9 9 2 11 20 19 19 20 20 3
split_gain=0.814945 3.9483 4.85761 4.72261 4.99428 4.51963 2.87881 2.45547 4.08825 5.3839 7.51262 4.61707 3.43379 6.55543 4.04309 2.1246 1.93354 1.77681 1.6548 3.83393 5.83869 5.35806 4.92944 3.40376 2.05866 3.3482 3.13015 1.98808 1.74658 1.33076
threshold=0.97555158020274313 2.5000000000000004 63.983572895277213 -3.9917864476386034 968.53000000000009 361.50000000000006 323.85000000000008 3.5000000000000004 533.54500000000019 766.36500000000012 944.80000000000007 1875.6600000000001 286.57000000000011 712.00000000000011 1.4520701583698181 0.12279362378593271 219.50000000000003 0.90211891039132763 1043.5000000000002 257.04500000000002 7.4743326488706376 58.496919917864481 393.99000000000007 20.024640657084195 1026.0000000000002 129.00000000000003 144.50000000000003 977.00000000000011 958.50000000000011 114.39000000000001
decision_type=10 10 10 10 10 2 10 10 10 10 10 10 10 10 8 8 8 8 2 8 10 8 10 8 2 2 2 2 2 8
left_child=7 3 5 17 -5 -3 -7 18 12 -10 -11 -12 16 14 -14 -15 -9 -2 24 21 22 -20 -21 -22 27 29 -27 28 -1 -26
right_child=1 2 -4 4 -6 6 -8 8 9 10 11 -13 13 15 -16 -17 -18 -19 19 20 23 -23 -24 -25 25 26 -28 -29 -30 -31
leaf_value=-7.329309386036885e-05 -0.031387936773558382 -0.0064374645089760587 0.017449156043354622 0.096180141886147721 0.0012715741589692554 -0.025463421803075571 -0.087531113671835983 0.010689060038926543 -0.06074600660298321 0.084152944316724612 -0.058999982094663131 0.005296614275468626 0.0085054278692775816 -0.01667259261880643 0.069014258764472175 0.019503044586786242 -0.032254948737050822 0.0090532543601767237 0.033563192423673387 0.014174060443768666 0.025599156120756889 -0.045025271758905222 0.061044833310227004 -0.033172595092805159 -0.019249701239517473 0.03437491839868069 -0.020882858242315991 0.024702100532270316 -0.0082657647210471093 -0.060544106983378324
leaf_weight=889.30737999000121 4.7573146149516115 6.2797907069325465 5.4656506255269042 2.7428063871338955 2.8023225134238601 3.0614376366138458 4.7931253518909216 7.1334445700049374 3.9353523757308748 2.5064890049397972 3.5785936415195492 12.704208689508958 3.7836846504360437 6.2023818399757147 10.210648037493231 11.742996165063234 4.1436852104961881 6.329808186739684 3.2464159112423632 17.152720458805565 3.6696210536174458 6.5341702215373525 8.335724074393509 7.4956514621153474 3.5426205359399345 4.2336828857660276 6.493782464414835 7.7817717455327502 70.192692935932428 4.342558778822422
leaf_count=5072 30 33 41 25 29 15 28 41 22 10 23 104 28 37 53 97 24 26 24 66 29 37 50 65 21 19 35 39 393 27
internal_value=3.15045e-06 -0.00737485 -0.0225794 0.0105428 0.0482165 -0.0380582 -0.0633393 0.000246553 0.00960087 -0.00756783 0.00357016 -0.00883433 0.0186287 0.0270033 0.0526543 0.00699982 -0.00509035 -0.00829944 -0.000350968 0.00887324 0.0162948 -0.0189398 0.0295026 -0.0138564 -0.000785416 -0.0172564 0.00092508 -0.000468478 -0.000672617 -0.0419915
internal_weight=1134.5 36.2323 19.6 16.6323 5.54513 14.1344 7.85456 1098.27 65.9415 22.7246 18.7893 16.2828 43.2168 31.9397 13.9943 17.9454 11.2771 11.0871 1032.33 46.4343 36.6537 9.78059 25.4884 11.1653 985.894 18.6126 10.7275 967.282 959.5 7.88518
internal_count=6543 227 117 110 54 76 43 6316 439 159 137 127 280 215 81 134 65 56 5877 271 210 61 116 94 5606 102 54 5504 5465 48
is_linear=0
shrinkage=0.05


Tree=191
num_leaves=22
num_cat=0
split_feature=19 11 0 1 1 1 12 3 19 11 15 12 11 16 1 19 19 19 15 0 15
split_gain=0.76315 2.27931 0.888147 4.08478 3.74332 3.44056 5.10491 4.93002 3.11719 5.75757 3.04281 2.87829 2.08441 2.78842 2.03412 1.99432 8.26634 2.65748 1.69479 0.531736 1.24681
threshold=19.500000000000004 8.5256673511293659 426.12000000000006 426.89500000000004 533.54500000000019 390.76000000000005 0.26163574482307356 243.65000000000003 145.50000000000003 32.016427104722801 1.0000000180025095e-35 0.90027977897923317 -1.4784394250513346 0.55835601707161342 857.7650000000001 167.00000000000003 200.00000000000003 144.50000000000003 25.993839835728956 321.75000000000006 18.002053388090353
decision_type=2 8 8 8 10 10 10 10 2 10 8 10 8 8 10 2 2 2 10 10 8
left_child=1 -1 4 -4 5 8 -7 -8 10 -10 -2 -6 13 -5 -13 17 -17 -14 -15 -3 -21
right_child=2 19 3 12 11 6 7 -9 9 -11 -12 14 15 18 -16 16 -18 -19 -20 20 -22
leaf_value=0.045484782562188554 -0.016557146291407983 -0.017964769471951966 0.040753523769694357 0.021875212038477882 0.076659224943667448 -0.05883155918779262 0.0094543350452983756 -0.051739312800928611 0.0099694915902775166 -0.05237646600127769 -0.0018436498661531051 0.046218360636476483 0.00074637551421986251 -0.047901356960162851 -0.020071780840637595 -0.024647272456098115 0.0036811834264465874 0.010185229639033079 -0.0062101954039620174 -0.010559883567119593 0.03143527857477426
leaf_weight=3.6647316385060531 40.273360778577626 3.0441666478291136 6.3928559755440793 3.19589913636446 2.5393255352973929 6.4965678900480297 12.468793694395574 4.471773285418748 80.461533152498305 3.8817254039458922 275.5973985530436 2.1469351472333074 456.69143976457417 6.2425028719007951 2.5103381448425353 36.676726217847317 86.452958880923688 89.123808977659792 3.9993129782378674 4.2452272251248377 3.028130264952777
leaf_count=28 321 17 36 15 9 31 67 40 427 47 1552 24 2549 52 23 174 556 503 23 24 25
internal_value=3.15148e-06 0.0116121 -0.000141825 0.000971956 -0.00192237 -0.0025298 -0.0211496 -0.00669885 -0.0014394 0.00710015 -0.00371961 0.0338359 0.000599265 -0.0188983 0.010487 0.00099093 -0.00475703 0.00228761 -0.0316214 -0.000419358 0.00692404
internal_weight=1133.61 13.9823 1119.62 688.776 430.848 423.651 23.4371 16.9406 400.214 84.3433 315.871 7.1966 682.383 13.4377 4.65727 668.945 123.13 545.815 10.2418 10.3175 7.27336
internal_count=6543 94 6449 3908 2541 2485 138 107 2347 474 1873 56 3872 90 47 3782 730 3052 75 66 49
is_linear=0
shrinkage=0.05


Tree=192
num_leaves=31
num_cat=0
split_feature=2 5 2 8 19 8 2 13 17 9 2 2 0 15 7 13 0 13 9 19 9 17 0 13 9 20 20 19 20 9
split_gain=0.790698 2.50348 2.17685 1.99732 1.92187 7.3088 2.59594 2.8898 2.95171 2.49556 2.59507 2.38187 2.16395 2.11217 3.8358 1.92554 1.83059 2.51763 1.92766 5.14759 2.52646 1.80399 1.53163 1.4752 1.83084 1.3649 6.29092 4.90322 0.946775 1.82371
threshold=1100.8400000000004 -1.0000000180025095e-35 1043.4200000000003 26.500000000000004 200.00000000000003 5.5000000000000009 4722.5150000000003 0.090644097178704058 0.8798076923076924 17.987679671457908 1693.7800000000002 2045.2550000000003 1723.6000000000001 43.498973305954834 40.500000000000007 0.63559537874696204 1295.7100000000003 0.68394270236762755 80.492813141683783 152.50000000000003 69.995893223819323 0.90121951219512209 2598.4600000000005 0.99892052822357924 52.468172484599599 907.50000000000011 847.00000000000011 138.00000000000003 536.00000000000011 63.983572895277213
decision_type=10 10 10 10 2 10 10 8 10 10 10 10 10 8 8 10 10 8 8 2 8 8 10 8 10 2 2 2 2 10
left_child=2 4 3 22 6 9 7 11 -9 10 -6 -2 -11 15 -15 -8 21 18 20 -20 -18 -3 25 24 -4 26 -1 -27 29 -19
right_child=1 16 23 -5 5 -7 13 8 -10 12 -12 -13 -14 14 -16 -17 17 28 19 -21 -22 -23 -24 -25 -26 27 -28 -29 -30 -31
leaf_value=0.00047512086878719902 -0.013106373790190796 -0.00048565269399882959 -0.014747811099893995 0.030445870137972175 0.0041610639681483414 -0.062779077431547689 -0.024727123187582748 -0.0061623676918193104 -0.042139984973713934 0.016295373646188011 0.05476955548530691 -0.056081026422521787 -0.028318106055054533 0.037810422745893781 -0.016229983253199031 0.013255088969631882 -0.0010638985056676388 -0.036637197865801621 -0.071428217924151299 0.030388915188525847 0.051856035594483908 0.061109980050116079 0.024573358989789757 0.048124000741071177 0.041079959402813872 0.0045194385756443089 0.051795130359198895 -0.013075514400323882 0.065672856490089346 0.05649422003982766
leaf_weight=755.73948947573081 6.6410563569515926 1.9464228206779797 3.5238187052309486 5.4803544748574486 4.2122339699417406 3.3036920055747023 7.9275829354301077 82.495584063231945 6.1241952031850806 8.1512667350471002 6.354106985963881 6.2669131308794022 4.0777530018240205 9.2881341679021716 5.0793992616236219 5.7621647622436285 18.400329167023312 0.89890475571155493 2.9682454406283787 2.1337427855469286 2.5704086627811185 3.0535387927666306 6.3864224702119818 3.8489673549775043 2.5178835121914744 79.710890902206302 6.0190243311226359 78.677721796091646 1.9787393226288257 1.2659655594034118
leaf_count=4072 61 26 27 31 29 25 62 525 33 49 48 52 35 80 35 31 152 5 33 31 22 81 26 20 17 437 27 397 36 38
internal_value=2.81767e-06 -0.00293144 0.000597517 0.000349899 -0.00565469 0.006724 -0.00814782 -0.0118681 -0.00864865 0.016797 0.0345947 -0.0339709 0.00141906 0.00531418 0.0187053 -0.00873999 0.00910752 0.00447032 -0.0012833 -0.0288465 0.00542256 0.0371316 0.000171884 0.023931 0.00851845 2.52193e-06 0.000880625 -0.00422065 0.0406737 0.0178239
internal_weight=1132.8 190.9 941.905 932.014 155.684 26.0991 129.585 101.528 88.6198 22.7954 10.5663 12.908 12.229 28.0573 14.3675 13.6897 35.2163 30.2163 26.0727 5.10199 20.9707 4.99996 926.534 9.89067 6.0417 920.147 761.759 158.389 4.14361 2.16487
internal_count=6543 1489 5054 4990 1065 186 879 671 558 161 77 113 84 208 115 93 424 317 238 64 174 107 4959 64 44 4933 4099 834 79 43
is_linear=0
shrinkage=0.05


Tree=193
num_leaves=31
num_cat=0
split_feature=9 20 19 10 10 13 13 20 10 9 10 1 13 20 2 8 10 13 13 2 15 9 15 13 19 8 19 8 3 10
split_gain=0.771911 2.27866 1.76743 2.64595 1.04173 2.35986 5.8124 6.06779 3.08288 4.46674 5.17219 4.19444 2.67995 2.57782 2.56891 2.13374 1.77042 3.33533 5.28811 4.75002 1.96422 3.69819 4.07955 3.49285 1.52085 3.55839 2.74079 1.41478 0.971993 0.197496
threshold=12.501026694045175 822.50000000000011 144.50000000000003 19.498973305954831 40.000000000000007 0.53005886807610958 0.48332082810869664 205.50000000000003 29.026694045174541 88.476386036960989 32.016427104722801 294.38500000000005 0.59821581967580295 423.50000000000006 327.58500000000009 1.5000000000000002 43.006160164271058 0.34420784980626984 0.64648498746548233 565.04500000000019 24.459958932238198 73.938398357289543 64.492813141683783 0.12379801781887183 55.500000000000007 18.500000000000004 120.50000000000001 1.5000000000000002 669.54000000000008 17.478439425051338
decision_type=8 2 2 10 8 8 10 2 10 10 10 10 10 2 10 10 8 8 10 10 10 10 10 10 2 10 2 10 10 8
left_child=1 2 29 -4 5 6 7 15 11 10 -10 13 -13 -7 -9 -2 17 19 -19 -6 24 22 -22 -23 25 -18 -26 -8 -11 -1
right_child=4 -3 3 -5 16 8 27 14 9 28 -12 12 -14 -15 -16 -17 20 18 -20 -21 21 23 -24 -25 26 -27 -28 -29 -30 -31
leaf_value=-0.083001957105722265 -0.039550412975050617 0.021867616355432523 0.019603040744369752 -0.055952345766217465 0.057803218402757851 0.019227017140995936 0.020689028622766125 0.0012985912353821285 0.032914865252609629 -0.041865405877570316 -0.0033762795253952094 0.00845828062032687 -0.045621401897177463 -0.0083245023596755507 0.019823194390025139 -0.0045535395304893561 0.0024979722856389931 -0.075881531048013984 -0.0050486159198122309 -0.031778991903291226 0.030544770023629188 -0.063510038353588691 -0.0093462339962364447 0.00013041942225049084 -0.0066103587765643989 0.043042101227260487 0.00019869129726429936 0.062251973205221682 -0.0082385812264735136 -0.053230332445492447
leaf_weight=0.87063154578208779 8.4425541879609245 3.1521974727511406 2.8149557262659073 1.9694719100371001 3.0043354779481914 10.85564563795924 3.1899787560105306 34.886141525581479 19.843985678162426 4.2417823821306211 19.431441120803356 2.9308375781401983 10.491217641625552 38.956779154017568 40.374365331605077 8.9964188886806351 100.88605210045353 4.3347643148154003 6.7194061428308487 2.9160276725888252 23.55747140198946 2.4134748508222428 8.8045942825265211 20.211689098505303 205.78773549105972 5.718498032540082 524.37805707147345 5.7167049758136272 4.3556250080000609 1.5465887605678288
leaf_count=5 52 30 15 49 17 55 20 203 108 21 107 19 83 208 261 66 542 28 34 23 224 25 118 290 1180 34 2614 39 29 44
internal_value=3.02924e-06 -0.0135866 -0.0291051 -0.0114987 0.000128497 0.00327827 0.00878543 0.00507856 -0.00175794 0.0078142 0.0149599 -0.00900471 -0.0338126 -0.00232019 0.0112363 -0.0214962 -0.000608795 -0.0166049 -0.0328249 0.0136802 -0.00030431 0.00884976 0.0196918 -0.00665824 -0.000905857 0.00467285 -0.00172035 0.047366 -0.0248294 -0.0639534
internal_weight=1131.8 10.3538 7.20165 4.78443 1121.45 212.713 101.606 92.6995 111.107 47.8728 39.2754 63.2345 13.4221 49.8124 75.2605 17.439 908.732 16.9745 11.0542 5.92036 891.758 54.9872 32.3621 22.6252 836.77 106.605 730.166 8.90668 8.59741 2.41722
internal_count=6543 143 113 64 6400 1271 641 582 630 265 215 365 102 263 464 118 5129 102 62 40 5027 657 342 315 4370 576 3794 59 50 49
is_linear=0
shrinkage=0.05


Tree=194
num_leaves=23
num_cat=0
split_feature=15 16 15 16 1 20 13 10 2 2 2 13 15 19 16 15 6 15 13 19 20 20
split_gain=0.784777 2.17125 1.84534 1.48478 1.33448 1.25704 0.914194 3.82288 2.90513 3.99172 3.09671 1.94724 3.52203 2.01444 1.15051 3.95852 2.22364 0.809292 0.0177728 0.000447254 0.000400655 0.00021595
threshold=92.993839835728963 2.4320093079724812 76.024640657084205 1.905595181568571 3422.0000000000005 589.00000000000011 0.99315002814631026 62.02874743326489 1100.8400000000004 1540.0700000000004 733.93500000000006 0.93135428781665708 28.484599589322382 138.00000000000003 0.18083128834974702 3.0112936344969206 3.5000000000000004 98.513347022587283 1.3186197656498699 205.50000000000003 536.00000000000011 844.50000000000011
decision_type=10 8 10 10 8 2 10 10 10 8 8 10 10 2 10 10 8 10 10 2 2 2
left_child=2 3 6 17 -3 -4 11 8 10 -10 -8 14 13 -13 15 -1 -16 -2 19 21 -19 -6
right_child=1 4 5 -5 18 -7 7 -9 9 -11 -12 12 -14 -15 16 -17 -18 20 -20 -21 -22 -23
leaf_value=-0.00039051232381443856 -0.020488422854656293 0.003081700361673166 -0.0079076382849931053 -0.032357638224232467 0.051590340965166341 -0.056830087185135214 0.0017770705908076612 0.053177342032677544 -0.054565423473594901 0.0057404175806537866 0.042855914668373962 -0.0069583671315682277 0.025166404876253174 -0.044323835915864161 0.013376787138063367 0.011209604694127687 -0.0073636750875275339 0.053424942730370455 0.060795220336356703 0.053473265604963183 0.051476484538517719 0.052706662705030854
leaf_weight=860.44392051617615 0.59095275402069081 2.0164179818239045 2.9774035247974089 2.9786760662682354 1.2931584258330993 2.3488807650282979 18.771984063088897 4.0987448147498062 4.6115078581497047 6.775743169710041 6.071688547730445 6.5003568092361119 4.0184699590317896 8.1039394587278348 14.83317494019866 80.417692817747593 100.36043594893999 0.45989390881732084 0.81794831529259671 0.65698305657133449 0.61886162683367729 0.65147952595725644
leaf_count=4508 9 27 29 29 53 22 97 27 26 41 24 38 30 56 184 537 717 17 10 12 34 16
internal_value=2.97137e-06 0.0138888 -0.000122018 -0.0112004 0.035343 -0.0294823 1.82331e-05 0.00740879 0.00223107 -0.0186817 0.0118166 -0.000259114 -0.0162865 -0.0276925 2.35169e-05 0.000600977 -0.00469298 0.0265429 0.0543665 0.0523454 0.0523071 0.0519643
internal_weight=1130.42 10.0844 1120.33 4.64838 5.43599 5.32628 1115.01 40.3297 36.2309 11.3873 24.8437 1074.68 18.6228 14.6043 1056.06 940.862 115.194 1.66971 3.41957 2.60162 1.07876 1.94464
internal_count=6543 207 6336 89 118 51 6285 215 188 67 121 6070 124 94 5946 5045 901 60 91 81 51 69
is_linear=0
shrinkage=0.05


Tree=195
num_leaves=31
num_cat=0
split_feature=0 7 19 13 1 13 10 13 12 19 19 0 13 12 12 2 13 10 20 13 13 20 13 2 10 15 10 1 19 13
split_gain=0.755012 2.67714 4.13707 3.38908 3.28331 3.02014 2.43039 2.51317 2.53936 2.74046 6.18804 2.22457 2.16283 2.06969 2.79792 2.92796 2.06529 2.02436 2.55525 1.93763 4.42558 2.06389 1.93378 1.92725 1.79084 1.67523 1.46949 1.14908 1.12362 0.0394054
threshold=219.17000000000004 40.500000000000007 208.00000000000003 1.0057422176830142 793.59500000000014 0.44612326590439771 94.488706365503091 0.84273272149607759 1.725127427350992 217.50000000000003 211.50000000000003 239.46500000000003 0.29136929374291948 2.167859309661111 2.968351265636866 1788.0450000000003 0.59002197641996645 104.54209445585217 844.50000000000011 0.25014181170744948 0.50140108260682559 444.50000000000006 0.077752243002585514 14799.050000000001 19.039014373716636 17.985626283367562 7.014373716632444 265.68500000000006 144.50000000000003 1.4184027049758137
decision_type=10 8 2 10 8 8 10 10 10 2 2 10 8 10 8 10 8 10 2 8 8 2 10 10 10 8 10 10 2 8
left_child=6 11 3 4 16 -6 7 8 9 10 -1 19 -4 17 29 -16 -3 23 -19 22 25 -22 26 -13 28 -21 -2 -10 -9 -15
right_child=1 2 12 -5 5 -7 -8 24 27 -11 -12 13 -14 14 15 -17 -18 18 -20 20 21 -23 -24 -25 -26 -27 -28 -29 -30 -31
leaf_value=0.0010435433887460753 -0.038971521092958192 0.04697848118205708 0.046744288497227685 0.028376677250022148 -0.0369753129738336 -0.012627216700452632 0.041410962791814075 0.058825397251495298 -0.011174247097424164 -0.027508321114930113 0.050061488403535831 0.00052051620734079281 -0.0017976818865411718 0.053054010303817324 0.057206698096149547 -0.019771421595697669 -0.0090464592055967772 -0.0093764197702925003 -0.069905837155118375 -0.029097978743278838 -0.036339091890668716 0.005288354495244482 0.034017458733267551 0.029043702150390184 0.001463517275605339 -0.077932167512004422 0.010288960447136258 -0.056439885723606892 0.014492816015024454 0.063742819639280537
leaf_weight=292.32035127608106 2.7221572138369066 3.0626417007297269 4.507871221750972 4.4903267575427881 18.541726868599653 40.676244480535388 3.8710298463702193 3.9595135133713466 2.9688681783154598 8.0120571106672269 6.5834719538688651 662.57388234953396 4.6739864945411691 2.5662215905031167 1.7286109421402223 4.328571698453743 3.5536806881427765 10.338727401336653 2.0972719569690517 3.4819907695055035 4.0549433454871169 11.207231372594832 3.7464151941239834 5.9756083907559505 4.5314179789274931 3.5432245805859566 3.4109794441610575 2.6565157286822796 2.2366153802722692 1.2985875606536863
leaf_count=1374 18 18 23 19 153 236 24 38 29 38 23 3874 28 73 33 81 22 123 29 22 21 61 21 53 23 21 23 18 17 7
internal_value=3.25013e-06 -0.000821997 -0.00953065 -0.0136519 -0.0165185 -0.0202508 0.00202785 0.00155625 0.000739489 0.00134965 0.00212318 0.000135573 0.0220342 0.00073398 0.0234056 0.00219675 0.016887 0.000403654 -0.0195844 -0.0127175 -0.0208878 -0.00577147 0.00571406 0.000775461 0.0253522 -0.0537279 -0.011575 -0.0325504 0.0428227 0.0566455
internal_weight=1129.72 802.581 79.5065 70.3246 65.8343 59.218 327.14 323.269 312.541 306.916 298.904 723.074 9.18186 690.907 9.92199 6.05718 6.61632 680.985 12.436 32.1669 22.2874 15.2622 9.87955 668.549 10.7275 7.02522 6.13314 5.62538 6.19613 3.86481
internal_count=6543 4959 499 448 429 389 1584 1560 1482 1435 1397 4460 51 4273 194 114 40 4079 152 187 125 82 62 3927 78 43 41 47 55 80
is_linear=0
shrinkage=0.05


Tree=196
num_leaves=31
num_cat=0
split_feature=9 10 13 20 13 9 10 13 19 20 7 20 10 9 10 1 13 13 9 2 2 2 20 9 10 16 8 13 17 16
split_gain=0.758446 2.43177 3.44805 4.95665 5.77509 2.55646 1.3143 2.83067 5.16146 4.61982 5.51322 3.58729 2.87009 4.02805 4.46957 3.79551 2.45679 2.42046 1.7208 3.57071 4.88918 4.2046 2.58002 2.51219 4.21624 2.62504 1.59535 1.55985 1.0284 1.02594
threshold=16.969199178644768 18.053388090349078 0.02091371501156122 831.50000000000011 0.010298687123454551 12.501026694045175 40.000000000000007 0.53005886807610958 58.500000000000007 297.50000000000006 1.0000000180025095e-35 495.50000000000006 29.026694045174541 88.476386036960989 32.016427104722801 294.38500000000005 0.55096838295065553 0.59821581967580295 60.50102669404518 194.61500000000004 260.05000000000001 302.32000000000005 1068.5000000000002 63.474332648870643 46.012320328542103 0.22394759142021917 1.5000000000000002 0.41777166417719508 1.0000000180025095e-35 0.16908126205879018
decision_type=8 10 8 2 10 10 8 8 2 2 10 2 10 10 10 10 10 10 8 10 10 10 2 8 10 8 10 10 8 8
left_child=1 -1 3 4 5 -3 7 8 26 10 -10 -11 15 14 -14 16 -9 -17 19 27 29 -22 23 24 -20 -25 -2 -8 -4 -21
right_child=6 2 28 -5 -6 -7 18 12 9 11 -12 -13 13 -15 -16 17 -18 -19 22 20 21 -23 -24 25 -26 -27 -28 -29 -30 -31
leaf_value=0.010948511134678944 -0.040441145293952256 -0.055220180501348186 -0.016470688150889465 -0.059494332790413718 0.12085475068217331 0.047468107653332731 0.050968459843311657 -0.034472152300190288 -0.034708669234819842 0.034218201328700175 0.024230643493646765 0.010118844591664872 0.031315891940560746 -0.0233121582257447 -0.0025474734540669093 0.0081521555347040565 0.0017163521652389204 -0.043311092910947695 0.05134420570841302 -0.029296207570344308 0.04276344602086013 -0.0087976790730904132 0.039906992733036065 0.016552697358981801 -0.01446604196387135 -0.00087513335789747137 -0.0017428392699671939 0.0012669096480416972 -0.053616439948591478 -0.067019561481535858
leaf_weight=9.354956768453123 5.6203261986374837 1.2690628776326756 2.7308006696403018 1.8227693252265451 1.4163167811930177 1.1601770399138329 3.5746329147368661 5.242722511291503 9.064129509963097 28.421537369024009 7.0565529195591798 33.812312263995409 19.759013748262078 8.5322740965057147 19.225033104419708 2.9222131362184873 44.479449504055083 10.47411966929212 6.0120013207197172 3.4405617862939835 4.1706501655280581 76.061619346030056 4.0550469281151882 22.226103380555287 4.0890981517732143 775.34546803898411 5.0618461454287171 2.8271815963089466 5.8655438073910782 3.7853601425886145
leaf_count=54 36 36 40 21 14 16 24 26 58 166 46 189 108 50 103 19 237 83 31 21 26 553 19 159 27 4193 36 17 106 29
internal_value=3.09413e-06 -0.00886243 -0.0218547 0.0084183 0.0406085 -0.00617744 0.000192552 0.00386446 0.0105006 0.0149456 -0.00890899 0.0211248 -0.0014762 0.00780553 0.0146161 -0.00846358 -0.00209938 -0.0320851 -0.000617061 -0.00702672 -0.00966522 -0.00611742 0.000124086 -7.56499e-05 0.0247031 -0.000389468 -0.0221036 0.0290192 -0.0418163 -0.0490579
internal_weight=1128.88 23.6196 14.2647 5.66833 3.84556 2.42924 1105.26 199.672 89.0367 78.3545 16.1207 62.2338 110.635 47.5163 38.984 63.1185 49.7222 13.3963 905.588 93.86 87.4582 80.2323 811.728 807.673 10.1011 797.572 10.6822 6.40181 8.59634 7.22592
internal_count=6543 287 233 87 66 52 6256 1157 531 459 104 355 626 261 211 365 263 102 5099 670 629 579 4429 4410 58 4352 72 41 146 50
is_linear=0
shrinkage=0.05


Tree=197
num_leaves=23
num_cat=0
split_feature=0 7 1 0 5 20 20 20 13 19 0 19 13 7 19 1 12 9 9 15 20 16
split_gain=0.742687 3.92371 1.7423 1.02905 3.67888 3.16057 6.67382 5.7857 4.03613 3.02599 2.14041 2.11226 2.06322 1.92614 2.97406 3.39961 2.69206 2.15286 6.0257 2.41012 1.28442 1.18857
threshold=156.03500000000003 3.5000000000000004 474.57500000000005 195.60500000000002 63.500000000000007 785.50000000000011 942.00000000000011 724.50000000000011 0.2872094042459184 67.000000000000014 197.24500000000003 167.00000000000003 0.46574787963404068 40.500000000000007 208.00000000000003 793.59500000000014 1.0129149109215769 49.478439425051342 51.466119096509246 17.009240246406574 744.50000000000011 0.13713237700893591
decision_type=8 8 8 10 8 2 2 2 10 2 10 2 10 8 2 8 8 10 10 10 2 8
left_child=1 2 -1 4 12 7 11 8 -6 -8 -5 -7 21 17 15 -15 -16 19 -19 -12 -9 -2
right_child=3 -3 -4 10 5 6 9 20 -10 -11 13 -13 -14 14 16 -17 -18 18 -20 -21 -22 -23
leaf_value=0.030694934707262929 -0.00081169144784007873 -0.044244823416899032 -0.010716584904765142 -0.035857305969451816 0.0038218161645193088 0.038350660775625357 0.035518491775718072 -0.049301592213604868 -0.018972008981677731 -0.00855563031466966 -0.0021808963788866073 0.0076764720824625612 0.069365680646166383 0.019716500268705413 0.050490132941526017 -0.014856208319678963 -0.003605488389959657 0.029130911465406081 0.0015913591477250844 0.0093464252688916904 -0.018054844830573416 0.041902839317094383
leaf_weight=4.5642204894684211 3.6445519253611565 5.6378763839602479 5.7268323749303827 4.3035438526421776 152.08877531066537 20.017274212092165 4.456775650382041 6.4923655763268453 22.263972065877169 30.862515310756862 533.12983092758805 7.7989243790507308 2.8226974196732044 7.9721894375979891 3.9009327217936489 65.788851303048432 5.6034620851278314 22.701472518965602 158.8266772935167 49.55948323989287 6.6651221141219139 2.9442729987204057
leaf_count=30 28 37 38 23 631 77 16 33 153 144 2943 31 23 46 25 421 28 113 1216 431 34 22
internal_value=2.25986e-06 -0.0107176 0.00764998 0.000155839 0.00290878 0.0017564 0.0114325 -0.00150156 0.000911159 -0.00299412 -0.000684654 0.0297504 0.0335985 -0.000506047 -0.0077275 -0.0111195 0.0185972 0.000280768 0.00503539 -0.00120046 -0.0334731 0.0182757
internal_weight=1127.77 15.9289 10.2911 1111.84 260.057 250.646 63.1355 187.51 174.353 35.3193 851.786 27.8162 9.41152 847.483 83.2654 73.761 9.50439 764.217 181.528 582.689 13.1575 6.58882
internal_count=6543 105 68 6438 1192 1119 268 851 784 160 5246 108 73 5223 520 467 53 4703 1329 3374 67 50
is_linear=0
shrinkage=0.05


Tree=198
num_leaves=28
num_cat=0
split_feature=12 17 12 3 3 17 12 20 2 12 17 11 12 7 11 16 7 7 20 13 10 19 2 5 19 20 19
split_gain=0.748819 4.36673 4.62624 5.71144 4.22481 3.43205 2.65753 2.50016 1.90563 1.84765 1.65764 1.60739 3.15997 1.23961 4.18833 3.31144 5.02106 3.11505 3.07389 2.84689 2.48998 1.40118 2.81403 1.86225 1.53476 4.89884 2.27933
threshold=0.96707034465020592 0.97555158020274313 0.66114490960797645 332.21000000000009 81.530000000000015 0.16954022988505749 0.13739126819545966 297.50000000000006 155.32500000000002 0.75713411860617563 0.24404761904761907 3.4989733059548258 0.78638090739791167 4.5000000000000009 17.034907597535938 1.4106158429697817 8.5000000000000018 6.5000000000000009 361.50000000000006 0.62448925241734865 51.006160164271058 24.500000000000004 355.07500000000005 -1.0000000180025095e-35 39.500000000000007 243.00000000000003 43.500000000000007
decision_type=8 10 10 8 10 8 10 2 8 10 10 8 8 10 8 8 10 10 2 10 10 2 8 10 2 2 2
left_child=1 2 3 -1 7 6 -5 -4 -2 -9 -7 -6 -13 21 17 18 -17 19 -16 -15 -19 22 -10 -24 25 -23 -26
right_child=8 -3 4 5 11 10 -8 9 13 -11 -12 12 -14 14 15 16 -18 20 -20 -21 -22 24 23 -25 26 -27 -28
leaf_value=-0.050111181948690423 -0.035870394101270998 -0.041797461620756766 0.0036756584600274493 -0.00030224975940830841 -0.027404069460816562 0.0079583481686217455 -0.047609457375983065 0.053079283488769148 0.044426548829951368 0.024704310961571222 -0.0090057784312024408 -0.033706583590338457 0.019514647893582912 0.089933612000707541 -0.061929052594424522 0.038378285946929352 -0.017669042491443843 -4.6583713709412199e-05 -0.0041319165011894053 0.019558733249955933 0.054144726538655021 0.0057589526635260929 -0.017782498324970444 0.031972009062247397 0.020820938144958993 -0.025109154162497982 -0.00083652828095322597
leaf_weight=5.6633756756782523 3.8004036583006373 5.2453209012746802 7.7069617286324528 5.9609412774443609 4.497086688876152 74.73972087725997 5.9139662683010101 9.800763316452505 5.1198463030159447 13.836412418633698 17.836800450459123 3.680348902940751 11.516212321817875 3.0358126787468818 4.0071034920401853 7.5243876334279838 8.5215908256359381 9.5051220376044494 5.4013870321214199 2.7287946713622659 2.7280907711246973 26.143198035657406 6.0198211167007685 2.7351829335093498 12.328081422951071 25.284222414018586 835.28911716939183
leaf_count=35 24 22 34 24 29 302 27 40 33 56 71 24 65 21 29 46 59 86 46 26 32 137 33 29 80 158 4975
internal_value=1.89833e-06 0.00309846 0.00455977 -0.00120774 0.0170033 0.00144381 -0.0238623 0.0284061 -0.000534736 0.0364695 0.00468985 -0.00114533 0.00662537 -0.00039432 0.00785673 -0.00519632 0.00861305 0.0263178 -0.0287479 0.0566202 0.0120385 -0.000787046 0.014981 -0.00223851 -0.00103039 -0.00941731 -0.000521533
internal_weight=1126.57 166.398 161.153 110.115 51.0378 104.451 11.8749 31.3441 960.172 23.6372 92.5765 19.6936 15.1966 956.372 43.4523 25.4545 16.046 17.9978 9.40849 5.76461 12.2332 912.919 13.8749 8.755 899.045 51.4274 847.617
internal_count=6543 729 707 459 248 424 51 130 5814 96 373 118 89 5790 345 180 105 165 75 47 118 5445 95 62 5350 295 5055
is_linear=0
shrinkage=0.05


Tree=199
num_leaves=19
num_cat=0
split_feature=15 16 15 16 1 1 1 8 1 17 1 0 20 15 11 15 20 17
split_gain=0.709366 2.01638 1.6389 1.35118 1.31354 1.10732 1.33053 2.3202 1.32943 2.68225 1.31985 1.24145 1.09089 0.765639 0.017359 0.000590212 0.00035866 0.00012761
threshold=92.993839835728963 2.4320093079724812 76.024640657084205 1.905595181568571 3422.0000000000005 121.50000000000001 167.99000000000004 1.5000000000000002 207.01500000000001 0.69309262166405039 302.32000000000005 163.73000000000002 589.00000000000011 98.513347022587283 1.4948665297741275 101.01026694045176 536.00000000000011 0.8798076923076924
decision_type=10 8 10 8 8 8 8 8 8 10 8 10 2 10 10 10 2 10
left_child=2 3 5 13 -3 -1 7 11 9 -8 -10 -7 -4 -2 -6 -16 -15 -17
right_child=1 4 12 -5 14 6 8 -9 10 -11 -12 -13 -14 16 15 17 -18 -19
leaf_value=-0.030246243052356181 -0.019474691015450123 0.0027222743111773042 -0.0075277543364261623 -0.030706939927708034 0.06104606582863667 0.013465648564482428 -0.016660777064926208 -0.015131750978904913 0.007004611854726131 0.028072659311515726 -0.00024899015545191099 0.052989608509291498 -0.052941164127003719 0.053293949651087316 0.053358136789517868 0.051437451932486715 0.051402725012453659 0.052379376528032789
leaf_weight=3.0144099332392207 0.58554748538881529 2.0066377737093699 2.9757635011337689 2.9887668904848397 0.71743472013622556 4.1967859808355543 25.007501756772403 3.840752052143217 66.908992766402662 3.8695147708058348 999.98542086663656 3.772878909483552 2.3800014371518046 0.43906887690536656 0.79893651418387923 1.2201572828344067 0.58429954340681434 0.50981766637414683
leaf_count=22 9 27 29 29 9 25 129 18 356 18 5698 19 22 17 14 55 34 13
internal_value=1.79513e-06 0.0133605 -0.000116124 -0.0108196 0.0345241 1.69387e-05 9.93034e-05 0.0167918 -8.06116e-05 -0.0106665 0.000205911 0.0321765 -0.0277086 0.0261238 0.0541815 0.0522341 0.0522141 0.051715
internal_weight=1125.8 9.85067 1115.95 4.59768 5.25298 1110.6 1107.58 11.8104 1095.77 28.877 1066.89 7.96966 5.35576 1.60892 3.24635 2.52891 1.02337 1.72997
internal_count=6543 207 6336 89 118 6285 6263 62 6201 147 6054 44 51 60 91 82 51 68
is_linear=0
shrinkage=0.05


Tree=200
num_leaves=29
num_cat=0
split_feature=5 3 16 20 13 1 11 1 8 11 15 20 8 3 0 16 10 20 0 11 10 13 10 16 13 19 10 20
split_gain=0.716754 1.31163 1.00048 3.14656 2.9238 1.9459 1.88138 2.78158 2.44902 1.82768 1.56754 4.52661 4.04914 4.41172 2.26476 2.02027 1.60428 3.11417 3.46499 3.13329 2.16358 12.5711 3.20065 0.947646 0.00341854 0.000270965 3.97462e-05 9.09957e-06
threshold=60.500000000000007 348.51500000000004 0.90641467628013916 737.50000000000011 0.98484579440215947 6046.9000000000005 6.5215605749486665 295.35000000000008 3.5000000000000004 20.533880903490765 25.018480492813143 440.50000000000006 6.5000000000000009 577.19000000000017 232.90500000000003 0.81710933181315659 25.018480492813143 785.50000000000011 588.46000000000015 8.5256673511293659 29.026694045174541 0.66890471554722142 31.983572895277209 2.1264096840168323 0.23581915294294317 108.50000000000001 29.979466119096511 1026.0000000000002
decision_type=10 10 10 2 8 8 10 8 8 8 10 2 8 10 10 10 8 2 10 8 8 8 8 8 10 2 8 2
left_child=2 23 10 4 6 9 7 -4 -8 -5 16 12 13 -12 -13 -16 17 18 -1 -19 21 -18 -22 -2 -3 -26 -27 -28
right_child=1 24 3 5 -6 -7 8 -9 -10 -11 11 14 -14 -15 15 -17 20 19 -20 -21 22 -23 -24 -25 25 26 27 -29
leaf_value=0.0072308516452515934 0.031678540612626975 0.057376148292658094 0.018386990251515183 0.026468971016406669 0.046480101973229125 -0.057932173648540079 0.054503297941726619 -0.018686412149215407 -0.0017979900001800133 -0.045017302309966409 0.021181075072442532 0.056272631673443929 -0.066817892293453307 -0.036942257855899718 0.020130147662288975 -0.029546621822322629 0.011284211698056013 0.021649923575807899 0.040409642550831862 -0.023079054042469582 0.016508042076609476 -0.055311873296407035 -0.00080565634284059096 -0.019231294355865972 0.052119896543854329 0.051306321373985102 0.050292556626941431 0.050782635355760046
leaf_weight=45.550993800163269 1.5199406798928974 0.30321159027516831 6.3719304949045208 1.8369485028088082 2.948237355798482 4.4165509790182114 2.7185893617570374 24.563866164069623 6.6713792737573394 1.742041524499655 8.754292980302127 3.9800203880295184 2.7555318949744096 5.2063166992738834 22.783115490106869 2.2486500702798358 18.736417545005683 5.4655594937503338 9.5122752040624601 13.803443700075151 27.517520995810628 11.39641138538718 890.93257932364941 2.2931612189859147 0.90220397105440475 0.22136914450675249 0.25628349056933075 0.1502446043305099
leaf_count=269 25 4 33 28 16 30 48 172 48 15 83 37 33 60 260 17 124 27 54 67 146 67 4756 29 24 12 48 11
internal_value=1.98678e-06 0.0177715 -8.76044e-05 -0.00691051 -0.00158614 -0.0357274 -0.00510028 -0.0110503 0.0145024 -0.00832634 0.000239733 0.00929688 -0.0114277 -0.000494803 0.021238 0.0156676 -0.000165153 0.00690842 0.0129625 -0.0103919 -0.000719448 -0.0139028 -0.000286924 0.00106188 0.0525259 0.0515648 0.0507672 0.0504737
internal_weight=1125.56 5.64641 1119.91 51.2695 43.274 7.99554 40.3258 30.9358 9.38997 3.57899 1068.64 45.7279 16.7161 13.9606 29.0118 25.0318 1022.92 74.3323 55.0633 19.269 948.583 30.1328 918.45 3.8131 1.83331 1.5301 0.627897 0.406528
internal_count=6543 153 6390 390 317 73 301 205 96 43 6000 490 176 143 314 277 5510 417 323 94 5093 191 4902 54 99 95 71 59
is_linear=0
shrinkage=0.05


Tree=201
num_leaves=15
num_cat=0
split_feature=1 1 8 1 10 12 8 0 0 0 17 0 10 2
split_gain=0.792786 1.00111 2.42532 1.26057 3.69104 2.07094 2.60842 1.13776 1.12054 2.02371 2.64156 2.27134 1.88924 3.49671
threshold=121.50000000000001 167.99000000000004 1.5000000000000002 207.01500000000001 21.043121149897335 0.66114490960797645 1.0000000180025095e-35 163.73000000000002 156.03500000000003 219.17000000000004 0.12916666666666668 251.98500000000004 130.97330595482549 459.7000000000001
decision_type=8 8 8 8 10 8 10 10 8 8 8 8 8 8
left_child=-1 2 7 4 5 -3 -7 -2 12 10 -10 -11 -5 -14
right_child=1 3 -4 8 -6 6 -8 -9 9 11 -12 -13 13 -15
leaf_value=-0.025156951054050615 0.012746556487141222 -0.02594090330339795 -0.016924429373673399 -0.049767130287058071 -0.053789424266924207 -0.010968093873841371 0.027672224744979025 0.050745695445260856 -0.014890100780691629 -0.0098265733422815901 0.011090294423133473 0.00032557239023814556 0.022220339670293306 -0.040353449860272485
leaf_weight=3.1223285282030693 4.1957358736544821 7.0576129183173242 4.0673848185688266 2.9446278875693652 4.1881559367757282 9.8943790215998906 7.8189025660976759 3.7132654841989279 11.249835960566996 58.589486685115844 75.078751854598522 923.51435466395924 5.3793368097394696 3.8166712969541559
leaf_count=27 25 31 20 21 29 53 37 19 75 353 468 5327 35 23
internal_value=2.7137e-06 7.27593e-05 0.0144514 -8.24447e-05 -0.0103773 -0.00303731 0.00608831 0.0305871 0.000193453 0.000365087 0.00770468 -0.000280075 -0.0149111 -0.00375001
internal_weight=1124.63 1121.51 11.9764 1109.53 28.9591 24.7709 17.7133 7.909 1080.57 1068.43 86.3286 982.104 12.1406 9.19601
internal_count=6543 6516 64 6452 150 121 90 44 6302 6223 543 5680 79 58
is_linear=0
shrinkage=0.05


Tree=202
num_leaves=21
num_cat=0
split_feature=9 9 9 9 9 12 9 13 11 9 19 19 16 3 11 0 0 0 0 0
split_gain=0.734298 1.50347 0.874172 4.07861 2.13757 2.49306 2.3882 3.94695 2.73469 2.47198 6.28483 2.4943 1.97353 1.94045 2.25127 3.77979 2.09447 0.35643 0.293825 0.0126223
threshold=264.00000000000006 325.99589322381934 109.47022587268995 119.50718685831625 96.509240246406577 1.1951931092388188 89.478439425051349 0.71770393537216803 1.4948665297741275 77.470225872689952 132.50000000000003 226.50000000000003 1.0348145608444599 14448.665000000003 -14.455852156057494 1142.3100000000002 244.15500000000003 280.53500000000008 544.77500000000009 470.96000000000009
decision_type=10 10 10 10 10 10 10 10 10 10 2 2 8 8 10 8 8 10 10 8
left_child=2 19 4 18 6 12 9 8 -8 11 -11 -1 -6 14 15 -5 -16 -15 -4 -2
right_child=1 -3 3 13 5 -7 7 -9 -10 10 -12 -13 -14 17 16 -17 -18 -19 -20 -21
leaf_value=3.8457774126352191e-06 0.063874492814330511 -0.0028404288139724895 -0.056143298425982306 -0.0021232693452915676 -0.00080288901330865701 -0.023265692427200731 -0.062262451363509587 0.022982975171919655 -0.0021802412606145016 -0.014370270527188214 0.029711600407593582 -0.026353346903779207 0.044532533280128378 0.015080081091277004 0.079618793741628821 -0.046023530849154219 0.0073825539182755529 0.043402539032894961 -0.034237610971084326 0.054941856333666307
leaf_weight=1002.3938679127023 0.70115931797772524 2.5622709537856281 2.9430376067757598 21.607592780143026 3.5064836810342968 2.7079948170576236 5.3717283122241479 3.3853620951995245 2.9252425157465041 12.857688745483754 21.785598045680672 9.0572539102286083 7.6110949628055078 2.0980960279703131 1.1309241573326261 6.3422997379675499 8.903882707003504 2.360737458919175 3.1900525623932481 0.90711337723769259
leaf_count=5627 20 17 16 125 27 35 34 18 21 84 116 48 38 8 19 44 164 32 25 25
internal_value=2.46828e-06 0.0209437 -7.54982e-05 -0.00663586 0.000221888 0.0197549 -3.34158e-05 -0.0225151 -0.0410794 0.00021765 0.0133508 -0.000232175 0.0302337 -0.00112847 -0.00479134 -0.012085 0.0155236 0.0300755 -0.0447493 0.0588362
internal_weight=1124.35 4.17054 1120.18 48.5766 1071.6 13.8256 1057.78 11.6823 8.29697 1046.09 34.6433 1011.45 11.1176 42.4435 37.9847 27.9499 10.0348 4.45883 6.13309 1.60827
internal_count=6543 62 6481 433 6048 100 5948 73 55 5875 200 5675 65 392 352 169 183 40 41 45
is_linear=0
shrinkage=0.05


Tree=203
num_leaves=19
num_cat=0
split_feature=12 17 1 12 1 11 20 17 1 1 1 10 17 2 2 19 1 2
split_gain=0.720576 4.06988 5.14328 4.76968 6.15905 3.51355 2.81257 2.69558 2.35458 3.30941 1.73498 3.37025 2.62326 1.42388 2.66505 2.1264 1.26763 0.718911
threshold=0.96707034465020592 0.97555158020274313 158.88500000000002 0.66114490960797645 194.05500000000004 3.4989733059548258 297.50000000000006 0.69309262166405039 162.23000000000005 167.99000000000004 209.64000000000001 21.043121149897335 inf 219.50000000000003 207.26500000000001 138.00000000000003 181.19500000000002 277.47000000000008
decision_type=8 10 8 10 10 8 2 8 8 8 8 10 8 8 10 2 8 10
left_child=1 2 -1 4 16 -5 -7 -6 17 -10 11 12 -11 14 -12 -15 -4 -2
right_child=8 -3 3 5 7 6 -8 -9 9 10 13 -13 -14 15 -16 -17 -18 -19
leaf_value=0.08459258392666523 -0.045783381110716864 -0.040350947905984147 -0.02003025629644542 -0.026175049713184729 -0.014118973705168873 0.00027502022382165219 0.027836315925481761 0.0057522928558432565 0.043478893843320543 0.018333650540029073 0.0015016404647133215 -0.052855326739292809 -0.02301632270008221 0.002041435465098421 0.025051838108967522 -0.0029773255986807893 -0.056102552733943649 -0.01204068693208285
leaf_weight=1.9775814414024342 3.5479128044098607 5.2330617308616629 4.3716523125767681 4.4789231196045876 21.985897831618786 12.800532424822448 33.432423267513514 76.271654848009348 4.2930639516562215 7.1226518722251067 55.320530291646719 4.5607264798600218 8.3111700396984816 376.92593983619008 15.345454676076768 479.59216207801364 5.4990429673343906 2.843811642145738
leaf_count=9 25 22 18 29 90 62 154 311 23 35 346 32 48 2375 92 2813 34 25
internal_value=2.29341e-06 0.003043 0.00445505 0.00345733 -0.00247629 0.016109 0.0202054 0.00130594 -0.000524829 -0.000321647 -0.000520172 -0.0150925 -0.00393346 -0.000205923 0.00661568 -0.000768731 -0.0401264 -0.0307706
internal_weight=1123.91 166.051 160.818 158.84 108.128 50.7119 46.233 98.2576 957.863 951.472 947.179 19.9945 15.4338 927.184 70.666 856.518 9.8707 6.39172
internal_count=6543 729 707 698 453 245 216 401 5814 5764 5741 115 83 5626 438 5188 52 50
is_linear=0
shrinkage=0.05


Tree=204
num_leaves=18
num_cat=0
split_feature=9 9 0 11 10 1 1 2 13 9 0 2 20 20 9 11 20
split_gain=0.946074 1.87219 2.28332 1.46251 0.872421 2.25714 4.95652 2.86204 2.17653 1.56447 3.42129 4.6105 3.11577 2.27016 2.21597 0.0304844 0.00183473
threshold=1.4784394250513351 12.501026694045175 228.35500000000002 10.51334702258727 40.000000000000007 857.7650000000001 611.32500000000016 1441.3000000000002 0.53005886807610958 60.50102669404518 194.83000000000001 260.05000000000001 361.50000000000006 1068.5000000000002 63.474332648870643 17.527720739219717 757.50000000000011
decision_type=8 8 10 8 8 10 10 8 8 8 10 10 2 2 8 8 2
left_child=-1 2 -2 -4 5 6 8 -7 -3 10 12 -12 -6 14 -11 -5 -17
right_child=1 4 3 15 9 7 -8 -9 -10 13 11 -13 -14 -15 -16 16 -18
leaf_value=0.035492290037668642 0.021922289853793367 0.0085284378864547688 -0.004325579662650454 -0.062065514475875772 -0.011831253466635062 0.052983963878909551 -0.052641574068338304 -0.0051875017775624577 -0.0019810804422641859 0.023229999052816763 -0.048597642961984308 -0.0059851047970306834 0.055630160482480623 0.037758973923863903 -0.00032928784874504982 -0.051759027295595894 -0.054411710894501877
leaf_weight=1.8746555652469385 2.0359844788908941 94.919982190709561 2.0139939337968826 1.4902071356773374 2.9757639467716208 4.9337996132671806 4.0741920918226233 3.7002234910614797 102.42577457125299 10.108057167381046 6.8915006993338457 80.435233877506107 4.0288415029644966 3.993330475408583 794.91145070490893 1.2887078665662559 1.3190097771584985
leaf_count=17 21 596 10 20 17 34 32 36 573 58 52 601 30 19 4352 54 21
internal_value=2.02935e-06 -5.72923e-05 -0.0239375 -0.0392142 0.000117464 0.00301994 0.00194685 0.0280538 0.00307382 -0.000557447 -0.00665109 -0.00934793 0.0269706 0.000153075 -3.34706e-05 -0.0563608 -0.0531008
internal_weight=1123.42 1121.55 8.1479 6.11192 1113.4 210.054 201.42 8.63402 197.346 903.344 94.3313 87.3267 7.00461 809.013 805.02 4.09792 2.60772
internal_count=6543 6526 126 105 6400 1271 1201 70 1169 5129 700 653 47 4429 4410 95 75
is_linear=0
shrinkage=0.05


Tree=205
num_leaves=19
num_cat=0
split_feature=9 9 0 3 10 1 1 0 9 16 10 1 16 10 6 3 10 10
split_gain=0.849213 1.7286 2.12932 0.993519 0.788234 2.06014 4.47424 2.65924 2.09644 1.91059 1.49014 3.10252 2.74244 1.82564 1.54137 1.26367 0.442941 0.092086
threshold=1.4784394250513351 12.501026694045175 228.35500000000002 9.9200000000000035 40.000000000000007 857.7650000000001 611.32500000000016 1183.7900000000002 54.47227926078029 1.0685476634947715 43.006160164271058 209.64000000000001 1.1185212954996826 44.041067761806993 47.500000000000007 518.7700000000001 16.985626283367562 19.958932238193025
decision_type=8 8 10 8 8 10 10 8 10 8 8 10 8 8 10 8 10 10
left_child=-1 2 -2 -4 5 6 8 -7 -3 -9 11 12 -6 15 -15 -12 -5 -18
right_child=1 4 3 16 10 7 -8 9 -10 -11 13 -13 -14 14 -16 -17 17 -19
leaf_value=0.0335391855521876 0.020627698020637925 0.0064391417567206538 -0.0090216653655459094 -0.017971228793000279 -0.048694180479288252 0.059979321979137738 -0.050018806928659502 -0.027328991293707552 -0.0046318711575179389 0.034449549804313952 0.0062450875615672587 0.019211356583695507 -0.00019665512246479016 -0.00029551439298785464 -0.025824853795127136 0.046174436149732045 -0.071690286096286179 -0.054233438965257112
leaf_weight=1.8843769617378701 2.0550672356039277 134.58304320368916 1.9350170809775589 0.74767984449863467 7.0880292523652315 3.5528893480077359 4.0734536098316303 2.5145874693989754 62.674609874607995 2.4915307322517046 4.6125454232096645 4.6838403344154349 4.9512052275240439 872.26230221666628 5.9528109501115969 3.4737646579742441 1.1950558274984362 2.0536198355257511
leaf_count=17 21 784 34 6 38 27 32 20 385 23 28 32 32 4915 67 17 8 57
internal_value=1.76452e-06 -5.46161e-05 -0.0232333 -0.03843 0.000111717 0.00287179 0.00185043 0.0268969 0.00292155 0.00341801 -0.000529806 -0.0153164 -0.0287493 -0.000250808 -0.00046856 0.0233982 -0.0526694 -0.0606551
internal_weight=1122.79 1120.9 7.98644 5.93137 1112.91 209.89 201.331 8.55901 197.258 5.00612 903.024 16.7231 12.0392 886.301 878.215 8.08631 3.99636 3.24868
internal_count=6543 6526 126 105 6400 1271 1201 70 1169 43 5129 102 70 5027 4982 45 71 65
is_linear=0
shrinkage=0.05


Tree=206
num_leaves=18
num_cat=0
split_feature=9 9 0 11 19 5 0 20 20 20 13 20 10 0 11 11 20
split_gain=0.76232 1.58869 1.97466 1.49907 0.777992 2.3038 1.91435 0.836348 4.09571 6.39722 6.30675 3.42672 3.58079 3.46645 0.528509 0.0235275 0.00144576
threshold=1.4784394250513351 12.501026694045175 228.35500000000002 10.51334702258727 19.500000000000004 -1.0000000180025095e-35 357.40000000000003 724.50000000000011 827.50000000000011 844.50000000000011 0.44227087449409019 553.50000000000011 20.057494866529776 12170.160000000002 14.997946611909653 17.527720739219717 757.50000000000011
decision_type=8 8 10 8 2 10 10 2 2 2 10 2 8 10 8 8 2
left_child=-1 2 -2 -4 5 6 -3 11 10 -10 -9 12 -6 -13 -7 -5 -17
right_child=1 4 3 15 7 14 -8 8 9 -11 -12 13 -14 -15 -16 16 -18
leaf_value=0.031695828226487054 0.019422286602329145 0.019440160544157981 -0.0022556350632960079 -0.061008935824649835 0.01747426998531865 0.061435918613353659 -0.025453312501373726 -0.022678471925392022 0.063741538395068298 -0.0003166067633158729 0.013167955188233681 0.0078695932316136929 -0.0017481057122576118 -0.040950900050816766 0.024134648013894509 -0.051600328928376342 -0.054053170796795003
leaf_weight=1.894016746431588 2.0730046872049561 5.2016588617116195 1.986982077360153 1.3968380559235813 25.258370700757951 2.1265869988128534 4.3692203499376774 47.795271061360836 3.9641600772738448 231.66315737413242 16.508392813615501 176.83197098190431 593.47328218101757 3.7122989092022172 1.7157745417207482 1.1796636239159854 1.2241710405796764
leaf_count=17 21 26 10 20 164 25 24 251 15 1301 106 1041 3405 25 17 54 21
internal_value=1.60847e-06 -5.19662e-05 -0.0224511 -0.0374492 0.000106284 0.0120753 -0.00105424 -3.97697e-05 -0.00229122 0.000761098 -0.0134758 0.000805093 -0.000963394 0.00686576 0.0447793 -0.0558483 -0.0528495
internal_weight=1122.37 1120.48 7.86066 5.78765 1112.62 13.4132 9.57088 1099.21 299.931 235.627 64.3037 799.276 618.732 180.544 3.84236 3.80067 2.40383
internal_count=6543 6526 126 105 6400 92 50 6308 1673 1316 357 4635 3569 1066 42 95 75
is_linear=0
shrinkage=0.05


Tree=207
num_leaves=25
num_cat=0
split_feature=0 12 0 15 19 19 7 16 3 2 17 3 2 2 12 20 19 19 17 12 7 20 17 20
split_gain=0.742617 2.62557 3.17865 2.60317 3.83987 4.06736 3.77129 3.09999 3.07068 2.81158 5.36997 4.58051 2.24263 2.18295 3.70325 2.77283 2.2898 3.14395 5.42598 3.71576 2.08829 3.41689 1.4816 0.794535
threshold=426.12000000000006 0.26163574482307356 301.38500000000005 1.0000000180025095e-35 224.50000000000003 119.00000000000001 2.5000000000000004 0.10337627406568517 123.16500000000001 254.06500000000003 0.97555158020274313 54.955000000000005 13.865000000000002 69.155000000000015 0.088639041284663295 665.00000000000011 39.500000000000007 138.00000000000003 0.20526315789473687 0.18625429244230393 3.5000000000000004 444.50000000000006 inf 361.50000000000006
decision_type=8 8 8 8 2 2 10 8 8 8 10 10 10 8 8 2 2 2 8 8 10 2 8 2
left_child=1 2 12 4 5 8 -7 -5 -3 11 -11 -9 -1 15 -15 23 20 18 -18 -19 21 -16 -14 -2
right_child=13 3 -4 7 -6 6 -8 9 -10 10 -12 -13 22 14 16 -17 17 19 -20 -21 -22 -23 -24 -25
leaf_value=0.015278784020176454 0.046868589224982257 0.013061557426135517 -0.0451465049571192 0.046747159297325015 0.036140620923078404 -0.031765375036589168 0.03535346454968015 0.01571114293365013 -0.033316659111891765 -0.0021922891367896088 -0.062620396019433408 -0.0024137363580174222 -0.0001949154751257966 -0.04579263100763864 -0.0052279655443959426 -0.0066380422801969562 -0.021260452792940716 0.032456587393774314 0.0088680217927260916 -0.001602607433893151 0.021193098199145888 -0.041088058685846328 -0.040583065059123569 0.02046097487799188
leaf_weight=7.223929785192019 5.5120439976453799 15.665655644610526 7.338182494044303 3.6444914285093546 4.0081856520846477 27.18574341386557 2.2674208562821141 64.194765228778124 4.6219960004091254 206.17300505447201 3.7432456137612453 76.276828327216208 4.2065375149250004 4.2829115986824027 22.60851519764401 7.065547212958335 16.191254208795726 8.1664024442434293 193.97678492486011 412.60368604358518 4.3405638411641112 9.4065373959019762 4.934283211827279 5.8941926807165146
leaf_count=28 20 100 34 17 25 256 12 326 24 1257 24 440 18 18 142 28 119 30 1144 2342 33 58 26 22
internal_value=1.34767e-06 -0.00162571 -0.0178032 -0.00068537 -0.0109382 -0.0147319 -0.0265983 0.000871209 0.00249553 0.000394039 -0.00326985 0.00586924 -0.00554212 0.00101874 0.000552342 0.0179756 0.000849799 0.00155288 0.00654694 -0.000941579 -0.0113518 -0.0157642 -0.0219967 0.0332224
internal_weight=1121.53 431.484 23.7029 407.781 53.749 49.7408 29.4532 354.032 20.2877 350.388 209.916 140.472 16.3648 690.048 671.577 18.4718 667.294 630.938 210.168 420.77 36.3556 32.0151 9.14082 11.4062
internal_count=6543 2587 106 2481 417 392 268 2064 124 2047 1281 766 72 3956 3886 70 3868 3635 1263 2372 233 200 44 42
is_linear=0
shrinkage=0.05


Tree=208
num_leaves=31
num_cat=0
split_feature=19 19 1 6 11 19 20 20 19 2 20 13 5 8 3 3 11 3 2 20 20 1 7 11 19 1 19 3 2 19
split_gain=0.749181 3.86827 5.26373 5.21239 4.54063 4.51935 15.4835 3.96662 3.5952 3.10101 3.06316 2.85524 4.3982 2.93865 3.45869 2.61745 2.59435 1.87589 1.73594 1.61112 5.73753 4.01 4.17523 3.87591 3.51491 2.67394 4.13793 2.71068 2.58806 2.29244
threshold=149.50000000000003 167.00000000000003 1154.6700000000003 28.000000000000004 3.4989733059548258 196.00000000000003 445.50000000000006 589.00000000000011 146.50000000000003 348.79500000000002 553.50000000000011 0.22590224353519228 8.5000000000000018 14.500000000000002 118.105 201.63000000000002 32.016427104722801 1067.6500000000003 294.03000000000003 553.50000000000011 590.50000000000011 1733.5350000000001 1.0000000180025095e-35 14.505133470225873 55.500000000000007 2112.6200000000003 127.50000000000001 4592.5800000000008 2304.9000000000005 143.50000000000003
decision_type=2 2 8 8 8 2 2 2 2 8 2 10 8 8 8 10 8 10 10 2 2 10 10 10 2 10 2 8 8 2
left_child=8 2 9 16 7 6 -6 -5 19 -2 -7 13 -13 14 -4 -10 -3 -14 -15 25 23 22 -22 24 -21 29 27 -27 -23 -1
right_child=1 3 11 4 5 10 -8 -9 15 -11 -12 12 17 18 -16 -17 -18 -19 -20 20 21 28 -24 -25 -26 26 -28 -29 -30 -31
leaf_value=-0.0017603758485245813 0.014416503011152862 0.0049847738824081592 0.0081042524058176808 0.075000399298700143 0.027235501830721227 -0.002371963305277031 -0.030365871922480706 0.0073694975183568037 -0.06903867573552161 0.067107136914823867 0.0129223020590337 -0.070168385710819695 -0.021338772018377191 0.016361931272505816 0.065509054792476235 -0.0052601375779076087 -0.059190117640099932 0.014056747290419867 -0.025327578863772567 0.069171611767012461 -0.0019440551289828169 -0.063535904012254979 0.014738227344563443 -0.022803072363247429 0.017824783722868616 -0.023161595456034086 0.054494728904736847 0.02171924492831636 -0.012660993721443246 -0.012779239796762695
leaf_weight=429.73702414263971 4.8734480664133999 2.2005203000735492 5.1339128958061346 3.7393259550444764 16.779633084312081 76.079174344427884 38.286163667682558 5.1595599744468927 3.2977218404412261 6.5392546104267248 57.46703371591866 2.4770673289895058 5.8396692287642571 6.3682196736335737 5.3670625463128099 3.1408196287229657 5.5388228725641966 10.427077500731682 4.1076436936855316 3.599196793511509 247.10612912056968 3.7914711926132414 44.21835924545303 5.46043861308135 45.053551728371531 6.0366794923320422 5.139679414452984 7.5997596848756084 7.3377830758690843 53.026807956397533
leaf_count=2513 22 35 31 21 65 456 180 32 20 41 347 14 60 26 27 21 56 99 26 19 1380 22 248 76 230 43 40 36 64 293
internal_value=6.94259e-07 0.00237438 0.0146791 -0.000691068 0.000886192 -0.000760512 -0.0128136 0.0357881 -0.000703229 0.0446072 0.0042094 0.00608009 -0.00810147 0.018752 0.0374439 -0.0379265 -0.0409433 0.00134996 1.52449e-05 -0.000423936 0.00214555 -0.000537226 0.000588046 0.0171403 0.0216233 -0.0022507 0.0162615 0.00185106 -0.0299929 -0.00297069
internal_weight=1120.93 256.384 51.1334 205.25 197.511 188.612 55.0658 8.89889 864.545 11.4127 133.546 39.7207 18.7438 20.9768 10.501 6.43854 7.73934 16.2667 10.4759 858.107 356.567 302.454 291.324 54.1132 48.6527 501.54 18.7761 13.6364 11.1293 482.764
internal_count=6543 1538 346 1192 1101 1048 245 53 5005 63 803 283 173 110 58 41 91 159 52 4964 2039 1714 1628 325 249 2925 119 79 86 2806
is_linear=0
shrinkage=0.05


Tree=209
num_leaves=19
num_cat=0
split_feature=3 17 13 13 15 8 13 3 20 13 13 20 3 3 15 3 15 17
split_gain=0.683916 2.82201 3.19044 4.49998 2.9994 2.48352 2.45275 5.76489 2.72359 1.90068 2.15774 2.57864 1.99218 1.86974 3.55131 1.72591 1.52403 2.64027
threshold=134.38000000000002 0.55777777777777793 0.61285570549594282 0.57546399227860034 63.49075975359343 3.5000000000000004 0.40775804827817397 103.17 103.50000000000001 0.049909163432669941 0.090644097178704058 1.0000000180025095e-35 256.19500000000005 143.63500000000002 12.501026694045176 152.29000000000002 10.986652977412733 0.8564993564993566
decision_type=8 10 8 8 8 10 10 10 2 8 8 2 10 8 8 8 8 10
left_child=1 2 3 6 -4 -3 8 -8 -1 -2 12 -12 -11 14 -13 -15 -7 -18
right_child=9 5 4 -5 -6 16 7 -9 -10 10 11 13 -14 15 -16 -17 17 -19
leaf_value=-0.014804089082766335 0.034965538297589999 0.05846396096327814 0.00017219520015160884 0.053424738238453152 -0.062451178068167745 -0.01000762218992432 0.0022388009931068164 -0.046984242073303532 0.00080220044207966355 -0.06590407060847682 -0.051557759993217891 0.05393483952069731 0.0013647775157774346 -0.018392094004414387 0.0022088019324086774 0.00080500438265010486 0.051616327472985835 -0.010338626580640602
leaf_weight=33.110895701684058 4.0251131234690538 3.0798118244856623 3.3978958651423445 3.5421009585261336 4.3725934438407421 5.9812317062169287 14.220842298120262 10.225420027971266 179.58646623231471 2.3443242106586686 2.3533857818692914 4.7720323270186764 2.0746419448405504 11.878387739881871 10.8922295384109 816.82835933723254 3.9123274721205243 3.0682796537876129
leaf_count=226 32 20 26 17 24 36 85 65 1245 21 15 28 20 77 70 4489 27 20
internal_value=6.36546e-07 -0.00222135 -0.00353366 -0.00251561 -0.0350671 0.018104 -0.00335117 -0.0183503 -0.00162725 0.000687882 0.000525781 0.00070765 -0.0343223 0.000853321 0.0179669 0.00052984 0.00851424 0.0243844
internal_weight=1119.67 264.498 248.456 240.686 7.77049 16.0417 237.144 24.4463 212.697 855.168 851.143 846.724 4.41897 844.371 15.6643 828.707 12.9618 6.98061
internal_count=6543 1791 1688 1638 50 103 1621 150 1471 4752 4720 4679 41 4664 98 4566 83 47
is_linear=0
shrinkage=0.05


Tree=210
num_leaves=22
num_cat=0
split_feature=9 9 3 3 9 13 13 10 20 3 12 13 9 13 13 9 2 2 1 10 20
split_gain=0.701113 1.39156 0.774604 5.66812 3.16375 5.54665 3.57024 5.08491 3.56604 3.2797 2.86607 2.56895 2.84788 2.02308 2.76428 2.6415 2.40795 1.94993 1.41106 3.17272 0.015838
threshold=264.00000000000006 325.99589322381934 857.91500000000008 900.71000000000015 132.50102669404518 0.5057925596544296 0.65355826009907891 74.480492813141709 361.50000000000006 1543.2300000000002 1.2916825967753054 0.99892052822357924 90.480492813141709 0.92707593075236905 0.90709388714663375 107.49897330595483 447.3300000000001 5712.9550000000008 174.17000000000004 41.971252566735124 454.00000000000006
decision_type=10 10 10 10 8 8 10 10 2 10 10 10 10 10 10 10 10 10 10 8 2
left_child=2 20 11 -4 6 8 7 -5 -6 -8 -7 13 18 14 17 16 -15 -1 19 -13 -2
right_child=1 -3 3 4 5 10 9 -9 -10 -11 -12 12 -14 15 -16 -17 -18 -19 -20 -21 -22
leaf_value=-0.00011838055680115439 0.052576209910447973 -0.0019188459724440469 -0.064093224636025584 0.0051314218535555315 0.068523715898725066 -0.030253464134992844 -0.0027487958432691217 -0.051440248295059124 0.0014353298432710935 0.03012020182984438 0.0042695666564050464 0.077135288403421431 -0.016571561957938994 0.01475633665812892 0.040807352839011851 -0.052324908131368197 -0.02724471462676141 0.022362562022092851 0.0025767918182855185 0.019877675721571165 0.062797446964741557
leaf_weight=966.18951718462631 0.6801683593657788 2.5616029733791947 3.8125189347192636 14.837615131866189 2.8448798260651511 24.669973906129599 12.706597204785796 5.4242719411849967 6.5210977708920836 18.844625578261912 7.9489558584755278 3.4780262298882016 4.5630105109885326 6.8143387204036134 4.1895340960472813 4.0349640159402034 6.8355397637933493 9.7428783364593965 3.9310889989137641 7.9486103281378755 0.85591904236935079
leaf_count=5378 24 17 33 115 22 136 91 52 56 137 155 14 23 41 25 27 43 61 21 51 21
internal_value=3.22593e-07 0.0206445 -7.55231e-05 -0.00433027 -0.00190115 -0.0121023 0.00636496 -0.0100133 0.0218132 0.0168829 -0.0218405 0.000332551 0.0181114 -2.23944e-05 0.000280028 -0.0167831 -0.00627681 0.00010605 0.0284162 0.0373057 0.0582716
internal_weight=1119.44 4.09769 1115.34 97.6105 93.798 41.9849 51.8131 20.2619 9.36598 31.5512 32.6189 1017.73 19.9207 997.807 980.122 17.6848 13.6499 975.932 15.3577 11.4266 1.53609
internal_count=6543 62 6481 797 764 369 395 167 78 228 291 5684 109 5575 5464 111 84 5439 86 65 45
is_linear=0
shrinkage=0.05


Tree=211
num_leaves=17
num_cat=0
split_feature=1 1 12 12 1 12 1 12 0 17 1 12 7 1 8 20
split_gain=0.727137 0.906424 1.0516 3.29031 4.09977 3.33889 2.94942 7.38458 6.78598 5.47751 3.25014 2.08457 1.28139 3.26454 2.02656 0.292839
threshold=121.50000000000001 158.88500000000002 0.44337661813861762 0.87411961282069395 565.04500000000019 0.81596276279984925 426.89500000000004 0.31338139750892641 896.42000000000019 0.51470588235294124 322.00500000000005 0.67739563490397392 3.5000000000000004 5353.8400000000011 15.500000000000002 589.00000000000011
decision_type=8 8 8 8 10 10 10 10 10 8 8 10 10 8 10 2
left_child=-1 -2 6 4 5 -4 9 8 -8 -3 -11 -6 14 -14 -5 -9
right_child=1 2 3 12 11 -7 7 15 -10 10 -12 -13 13 -15 -16 -17
leaf_value=-0.02443052026393279 0.021713717287645467 -0.056759890987507777 -0.0078794279623338338 -0.00094267416758151822 0.013984082625019281 0.02725342929628535 0.027410766427748708 -0.046501601306487686 -0.011457686187663551 0.0067196336345859741 -0.03208679223533846 0.043326267147201752 -0.010693269534487612 0.014592394591404961 0.029256269710209167 -0.029389026821795956
leaf_weight=3.0373597005382171 4.8150968458503476 6.9509368389844921 26.747680835425854 898.86501815146767 13.04326459951699 9.0509916469454748 25.310965731739998 4.5486277937889081 20.18445135653019 15.978347841650249 8.1464071273803693 11.294452983886002 18.453443548642099 41.407828022260219 5.5899542970582834 5.5507567152380943
leaf_count=27 27 33 132 5371 51 39 94 19 82 71 38 46 118 332 39 24
internal_value=3.95348e-07 6.68914e-05 -2.6916e-05 0.000420493 0.0117676 0.00100323 -0.00531532 0.00158065 0.0101664 -0.0176523 -0.00638446 0.027601 -0.00028713 0.00679758 -0.000756031 -0.0370963
internal_weight=1118.98 1115.94 1111.12 1024.45 60.1364 35.7987 86.6705 55.5948 45.4954 31.0757 24.1248 24.3377 964.316 59.8613 904.455 10.0994
internal_count=6543 6516 6489 6128 268 171 361 219 176 142 109 97 5860 450 5410 43
is_linear=0
shrinkage=0.05


Tree=212
num_leaves=16
num_cat=0
split_feature=10 10 1 1 17 10 12 0 0 8 10 1 3 11 11
split_gain=0.674205 2.09807 1.70616 0.862068 1.62818 1.80297 1.72263 1.4233 4.90219 3.71031 8.09527 4.41493 3.38088 1.90556 0.364315
threshold=178.97330595482549 148.96098562628342 723.47000000000014 5880.6900000000014 0.40394736842105267 81.954825462012337 0.20321153919402188 3362.0600000000004 2869.0000000000005 2.5000000000000004 60.008213552361404 1.0000000180025095e-35 1404.0900000000004 35.48254620123204 26.989733059548261
decision_type=10 10 10 10 8 8 10 10 10 8 10 10 8 10 8
left_child=1 3 -2 7 -5 14 -7 8 13 10 -9 -11 -10 -1 -6
right_child=2 -3 -4 4 5 6 -8 9 12 11 -12 -13 -14 -15 -16
leaf_value=0.00017629709908202479 0.038896293871583207 -0.03691804100995906 -0.018377220374582247 -0.034458177200431706 0.064230626798145007 0.043299264824167454 -0.0044152422384909438 0.025492300224820325 0.062539947456094563 -0.011437103857239683 -0.043651647152005986 -0.066287066857487878 0.0052302820220356946 -0.015937021439329468 0.033020574313449597
leaf_weight=1022.9627218396054 3.4631061777472487 3.8531344854272893 2.0821192713920027 1.7271195258945251 1.6376327890902729 2.4474664628505716 8.3288937858305854 14.720442704856397 5.2696496993303272 15.367608115542682 5.9418310583569101 4.8191646151244631 5.0296918265521535 18.683265236206353 2.1794080594554548
leaf_count=5730 35 39 30 14 29 10 74 86 37 109 49 30 36 214 21
internal_value=1.46501e-07 -8.65025e-05 0.0173913 4.14525e-05 0.011448 0.016881 0.00642141 -0.000128901 0.000226685 -0.00928594 0.00560864 -0.0245314 0.0345527 -0.000112716 0.0464107
internal_weight=1118.51 1112.97 5.54523 1109.11 16.3205 14.5934 10.7764 1092.79 1051.95 40.849 20.6623 20.1868 10.2993 1041.65 3.81704
internal_count=6543 6478 65 6439 148 134 84 6291 6017 274 135 139 73 5944 50
is_linear=0
shrinkage=0.05


Tree=213
num_leaves=26
num_cat=0
split_feature=15 10 1 15 20 11 19 10 3 2 11 15 19 19 19 19 9 0 17 2 3 9 20 7 3
split_gain=0.674726 1.72528 1.54299 1.37277 0.96325 0.896854 8.17031 2.25667 2.69604 1.52673 1.37144 2.69617 1.27895 3.98749 2.88753 0.860801 0.918053 0.458733 0.41222 0.254984 0.127803 0.0566689 0.000601767 0.000331623 0.000109147
threshold=92.993839835728963 42.513347022587276 474.57500000000005 76.024640657084205 589.00000000000011 35.48254620123204 205.50000000000003 96.459958932238209 70.800000000000011 6824.3450000000003 34.97330595482547 1.0000000180025095e-35 149.50000000000003 167.00000000000003 146.50000000000003 113.00000000000001 150.47227926078031 370.10000000000008 0.84327485380116973 831.59000000000015 348.51500000000004 126.4722792607803 569.50000000000011 8.5000000000000018 256.19500000000005
decision_type=10 10 10 10 2 10 2 8 10 10 10 8 2 2 2 2 10 10 8 10 10 8 2 8 10
left_child=3 2 21 5 -5 10 7 9 -9 -7 12 -12 14 -14 -1 -3 -17 -8 -19 -13 -18 -2 -23 -22 -24
right_child=1 15 -4 4 -6 6 17 8 -10 -11 11 19 13 -15 -16 16 20 18 -20 -21 23 22 24 -25 -26
leaf_value=-0.00058241048954403433 0.068076936995849949 -0.027762421192216821 -0.0048661275399344978 -0.0061056276750324533 -0.04880609771501461 -0.049281703299877633 -0.084027980592177809 -0.016818146996481386 0.031380914934251755 0.011135270945446571 -0.012483428651873824 0.073603965003202917 0.016250042862022987 8.4501096235201146e-05 -0.035750212658616658 -0.018499423233532996 0.018117174941915386 -0.068512825045840386 -0.034928288705843018 0.044165884142658318 0.051431940413853051 0.053390604945452814 0.052338156448241559 0.053337287495381303 0.051325566310588072
leaf_weight=830.42628415673971 0.80377543903887128 2.4953119659330696 1.5451656421646474 2.9191661453805855 2.4119978158269078 2.5809906590730014 1.7830873420462001 4.1852884246036401 9.4568374184891564 1.757787470705807 2.5673637129366389 1.343362460844219 47.708283522166312 190.34127249405719 5.8781262561678878 1.1712280260398986 0.38816578453406669 1.9946115482598545 1.6859630513936279 1.6258637784048913 0.5451373282703571 1.0508410744369032 0.43827135208994128 0.39300720160827041 0.67753139184787869
leaf_count=4642 11 26 29 29 22 35 15 43 85 19 24 12 297 1004 35 20 8 21 24 29 41 18 11 11 32
internal_value=1.16463e-07 0.0132626 0.0356582 -0.000113629 -0.0254248 8.67117e-06 -0.00966622 0.00660441 0.0165939 -0.0248047 0.000218714 0.0250398 9.0801e-05 0.00332429 -0.000829594 -0.00699221 0.0137595 -0.0632128 -0.0531287 0.0574845 0.0422464 0.0567383 0.052532 0.0522301 0.0517233
internal_weight=1118.17 9.50844 4.51558 1108.67 5.33116 1103.34 23.4446 17.9809 13.6421 4.33878 1079.89 5.53659 1074.35 238.05 836.304 4.99285 2.49754 5.46366 3.68057 2.96923 1.32631 2.97042 2.16664 0.938145 1.1158
internal_count=6543 207 101 6336 51 6285 242 182 128 54 6043 65 5978 1301 4677 106 80 60 45 41 60 72 61 52 43
is_linear=0
shrinkage=0.05


Tree=214
num_leaves=27
num_cat=0
split_feature=2 12 0 2 3 13 9 13 3 9 17 3 20 20 0 16 0 12 12 3 0 20 11 9 3 9
split_gain=0.695106 1.98039 2.25339 1.92175 2.39744 2.21833 2.57983 1.97976 2.60128 2.30317 1.75936 4.14216 2.27759 2.17543 3.11614 1.7275 1.66544 2.87417 2.21582 3.05108 1.79019 3.43007 1.36378 1.13585 1.08085 0.656495
threshold=1100.8400000000004 1.2453621511232134 1120.3150000000003 1043.4200000000003 857.91500000000008 0.99892052822357924 90.480492813141709 0.92707593075236905 405.28500000000003 107.49897330595483 0.86754385964912295 1617.2800000000004 454.00000000000006 1005.0000000000001 2482.0800000000004 1.0225311001174937 611.0150000000001 3.5877178794796274 3.0087014778460559 6257.5650000000014 487.91000000000003 589.00000000000011 12.008213552361399 53.470225872689944 405.28500000000003 124.4845995893224
decision_type=10 10 10 10 10 10 10 10 10 10 10 10 2 2 10 10 10 8 8 8 10 2 8 10 10 8
left_child=3 2 -2 4 5 7 24 8 -1 -9 13 12 -12 15 -15 -4 20 18 19 -18 21 -3 -5 -6 -7 -24
right_child=1 16 10 22 23 6 -8 9 -10 -11 11 -13 -14 14 -16 -17 17 -19 -20 -21 -22 -23 25 -25 -26 -27
leaf_value=-6.2238220205065563e-05 -0.045733321558318912 -0.04145714033075093 -0.0055982392019246815 -0.0040549664312468292 -0.049228903297753056 0.012635445922605529 -0.01594477119380305 -0.0060020461232650792 0.013062479901631081 -0.047459221727415395 -0.016726980620828804 0.012147652820422834 -0.075765000323450363 -0.0026489574925623385 0.060582616746354151 0.026932613782462908 0.024791914426105413 0.064268889704421517 -0.046772102460632195 -0.010408949713520807 -0.0495629143377075 0.035442748205731671 0.019258854350912822 -0.010524656847394356 0.039312752992903932 0.050946686233589326
leaf_weight=836.01812473824248 3.3871257565915576 2.5638915963936579 120.80522558838129 3.212471151724456 3.369012768380343 7.0752220228314426 4.5493073626421383 13.639897656627001 39.538139163749292 4.4409218765795222 2.9852086436003429 4.7660826817154884 3.6081401715055108 4.9741228278726322 3.2031866312026978 4.223694395273923 16.542984026600617 2.4783035091822958 1.7268223303835828 9.8040300859138352 2.3504441191907972 3.337947701336816 3.1465332135558128 4.3342685289680958 8.1941213328391296 3.4014128788840026
leaf_count=4470 22 29 799 24 20 40 23 84 254 29 21 29 23 32 18 37 278 30 25 87 30 29 19 24 46 21
internal_value=2.97236e-07 -0.00278361 -0.00542046 0.000558793 0.000324948 0.000559193 0.0171048 0.000192252 0.000530444 -0.0161846 -0.00447594 -0.0233645 -0.0490349 -0.00286518 0.0221199 -0.00449929 0.00727012 0.0126536 0.00809706 0.0116933 -0.0126608 0.00203571 0.0226284 -0.0274519 0.0269515 0.0357195
internal_weight=1117.68 186.757 147.953 930.919 921.159 913.456 19.8187 893.637 875.556 18.0808 144.566 11.3594 6.59335 133.206 8.17731 125.029 38.8044 30.5521 28.0738 26.347 8.25228 5.90184 9.76042 7.70328 15.2693 6.54795
internal_count=6543 1489 981 5054 4990 4946 109 4837 4724 113 959 73 44 886 50 836 508 420 390 365 88 58 64 44 86 40
is_linear=0
shrinkage=0.05


Tree=215
num_leaves=21
num_cat=0
split_feature=19 11 3 3 8 11 9 3 17 10 15 2 3 11 7 11 11 19 0 15
split_gain=0.682273 2.06457 0.821748 4.36609 2.32773 6.58239 4.21309 3.17462 4.7782 4.17859 3.77013 3.68721 2.43901 2.30225 1.69882 1.64176 2.13232 1.88346 0.538257 1.12008
threshold=19.500000000000004 8.5256673511293659 141.06500000000003 143.63500000000002 8.5000000000000018 17.527720739219717 105.49486652977414 52.100000000000009 0.32738095238095244 96.459958932238209 23.991786447638606 895.19500000000005 61.360000000000007 16.016427104722798 38.500000000000007 -6.9815195071868574 -11.515400410677616 214.00000000000003 321.75000000000006 18.002053388090353
decision_type=2 8 8 8 10 10 8 10 10 10 8 8 10 8 10 8 10 2 10 8
left_child=1 -1 4 -4 7 12 -7 8 10 11 -2 -9 -6 -10 15 16 -5 -17 -3 -20
right_child=2 18 3 14 5 6 -8 9 13 -11 -12 -13 -14 -15 -16 17 -18 -19 19 -21
leaf_value=0.044130697236850043 -0.012025289221389943 -0.018179318846565633 0.046372007023820543 -0.0040808101058166816 0.013085428602809505 -0.074226913726715388 0.0047731150431351592 -0.009563322451269016 0.067429680709245404 0.039615729693067529 0.0058642263255837893 -0.049421047518920486 0.054255032155042987 0.011180948398262535 -0.033939078554097654 0.0012998314687306732 -0.04629835122122955 -0.010939629887277301 -0.0098257473997134803 0.030683417594768517
leaf_weight=3.5146736130118352 47.357257978059351 2.9904354438185674 5.186743250116705 10.561327351257203 7.5801778119057435 2.7788676824420682 4.2978321202099323 105.90173034276813 3.8320138892158857 4.1048491867259136 77.889843346551061 6.1388158407062283 6.8470547199249268 3.4631956424564123 3.595634964760392 777.10406490921741 4.172609318047761 32.756924762856215 4.0700257569551486 2.9383279401808959
leaf_count=28 374 17 33 65 39 23 31 675 20 35 503 64 37 24 38 4242 40 206 24 25
internal_value=5.73817e-07 0.0111672 -0.000136164 0.000640717 -0.00253237 0.0132499 -0.0262485 -0.00389706 0.0013912 -0.00993188 -0.000899989 -0.0117472 0.0326242 0.0407272 0.000354314 0.00050385 -0.0160367 0.000804775 -0.000419769 0.00715816
internal_weight=1117.08 13.5135 1103.57 833.377 270.192 21.5039 7.0767 248.688 132.542 116.145 125.247 112.041 14.4272 7.29521 828.191 824.595 14.7339 809.861 9.99879 7.00835
internal_count=6543 94 6449 4624 1825 130 54 1695 921 774 877 739 76 44 4591 4553 105 4448 66 49
is_linear=0
shrinkage=0.05


Tree=216
num_leaves=24
num_cat=0
split_feature=5 3 16 20 19 10 1 10 0 1 3 20 20 3 9 15 8 20 20 3 19 10 17
split_gain=0.661317 1.22641 1.03674 2.67372 1.72015 3.28937 2.32729 0.956721 4.33756 3.59956 2.7714 1.33018 5.06961 6.82243 3.35528 3.73457 3.00035 2.3036 0.934142 0.00234141 0.000286327 3.64567e-05 7.60174e-06
threshold=60.500000000000007 348.51500000000004 1.9718703080259592 699.50000000000011 144.50000000000003 7.014373716632444 595.2600000000001 20.977412731006165 194.83000000000001 1422.5800000000002 0.17000000000000001 553.50000000000011 589.00000000000011 35.135000000000012 25.478439425051338 9.0184804928131435 3.5000000000000004 482.50000000000006 589.00000000000011 428.95000000000005 108.50000000000001 29.979466119096511 0.64883061658398311
decision_type=10 10 10 2 2 10 8 8 10 8 10 2 2 8 8 8 10 2 2 10 2 8 8
left_child=2 18 7 4 5 -4 -7 8 -1 -10 -11 14 13 -13 15 -9 -14 -16 -2 -3 -21 -22 -23
right_child=1 19 3 -5 -6 6 -8 11 9 10 -12 12 16 -15 17 -17 -18 -19 -20 20 21 22 -24
leaf_value=0.049649391710655272 0.024080322613586572 0.056354246246990015 0.059620154492315218 -0.055018632312014128 -0.030147393606810114 -0.044544066302472915 0.021556091143628664 -0.03632458306587677 0.034102502268465687 -0.042208919225141396 0.00032243244651297508 0.089318232394817842 -0.00097472033801771114 0.011638409404756155 -0.00077030281193467189 0.022634496061229893 0.010299870085469743 -0.028303335403643416 -0.026035212405057285 0.052190611252744705 0.051268900455891768 0.050737578870000966 0.050267399258846504
leaf_weight=5.3209065664559594 2.0516780801117416 0.31615452468395222 2.4099776148796064 3.0438522994518271 3.7409289996139705 2.6065033478662372 2.7225577859207988 12.95965335262008 6.9194229096174231 4.4676985070109394 26.842529641464353 3.670538550242779 371.20534967910498 12.293501829262823 571.69315853924491 3.3879809007048616 70.16083785193041 7.6992444307543328 1.7005395679734645 0.81593609997071304 0.20571547886356711 0.13536565122194588 0.23556317103793845
leaf_count=29 32 5 26 25 26 19 23 180 38 30 149 18 2067 68 3171 40 436 45 22 22 12 13 47
internal_value=3.7931e-07 0.0173574 -8.49255e-05 -0.0133561 -0.00230946 0.011147 -0.0107742 9.08396e-05 0.00735301 0.00146608 -0.00574642 -0.000209493 0.00181871 0.029499 -0.00176648 -0.0241056 0.000817521 -0.00113617 0.0013675 0.0524698 0.0515879 0.0507351 0.050439
internal_weight=1116.61 5.46095 1111.14 14.5238 11.48 7.73904 5.32906 1096.62 43.5506 38.2297 31.3102 1053.07 457.33 15.964 595.74 16.3476 441.366 579.392 3.75222 1.70873 1.39258 0.576644 0.370929
internal_count=6543 153 6390 119 94 68 42 6271 246 217 179 6025 2589 86 3436 220 2503 3216 54 99 94 72 60
is_linear=0
shrinkage=0.05


Tree=217
num_leaves=12
num_cat=0
split_feature=11 11 11 16 0 0 15 2 2 1 0
split_gain=0.633548 0.769843 3.33321 3.03021 0.815951 4.34564 6.28136 3.62272 2.89057 2.62015 2.21425
threshold=-24.492813141683772 -11.515400410677616 -7.9999999999999991 0.45552512931882722 954.15500000000009 869.72000000000014 13.946611909650926 239.20500000000004 604.54000000000008 1064.9400000000003 1464.9600000000003
decision_type=8 8 8 10 10 10 8 8 8 10 8
left_child=-1 3 -3 -2 5 9 -7 10 -9 -4 -6
right_child=1 2 4 -5 7 6 -8 8 -10 -11 -12
leaf_value=-0.020966419655171559 0.045343632132902795 -0.047262559515193613 -0.00013750532841368446 -0.015681719971900085 -0.056163610868344239 0.065254300964988035 0.0078583312481675573 0.026144733163550517 -0.0022927475324204904 0.0252189823924103 -0.010104081847903033
leaf_weight=3.5913002789020538 4.1441571433097106 3.7249769456684589 820.14131142804399 3.995342779904604 4.8057547211647007 6.0480506168678403 22.502288292162124 9.3113948553800565 221.61936746584252 10.316121732816098 5.7091279327869424
leaf_count=26 18 36 4535 27 21 35 121 36 1585 80 23
internal_value=4.67172e-07 6.81622e-05 -4.47747e-05 0.0153888 0.000115055 0.000836873 0.020017 -0.002453 -0.00114612 0.000177478 -0.0311553
internal_weight=1115.91 1112.32 1104.18 8.1395 1100.45 859.008 28.5503 241.446 230.931 830.457 10.5149
internal_count=6543 6517 6472 45 6436 4771 156 1665 1621 4615 44
is_linear=0
shrinkage=0.05


Tree=218
num_leaves=21
num_cat=0
split_feature=15 16 15 16 15 20 16 5 10 10 15 17 9 19 20 15 12 10 10 20
split_gain=0.63629 1.74998 1.19076 1.07892 1.04818 0.837487 0.706714 0.971824 0.87469 3.82468 3.0934 2.1184 1.36142 2.37427 1.25299 0.688088 0.595412 0.949651 0.0279321 0.000178073
threshold=92.993839835728963 2.4320093079724812 76.024640657084205 1.905595181568571 155.99589322381934 589.00000000000011 4.0715709728867635 37.500000000000007 35.99178644763861 34.496919917864481 50.480492813141687 0.25833333333333336 22.505133470225875 160.50000000000003 1.0000000180025095e-35 96.492813141683783 1.1861155954240292 33.034907597535941 40.000000000000007 536.00000000000011
decision_type=10 8 10 10 10 2 10 10 8 10 8 8 8 2 2 8 10 8 8 2
left_child=2 3 6 15 16 -4 8 -8 9 10 -1 -11 13 -10 -14 -2 18 -18 -3 -17
right_child=1 4 5 -5 -6 -7 7 -9 12 11 -12 -13 14 -15 -16 19 17 -19 -20 -21
leaf_value=-0.0052185443295121601 -0.018517463816810697 0.062912543144920008 -0.0055392302198902328 -0.027630997592960727 -0.016448496249236381 -0.04536169299724193 -0.030899094389748662 0.0064339954123903247 -0.041534737565938937 0.069317621977498564 0.0082130691047997851 0.0181217179877898 -0.031764727016542114 0.030282305825011891 -0.00025161290526118569 0.052763281698021663 -0.03612244877339707 0.051951295954794953 0.052786729661739244 0.05134092272707106
leaf_weight=84.500433526467532 0.56145265558734536 1.1879260567948207 2.8946157596074036 2.9045326958876103 0.8650454042945056 2.4274567479733378 4.2538619078695765 2.9534483551979065 4.6773321451619259 2.9778591021895382 87.002561466302723 6.2856252314522871 3.1653662137687197 1.5264094532467423 903.67583705438301 0.37688014993909724 0.51988299190998044 0.74416517978534114 1.5961665343493221 0.52880229731090367
leaf_count=610 9 15 29 29 25 22 24 37 96 13 439 43 22 38 4963 17 10 38 30 34
internal_value=3.42902e-07 0.0130349 -0.000109048 -0.00997724 0.0335107 -0.0237027 4.99825e-06 -0.0156006 0.000107826 0.00328553 0.00159524 0.0345793 -0.000521302 -0.0238644 -0.000361611 0.0249724 0.0441864 0.015728 0.0571072 0.0519328
internal_weight=1115.63 9.28485 1106.34 4.37167 4.91319 5.32207 1101.02 7.20731 1093.81 180.766 171.503 9.26348 913.045 6.20374 906.841 1.46714 4.04814 1.26405 2.78409 0.905682
internal_count=6543 207 6336 89 118 51 6285 61 6224 1105 1049 56 5119 134 4985 60 93 48 45 51
is_linear=0
shrinkage=0.05


Tree=219
num_leaves=14
num_cat=0
split_feature=19 1 8 11 0 2 3 8 9 0 2 11 3
split_gain=0.647837 2.46495 1.93014 3.62362 1.16805 1.63473 2.70007 2.56391 1.42203 1.22008 1.85733 1.84251 1.83747
threshold=24.500000000000004 287.03000000000003 13.500000000000002 7.5236139630390158 18802.000000000004 14799.050000000001 6257.5650000000014 23.500000000000004 88.476386036960989 12170.160000000002 9785.095000000003 12.993839835728954 4159.5300000000007
decision_type=2 10 8 10 10 10 10 10 8 10 10 10 10
left_child=1 2 3 -1 5 9 -7 -8 -6 10 12 -12 -2
right_child=4 -3 -4 -5 8 6 7 -9 -10 -11 11 -13 -14
leaf_value=0.069131321128438103 -0.00027488452989224568 -0.021264197279534425 -0.010796174458312801 0.0043630318075747838 -0.053099919307789747 0.057953322015904057 -0.037479650724030027 0.05624573881763581 0.0016642648811813618 0.027759799053501268 -0.00014822799589353898 -0.050542469296658302 0.027417247805768648
leaf_weight=3.992815375328064 1070.0914968457073 4.6125595867633811 3.3030054308474073 4.7033174764364958 2.3019588245078912 3.172350972890853 2.2166299179079947 1.0877331867814062 2.4437613096088171 3.8907353952527037 3.6050501968711606 3.650393670424819 6.02399449632503
leaf_count=20 6184 35 20 39 23 20 31 29 19 18 27 32 46
internal_value=5.1295e-07 0.00980075 0.0217424 0.0341013 -0.00014769 -4.02915e-05 0.025005 -0.00662704 -0.0248996 -0.000189484 -0.000289859 -0.0255028 -0.000119867
internal_weight=1115.1 16.6117 11.9991 8.69613 1098.48 1093.74 6.47671 3.30436 4.74572 1087.26 1083.37 7.25544 1076.12
internal_count=6543 114 79 59 6429 6387 80 60 42 6307 6289 59 6230
is_linear=0
shrinkage=0.05


Tree=220
num_leaves=26
num_cat=0
split_feature=0 9 13 20 20 20 20 13 0 7 10 10 10 9 9 1 1 15 13 1 13 9 20 20 13
split_gain=0.645896 2.82887 3.47533 2.10237 5.61427 5.397 5.17585 3.02484 1.81076 1.75978 3.34466 2.96495 4.29 2.20298 5.4578 7.07133 2.93941 2.27529 6.13894 2.43782 1.47923 1.32376 0.81122 0.76487 0.729501
threshold=195.60500000000002 68.501026694045194 0.78421861150289318 785.50000000000011 967.50000000000011 724.50000000000011 977.00000000000011 0.61285570549594282 197.24500000000003 40.500000000000007 24.000000000000004 27.482546201232037 29.94661190965093 49.478439425051342 51.466119096509246 302.32000000000005 281.09500000000008 17.009240246406574 0.56321686503539359 453.87000000000006 0.89298400380525467 99.466119096509246 744.50000000000011 913.50000000000011 0.81673020440437538
decision_type=10 10 10 2 2 2 2 10 10 8 8 8 8 10 10 10 8 10 8 10 10 8 2 2 8
left_child=1 2 3 5 23 7 -6 -1 -2 13 -11 -12 -13 17 15 -15 -16 19 -19 -10 -4 -3 -7 -5 -23
right_child=8 21 20 4 6 22 -8 -9 9 10 11 12 -14 14 16 -17 -18 18 -20 -21 -22 24 -24 -25 -26
leaf_value=0.0031942527984413363 -0.033241439713430451 -0.040549281269364031 0.073853446052230445 0.019934081683403632 -0.032468338775701419 -0.042620975565901789 0.0098366927881866871 -0.035925928889906915 -0.0045662014861381365 -0.055736279387017744 0.048017887810250466 -0.066850773340238062 -0.00476926559559259 0.048114274011643254 -0.033357545653736963 -0.011472922271625035 0.0031194416627123561 0.025707704688186103 -0.0097871900620509714 0.0027082436217362943 0.020906894838661212 -0.021411351518384702 -0.018276700765271034 0.036889350142805644 0.010757128745367018
leaf_weight=172.25546127650887 4.2495711501687756 5.1756921187043163 2.2456339262425891 23.308447016403079 11.010879432782529 6.880122169852255 21.055550720542669 5.0872314888983956 357.68445005686954 3.4393694661557666 2.5179972387850276 2.8926744535565367 73.221104624215513 14.888564972206952 5.7333736000582567 7.4804825149476519 150.40265851170989 25.955523237586021 22.954654600936919 169.86530794482678 3.1974965073168278 4.0355706377886245 6.8084079921245575 9.3075568675994855 3.1287998601328582
leaf_count=763 23 29 22 96 59 37 100 35 2153 24 15 19 462 77 43 36 1173 248 183 790 29 35 36 37 19
internal_value=5.79941e-07 0.0021114 0.00321678 0.00237526 0.0101665 -0.00026283 -0.00468989 0.00207206 -0.000685636 -0.000520353 -0.00747372 -0.00536271 -0.00712865 0.000235538 0.00508921 0.0281876 0.00177999 -0.00126744 0.00904915 -0.00222391 0.0427507 -0.021282 -0.0305126 0.0247726 -0.00736284
internal_weight=1114.78 273.497 261.157 255.714 64.6824 191.031 32.0664 177.343 841.286 837.036 82.0711 78.6318 76.1138 754.965 178.505 22.369 156.136 576.46 48.9102 527.55 5.44313 12.3401 13.6885 32.616 7.16437
internal_count=6543 1297 1214 1163 292 871 159 798 5246 5223 520 496 481 4703 1329 113 1216 3374 431 2943 51 83 73 133 54
is_linear=0
shrinkage=0.05


Tree=221
num_leaves=27
num_cat=0
split_feature=9 12 13 20 9 6 2 2 3 9 10 7 10 2 10 10 10 12 9 19 9 9 13 9 3 2
split_gain=0.637097 2.24824 2.63814 2.37682 2.07587 2.93055 2.76204 2.50466 3.28302 1.98373 2.56666 2.55678 2.36983 2.98372 2.35873 2.18124 1.50495 2.03121 1.77857 1.44647 1.0108 1.00888 0.935714 0.869015 0.855539 0.289015
threshold=147.46611909650929 1.0395562258149684 0.40775804827817397 103.50000000000001 109.47022587268995 118.00000000000001 1821.5800000000002 1143.1600000000001 796.94000000000017 96.509240246406577 104.54209445585217 7.5000000000000009 79.967145790554426 271.95000000000005 97.478439425051349 48.459958932238202 83.02258726899386 2.6791617789219662 235.99178644763865 226.50000000000003 245.47022587268995 43.48254620123204 0.76444498059865529 120.50924024640658 341.67000000000002 1100.8400000000004
decision_type=10 10 10 2 10 8 10 8 8 10 10 8 10 8 10 8 10 10 10 2 10 10 10 10 10 10
left_child=4 3 24 -2 9 22 7 8 -7 10 14 21 13 -11 19 -15 25 18 -18 -1 -19 -12 -6 -8 -3 -4
right_child=1 2 16 -5 5 6 23 -9 -10 12 11 -13 -14 15 -16 -17 17 20 -20 -21 -22 -23 -24 -25 -26 -27
leaf_value=0.00016869464123063979 0.063750390087495612 -0.013179511385416679 0.026419437234847944 0.0053932218221468507 -0.078640528834570442 -0.019454190538012787 0.0022091936824794917 -0.054547422900945546 0.038726125874642768 0.044981328881759354 -0.023202219574008046 -0.0017522755035355693 0.053369902400237312 0.020530938250121963 0.03256456789834293 -0.03710527790776106 -0.047184344037317597 0.062923560764712769 0.018612060307429925 -0.019468132063738181 -0.0034941531808295174 -0.074297261833813466 -0.030016563774124823 0.040642239682859828 -0.052767992511132282 0.054449903054002213
leaf_weight=1024.0164324634243 3.1839551702141788 3.2489325939677682 2.2888106182217585 3.8601860152557492 1.90597808547318 11.944935343228288 2.757047942839562 3.5135904671624294 3.0422683763317773 3.3598170652985546 1.530038791941476 4.7514934679493317 3.6822394668124607 2.8455003080889592 5.5869176946580401 3.879704013466835 2.6753639010712504 1.3949771465267988 1.6670943011995403 9.4645725246518833 0.97199143818579603 2.6211569346487522 2.0575124225579202 3.1526925307698548 2.3531625472242013 1.5372353843413291
leaf_count=5777 12 26 17 30 20 92 21 30 16 14 32 30 31 27 34 28 35 31 27 50 19 25 20 33 29 37
internal_value=4.24771e-07 0.00820263 -0.00208496 0.0317707 -0.000173999 -0.013521 -0.00704605 -0.0165518 -0.00764411 0.000182687 -6.50275e-05 -0.0267976 0.0190389 0.00650394 0.000164016 -0.0127188 0.0126567 -0.00161364 -0.0219247 -1.11385e-05 0.0356492 -0.0554648 -0.053399 0.0227122 -0.0298087 0.0376816
internal_weight=1113.29 23.1817 16.1376 7.04414 1090.11 28.374 24.4105 18.5008 14.9872 1061.74 1047.97 8.90269 13.7673 10.085 1039.07 6.7252 10.5355 6.70943 4.34246 1033.48 2.36697 4.1512 3.96349 5.90974 5.6021 3.82605
internal_count=6543 263 221 42 6280 232 192 138 108 6048 5948 87 100 69 5861 55 166 112 62 5827 50 57 40 54 55 54
is_linear=0
shrinkage=0.05


Tree=222
num_leaves=31
num_cat=0
split_feature=5 13 1 16 15 1 11 11 15 6 11 9 15 19 17 11 20 17 19 19 19 7 11 1 5 6 13 0 13 15
split_gain=0.658283 1.1512 1.23711 0.956271 3.01289 6.9924 5.61685 4.30753 3.8621 4.59817 2.63237 5.87848 7.5412 2.24196 2.81265 3.21451 2.89873 3.09264 2.16712 2.14053 3.38117 3.11715 1.95156 3.36697 4.06114 2.91046 2.50261 2.50035 1.78416 1.32727
threshold=60.500000000000007 0.11971901524066171 302.32000000000005 0.18083128834974702 3.4825462012320334 359.12500000000006 11.498973305954827 3.4989733059548258 4.0246406570841904 5.5000000000000009 3.4989733059548258 77.470225872689952 1.0092402464065711 67.000000000000014 0.59761904761904772 16.016427104722798 111.50000000000001 0.16954022988505749 211.50000000000003 55.500000000000007 113.00000000000001 3.5000000000000004 2.4969199178644765 1733.5350000000001 5.5000000000000009 6.5000000000000009 0.91547693602152058 404.18000000000006 0.52619328812776922 14.990759753593432
decision_type=10 10 8 10 10 10 8 10 10 8 10 10 8 2 10 8 2 8 2 2 2 10 10 8 10 8 10 10 10 10
left_child=3 -2 -3 4 10 8 7 -7 -6 -10 19 12 -12 14 16 -16 -5 -18 -13 21 -21 -1 25 27 -25 28 -27 -24 -15 -8
right_child=1 2 -4 13 5 6 29 -9 9 -11 11 18 -14 22 15 -17 17 -19 -20 20 -22 -23 23 24 -26 26 -28 -29 -30 -31
leaf_value=0.0056622046266373962 -0.026340811435560735 -0.027432240337348625 0.04246126531367387 -0.056094627417501347 0.071485361689270902 -0.017055290842226595 -0.0050817859616151522 -0.093634237001436721 -0.049167737173417866 0.015321322101019295 -0.0035582365745966365 0.050581618579965848 -0.035492953705434253 -0.0086860759536742087 0.052882906592109084 -0.027711084304208919 0.032021242604870638 -0.025269763654671352 6.7864852966174864e-05 -0.010130463138558339 0.00094750541646648225 0.044578735057380275 0.0048639934480242302 -0.033206669831626186 0.010420006653003532 -0.014932741120577145 0.012843139680588833 0.057443835796576671 0.047645518585016748 0.049315069404212514
leaf_weight=75.010106808040291 1.1752780056558538 0.77570079010911275 3.4439957839203998 5.6448353771120372 2.9108512401580802 3.8882067259401065 2.7696084920316935 3.4797400748357177 2.8794781230390072 68.979952356312424 80.980342697585002 5.5553179737180454 23.955037040635943 2.2386493817903101 2.7234557028859845 2.2671695835888386 2.9298979016020867 12.016760546714067 3.4368423111736774 77.421692204661667 624.23991466127336 5.5244908183813086 4.0179701484739763 7.0756879365071681 21.675866986624897 45.156983720138669 9.8847132804803532 5.1706502875313163 3.7774269012734294 1.8843147968873379
leaf_count=363 19 7 127 41 14 33 19 24 21 497 608 50 181 16 26 17 26 102 19 416 3103 24 35 51 240 277 56 48 42 41
internal_value=3.83248e-07 0.0174235 0.0296128 -8.44905e-05 0.000438574 0.0093336 -0.0260597 -0.0532221 0.0150243 0.0127372 -0.000422934 -0.00752366 -0.0108484 -0.00421138 -0.0174062 0.0162702 -0.0255682 -0.0140394 0.031275 0.000611292 -0.000274843 0.00833179 -0.000801697 0.00810402 -0.000316413 -0.00633555 -0.00994458 0.0344519 0.0266839 0.0169428
internal_weight=1112.89 5.39497 4.2197 1107.5 982.916 86.7922 12.0219 7.36795 74.7703 71.8594 896.124 113.928 104.935 124.58 25.5821 4.99063 20.5915 14.9467 8.99216 782.196 701.662 80.5346 98.9979 37.9402 28.7516 61.0578 55.0417 9.18862 6.01608 4.65392
internal_count=6543 153 134 6390 5413 649 117 57 532 518 4764 858 789 977 212 43 169 128 69 3906 3519 387 765 374 291 391 333 83 58 60
is_linear=0
shrinkage=0.05


Tree=223
num_leaves=31
num_cat=0
split_feature=19 6 7 19 0 11 16 0 19 19 19 20 0 3 0 3 6 0 9 15 15 8 9 19 2 10 16 0 0 2
split_gain=0.639684 3.18266 3.98859 4.13907 3.31419 4.62653 3.19485 3.14924 3.12143 3.09868 3.74955 5.0684 2.55719 2.3797 2.33204 1.91623 1.74829 1.54764 2.99397 4.40392 8.17964 3.61917 3.40375 3.39749 2.6777 6.15739 5.2922 5.22279 5.09837 3.67402
threshold=149.50000000000003 28.000000000000004 8.5000000000000018 155.50000000000003 11524.000000000002 32.016427104722801 0.57345326292559917 744.34000000000003 146.50000000000003 203.50000000000003 167.00000000000003 724.50000000000011 278.97500000000008 201.63000000000002 1249.4650000000004 280.37000000000006 1.5000000000000002 426.12000000000006 51.466119096509246 1.4784394250513351 10.986652977412733 14.500000000000002 16.969199178644768 91.500000000000014 658.99000000000012 26.036960985626287 0.49982888432580425 1030.5450000000003 728.71000000000015 1351.8100000000002
decision_type=2 8 8 2 8 10 8 8 2 2 2 2 8 10 8 8 10 8 8 8 8 8 10 2 8 8 10 10 8 8
left_child=8 6 3 -3 5 -5 7 -2 17 10 14 -12 -11 -10 -4 -14 -9 18 21 23 -21 22 -1 -20 26 29 27 -19 -27 -26
right_child=1 2 9 4 -6 -7 -8 16 13 12 11 -13 15 -15 -16 -17 -18 24 19 20 -22 -23 -24 -25 25 28 -28 -29 -30 -31
leaf_value=-0.024533308386076896 -0.065055666160386105 0.053898628554510941 -0.023935091432423072 0.0083960034184498208 0.053708431690979969 -0.023061912588562512 0.039816690229465504 0.0085125252993995398 -0.067165559943484235 -0.023522755474381395 -0.0113577000289564 -0.056386255155181135 0.03416013762440781 -0.0048455854257733119 0.013961716872215292 0.0048819080829037983 -0.047403237670569233 0.013657333842705125 -0.007329087746990425 0.038790834277794797 -0.0063311008075706571 -0.034475032096232615 0.0090543654302931032 -0.04814558544704034 0.059335190190548538 -0.021522000885477548 -0.026843160931526777 -0.021852514790849101 -9.3373061058094346e-05 -0.0059606593810465694
leaf_weight=8.2306163096800429 4.4159019042272094 4.8187171337194732 5.5572825153358307 133.5140930544585 3.6763250678777686 12.809186364291234 1.7711806018487539 4.2208513226360092 3.0838588699698439 5.8789066299796096 22.814272916875783 8.6070124320685846 7.6195819936692741 3.0436964696273208 15.061977376695721 20.96555913425982 2.0901835472323 111.03708329610527 9.8815117143094557 10.574862230569122 200.00538391736336 5.7758976574987164 90.271346420049667 10.532528296113012 6.6644636439159486 30.200195485260338 10.377027017064391 11.419855266809462 343.20310810394585 3.1833559023216376
leaf_count=103 45 41 36 713 18 157 45 43 20 32 109 45 45 21 91 97 21 567 59 54 1185 60 477 123 41 207 87 49 1930 22
internal_value=1.53826e-06 0.00220642 0.00348058 0.00828553 0.00682022 0.00564217 -0.022396 -0.0326683 -0.000651121 -0.0051189 -0.01282 -0.0236921 0.00650968 -0.0362098 0.00374781 0.0126862 -0.0100065 -0.000395191 -0.0030401 -0.00621472 -0.00406518 0.00399223 0.00624785 -0.0283882 0.00132306 -0.000797264 0.00744061 0.0103458 -0.00182648 0.038228
internal_weight=1111.31 253.821 241.323 154.818 150 146.323 12.4981 10.7269 857.485 86.5046 52.0405 31.4213 34.464 6.12756 20.6193 28.5851 6.31103 851.357 335.272 230.994 210.58 104.278 98.502 20.414 516.085 383.251 132.834 122.457 373.403 9.84782
internal_count=6543 1538 1384 929 888 870 154 109 5005 455 281 154 174 41 127 142 64 4964 2061 1421 1239 640 580 182 2903 2200 703 616 2137 63
is_linear=0
shrinkage=0.05


Tree=224
num_leaves=31
num_cat=0
split_feature=0 3 7 19 3 1 3 10 10 19 12 8 20 20 1 20 0 20 12 20 19 20 19 19 11 11 10 19 0 15
split_gain=0.66306 2.41794 1.98585 3.23943 3.21392 3.06598 2.53888 2.24188 3.92585 3.19058 2.18246 1.9742 1.91491 5.45787 3.39015 3.87974 3.86979 3.20401 6.29929 3.12032 3.8892 2.46735 1.89041 6.07087 3.45082 3.84176 2.84689 5.87279 5.30642 5.1503
threshold=219.17000000000004 189.89500000000001 40.500000000000007 208.00000000000003 179.96500000000003 1557.0000000000002 7.4150000000000009 29.94661190965093 30.997946611909654 138.00000000000003 1.0225650300957059 3.5000000000000004 964.50000000000011 791.50000000000011 170.10500000000005 1043.5000000000002 188.57000000000002 724.50000000000011 0.99999828385692868 844.50000000000011 203.50000000000003 456.00000000000006 149.50000000000003 155.50000000000003 4.5174537987679679 10.51334702258727 16.049281314168379 58.500000000000007 293.37000000000006 61.026694045174544
decision_type=10 10 8 2 8 8 10 10 10 2 10 10 2 2 10 2 8 2 10 2 2 2 2 2 8 8 10 2 10 8
left_child=1 12 22 4 5 -4 -7 9 -9 -6 -5 -3 13 17 15 16 -14 21 -19 -15 -21 -1 26 -24 -25 -26 27 28 -2 -28
right_child=2 11 3 10 7 6 -8 8 -10 -11 -12 -13 14 19 -16 -17 -18 18 -20 20 -22 -23 23 24 25 -27 29 -29 -30 -31
leaf_value=-0.0018214371539973157 -0.021169657583300278 0.014177990744617433 0.018306949096207337 0.047547467084509777 0.010155556246136982 0.0061778882117067791 -0.05862866678718958 0.031606300697956023 -0.0083483597837793865 -0.034884321136249195 -0.0015265267910985734 0.069216126655683788 0.025231405121581663 0.049683686440795627 -0.049746320122142612 0.016199586404241937 -0.029328433864543004 -0.037555699920495823 0.035648893918298862 0.0048208214540456087 0.050694075428566666 0.010017203415658558 0.057745011964787867 0.028932167721914832 -0.03077736992680373 0.0030626727315095394 -0.0023456812690665512 -0.0068727304700875015 0.018005489348342542 0.014373560543397754
leaf_weight=159.72447969857603 10.632791029289363 6.5318288998678309 2.1967969164252255 3.9395467303693277 5.6455663032829788 1.8473562095314271 8.3072141492739302 7.7886714730411759 29.187610577326268 12.954663643613456 5.3319616466760635 2.1707962192595005 4.0945077128708389 7.2747940812259904 4.5569202676415435 14.135863497853277 15.756882824003695 13.112249694764616 3.7875594291836014 25.086955303326253 5.6635071858763686 60.751430558972061 5.2604314031195818 11.878812996787019 8.9786375812254846 127.28949698305223 134.45065247849561 294.91612855345011 46.216901852283627 70.065513400011696
leaf_count=773 55 67 16 24 36 12 88 34 182 80 27 18 25 28 31 65 79 70 20 111 23 274 48 81 78 819 989 1732 268 390
internal_value=5.2926e-07 0.00190936 -0.000782149 -0.00839791 -0.0121819 -0.0352521 -0.0468388 -0.00705475 6.76763e-05 -0.0212138 0.0193255 0.0279068 0.00118871 0.00264959 -0.00924937 -0.00381965 -0.018075 -0.000167608 -0.0211492 0.0202361 0.0132696 0.00144066 4.62872e-05 0.00496033 0.00308604 0.00083297 -0.00130887 -0.00403625 0.0106784 0.00338219
internal_weight=1109.54 322.648 786.889 77.1994 67.9279 12.3514 10.1546 55.5765 36.9763 18.6002 9.27151 8.70263 313.945 275.401 38.5442 33.9873 19.8514 237.376 16.8998 38.0253 30.7505 220.476 709.689 153.407 148.147 136.268 556.282 351.766 56.8497 204.516
internal_count=6543 1584 4959 499 448 116 100 332 216 116 51 85 1499 1299 200 169 104 1137 90 162 134 1047 4460 1026 978 897 3434 2055 323 1379
is_linear=0
shrinkage=0.05


Tree=225
num_leaves=15
num_cat=0
split_feature=10 10 1 1 19 17 2 1 11 8 20 1 2 1
split_gain=0.644885 1.84826 1.45809 0.740202 2.35321 1.13714 1.85592 1.01338 4.70466 4.65145 0.830526 0.827391 3.60999 2.2779
threshold=178.97330595482549 148.96098562628342 723.47000000000014 5880.6900000000014 167.00000000000003 0.43303571428571436 8389.1850000000031 3349.5000000000005 40.509240246406577 1.0000000180025095e-35 331.50000000000006 1666.5000000000002 1788.0450000000003 1557.0000000000002
decision_type=10 10 10 10 2 10 10 10 8 8 2 10 8 10
left_child=1 3 -2 7 5 6 -5 11 -9 -10 -7 13 -13 -1
right_child=2 -3 -4 4 -6 10 -8 8 9 -11 -12 12 -14 -15
leaf_value=-4.0844156899773017e-05 0.037307439169221766 -0.034959212603978836 -0.016066729731159746 0.029339657069489072 -0.027433006509226684 0.062509270145942084 -0.02096867268337925 -0.062821656355704247 0.028962377068319181 -0.038339383717313651 0.021696111618719108 0.026453446097732494 -0.0067020125009932281 -0.036182270268803683
leaf_weight=1030.2022424236638 3.3904254384106016 3.7861655768938354 2.0552058857865632 4.335623547434805 3.2160938233137122 2.1270785143133253 3.1762561008217745 3.5981144080869836 6.6934175966307494 4.1646820679306993 3.0109867858700454 14.597712414339183 18.761461932212114 4.3783088363707057
leaf_count=5977 35 39 30 23 24 31 38 37 33 24 32 63 135 22
internal_value=-1.41209e-07 -8.49546e-05 0.0171638 3.52715e-05 0.0107567 0.0204659 0.00806773 -0.000121885 -0.0132714 0.00314843 0.0385921 5.6113e-05 0.00780656 -0.000193793
internal_weight=1107.49 1102.05 5.44563 1098.26 15.866 12.6499 7.51188 1082.4 14.4562 10.8581 5.13807 1067.94 33.3592 1034.58
internal_count=6543 6478 65 6439 148 124 61 6291 94 57 63 6197 198 5999
is_linear=0
shrinkage=0.05


Tree=226
num_leaves=29
num_cat=0
split_feature=17 12 3 20 3 20 13 7 20 20 8 13 11 2 15 20 20 0 10 10 2 11 20 0 13 20 8 20
split_gain=0.631884 3.38021 3.62656 2.63065 4.65925 3.52282 2.33352 1.79396 2.91744 3.39563 2.90813 3.14308 2.80257 1.98446 1.9725 1.46503 1.42376 3.53576 2.98831 2.87685 3.33933 3.02012 1.77792 3.50396 3.10232 2.2765 1.49731 1.34254
threshold=0.97555158020274313 0.81596276279984925 92.085000000000022 444.50000000000006 332.21000000000009 520.50000000000011 0.64307228309537467 3.5000000000000004 1052.5000000000002 205.50000000000003 7.5000000000000009 0.29136929374291948 4.5174537987679679 265.94000000000005 32.99281314168379 153.50000000000003 1043.5000000000002 257.04500000000002 2.4640657084188917 145.98767967145793 393.99000000000007 23.490759753593434 1017.0000000000001 350.30500000000006 0.11043620388154463 977.00000000000011 1.5000000000000002 665.00000000000011
decision_type=10 8 8 2 8 2 8 10 2 2 10 8 10 8 8 2 2 8 10 8 10 8 2 10 10 2 8 2
left_child=7 -2 -3 4 -4 -5 -7 16 9 13 12 -12 -11 -9 -15 -6 22 18 -18 21 -21 -19 25 24 -24 27 -25 -1
right_child=1 2 3 5 15 6 -8 8 -10 10 11 -13 -14 14 -16 -17 17 19 -20 20 -22 -23 23 26 -26 -27 -28 -29
leaf_value=0.00055266318343841908 -0.057122855085733837 0.050332753832325064 -0.035256411839636674 -0.063798709439542786 0.05003309138125981 -0.036904505516005527 0.012330756537448462 -0.05200228240984342 -0.035136421898878542 0.062371697990357036 -0.015579714410443339 0.018233313925726878 0.0048438877548677376 -0.021538182141459663 0.02955265130579179 0.011272015537698672 -0.043517691146241544 0.029473302762390616 0.013664702512713039 0.011078238724647126 0.048434133737821378 -0.030259859796057109 -0.015020888969693899 0.026283561683216956 -0.072306798746832518 0.028106488989615541 -0.015219767660904325 -0.003688333315618918
leaf_weight=680.9767519357847 3.0260613709688178 3.0170898996293571 4.514391379430891 3.8278552284464231 3.8497731518000364 4.0172204156406197 6.0024177038576463 2.6544635444879505 3.6308140140026799 5.9420846700668317 8.8344464562833291 30.950004389276728 3.2888838900253177 4.9720523264259109 3.0468440971453665 6.6465526688843966 5.3319689184427244 3.3189359214156848 3.9978509526699781 17.445088438689712 9.1047974922694248 5.8387501882389188 6.5492603108286875 4.7694197371602032 3.6977325715124607 6.9529227353632441 3.9920493848621854 257.04759462783113
leaf_count=3995 13 20 33 26 22 32 44 12 25 29 54 223 31 34 31 37 31 27 30 69 61 53 37 25 22 35 22 1470
internal_value=2.22272e-08 -0.00662081 -0.00182643 -0.00727961 0.00721983 -0.022997 -0.00740937 0.000215509 0.00837929 0.0110263 0.0165913 0.0107249 0.0418752 -0.0145301 -0.00212581 0.0254885 -0.000296795 0.00839255 -0.0190149 0.0155537 0.0238888 -0.00861132 -0.000702761 -0.0158428 -0.0356931 -0.000398215 0.00737311 -0.000609501
internal_weight=1107.24 34.9014 31.8753 28.8582 15.0107 13.8475 10.0196 1072.34 63.3196 59.6888 49.0154 39.7845 9.23097 10.6734 8.0189 10.4963 1009.02 45.0374 9.32982 35.7076 26.5499 9.15769 963.986 19.0085 10.247 944.977 8.76147 938.024
internal_count=6543 227 214 194 92 102 76 6316 439 414 337 277 60 77 65 59 5877 271 61 210 130 80 5606 106 59 5500 47 5465
is_linear=0
shrinkage=0.05


Tree=227
num_leaves=31
num_cat=0
split_feature=0 3 8 7 19 3 9 9 9 3 9 9 13 0 9 13 2 13 20 3 13 2 7 3 3 19 19 5 15 19
split_gain=0.628482 2.2216 1.86231 1.78096 2.90656 3.02534 3.43786 2.59609 3.70113 2.25543 2.09785 5.14374 5.8803 4.8937 5.51992 4.18744 3.02752 4.21432 3.23159 2.80407 4.8907 4.26817 2.66556 1.95303 1.72444 1.71332 3.64376 1.53496 2.99421 2.08107
threshold=219.17000000000004 189.89500000000001 3.5000000000000004 40.500000000000007 208.00000000000003 179.96500000000003 41.478439425051342 77.470225872689952 86.455852156057503 2825.1750000000006 49.478439425051342 51.466119096509246 0.64307228309537467 232.90500000000003 38.455852156057503 0.71047813628099032 588.46000000000015 0.51696033623875415 1036.0000000000002 638.30000000000007 0.83272560437672116 895.19500000000005 1.5000000000000002 182.57000000000002 17.205000000000002 217.50000000000003 211.50000000000003 67.000000000000014 3.4825462012320334 74.000000000000014
decision_type=10 10 10 8 2 8 8 10 10 10 10 10 10 10 8 8 10 8 2 10 10 10 8 8 10 2 2 8 8 2
left_child=1 25 -3 10 5 6 24 9 -9 -7 13 12 -12 14 -2 -14 17 -13 -18 20 -15 -21 -16 -6 -5 26 27 29 -29 -1
right_child=3 2 -4 4 23 7 -8 8 -10 -11 11 16 15 19 22 -17 18 -19 -20 21 -22 -23 -24 -25 -26 -27 -28 28 -30 -31
leaf_value=-0.016680660204611734 0.025661037533588667 0.013702629856453798 0.067837833186717753 0.029844039314805629 0.045057063944881778 -0.021082839181664988 -0.061242297402350133 0.037891362214620368 -0.0062791254706142524 0.020870297760061472 0.053116532392748543 0.0086239325263741933 -0.037637520990757643 -0.00044154690754098845 -0.06819070814832788 0.028710352262317586 0.010227626658527521 -0.016008064817207766 -0.048420984961091165 -0.050515806350483639 0.0265977100413981 -0.0064216696556449338 -0.012176467788672483 -0.0012433811835901041 -0.026767911461479929 -0.021301189199452494 0.037897232798011507 -0.031123319620103458 0.00095084303017266769 0.026050020378503087
leaf_weight=3.7183719165623179 3.1535539869219038 6.5089862479362619 2.1016141436994076 2.0264539523050162 3.9112788550555679 27.580713012255732 5.9804049916565427 6.4966281913220909 17.564760769484565 3.6246306449174872 11.050870591774585 29.632183412089944 4.2235174477100346 445.19041258329526 6.684925101697444 5.4427608437836179 75.938945039291866 41.944706404581666 2.4237333582714191 6.0863187820650628 17.3760034609586 55.833242145716213 3.1129034869372854 5.4529471322894105 4.0010153613984585 8.2577055692672712 6.8270355723798266 7.4741962458938414 274.84598060790449 12.192024537362157
leaf_count=24 21 67 18 17 20 184 49 28 98 22 60 176 19 2541 47 25 707 266 35 41 98 406 18 31 50 40 26 66 1241 102
internal_value=-4.62962e-08 0.00186029 0.0269156 -0.000763226 -0.00800354 -0.0116364 -0.0343837 -0.00669404 0.005647 -0.0162098 2.04123e-05 0.00485005 0.028203 -0.00151318 -0.0318754 -0.000279233 0.00162337 -0.00581064 0.00841364 -0.00076343 0.000574165 -0.0107559 -0.0503942 0.0180955 -0.0077348 0.00117172 0.00178005 0.00095326 0.000101706 0.0160636
internal_weight=1106.66 321.926 8.6106 784.733 76.6388 67.2746 12.0079 55.2667 24.0614 31.2053 708.094 170.657 20.7171 537.437 12.9514 9.66628 149.94 71.5769 78.3627 524.486 462.566 61.9196 9.79783 9.36423 6.02747 313.315 305.058 298.231 282.32 15.9104
internal_count=6543 1584 85 4959 499 448 116 332 126 206 4460 1288 104 3172 86 44 1184 442 742 3086 2639 447 65 51 67 1499 1459 1433 1307 126
is_linear=0
shrinkage=0.05


Tree=228
num_leaves=31
num_cat=0
split_feature=5 3 16 15 1 11 3 0 11 11 11 9 15 11 11 15 10 10 13 12 1 9 9 11 15 17 11 13 15 16
split_gain=0.614596 1.13612 0.88733 2.73434 5.78385 5.21224 3.60466 3.89034 3.40409 2.44137 2.21665 4.74303 5.5899 1.99812 2.65537 3.51463 3.50917 3.32462 2.53501 2.74398 3.30393 2.72684 2.14216 1.80446 4.34953 1.61888 1.45756 1.36277 1.18299 0.854576
threshold=60.500000000000007 348.51500000000004 0.18083128834974702 3.0112936344969206 359.12500000000006 11.498973305954827 600.92500000000007 1030.5450000000003 3.4989733059548258 22.981519507186864 1.0000000180025095e-35 77.470225872689952 1.0092402464065711 6.5215605749486665 12.501026694045176 10.986652977412733 43.006160164271058 35.99178644763861 0.84273272149607759 1.1373804226918802 470.60000000000008 51.466119096509246 37.01026694045175 -1.4784394250513346 1.0000000180025095e-35 0.97555158020274313 22.505133470225875 0.97927628839913683 14.990759753593432 2.1264096840168323
decision_type=10 8 10 10 10 8 10 10 10 8 10 10 8 10 10 8 8 10 10 10 8 10 8 10 8 10 10 10 10 8
left_child=2 29 3 10 6 8 9 -8 -6 -5 23 12 -12 18 16 -16 22 -17 19 20 -4 -20 -15 25 -25 -1 -13 -23 -7 -2
right_child=1 -3 13 4 5 28 7 -9 -10 -11 11 26 -14 14 15 17 -18 -19 21 -21 -22 27 -24 24 -26 -27 -28 -29 -30 -31
leaf_value=0.00063968947423355502 0.032132830778274071 0.052565659317329351 -8.7118564237295858e-05 0.023200034828266707 -0.016870240751243198 -0.0015853131543768087 -0.047686232164436827 0.0068685457262558369 -0.084304296455277442 -0.0074764592814144416 -0.0034806757369766159 0.055560665902548059 -0.030074771990040956 0.030783432638335148 -0.065878245286498896 0.039652014458368967 0.06098536438340596 -0.011068606403747907 0.057393039868972234 0.022863633471938323 -0.024573624698941275 -0.010640059045335158 -0.0080109006753902295 0.044298587860050767 -0.021927372452778458 -0.014793323072226638 0.013485151565219389 0.019732658031095359 0.049077899987719192 -0.01710758518019298
leaf_weight=733.93718643859029 1.4356383993290363 1.5763804052839985 21.219223953783512 53.509848119691014 3.8854908309876901 3.2329924311488867 4.258366932161155 14.048916481900958 3.6104779345914721 7.3803193718194953 87.998155531240627 3.1547660455107671 25.480987665243447 5.9872109554708013 2.2626711390912533 4.1401946651749375 3.9128557818476102 14.709301816299556 2.4219523472711471 4.9149143295362583 39.271346425637603 10.115220270585267 8.7717521330341697 6.9968581702560169 3.8399335946887732 17.395076874643564 5.9221767438575625 5.8169681052677324 1.7902567374985663 2.2813721988350149
leaf_count=3668 25 99 125 330 33 21 48 109 24 71 649 27 204 41 14 49 50 196 13 65 246 70 71 34 24 86 44 37 41 29
internal_value=-4.63403e-07 0.0169959 -8.22538e-05 0.000422879 0.00864064 -0.02294 0.0136328 -0.00582117 -0.0493503 0.0194818 -0.00042903 -0.0066703 -0.0094522 -0.00407464 0.0051518 -0.00699621 0.0188875 7.19163e-05 -0.00845699 -0.0130649 -0.0159841 0.00796338 0.00772665 0.00057456 0.0208319 0.00028238 0.0281088 0.00044926 0.0164708 0.00191077
internal_weight=1105.28 5.29339 1099.99 976.442 91.7167 12.5192 79.1975 18.3073 7.49597 60.8902 884.725 122.556 113.479 123.544 39.784 21.1122 18.6718 18.8495 83.7596 65.4055 60.4906 18.3541 14.759 762.169 10.8368 751.332 9.07694 15.9322 5.02325 3.71701
internal_count=6543 153 6390 5413 677 119 558 157 57 401 4736 924 853 977 421 259 162 245 556 436 371 120 112 3812 58 3754 71 107 62 54
is_linear=0
shrinkage=0.05


Tree=229
num_leaves=31
num_cat=0
split_feature=20 20 13 0 19 19 13 0 12 1 19 9 12 20 9 16 17 19 19 0 20 8 13 0 1 0 13 13 8 1
split_gain=0.663926 4.09142 6.56831 4.38499 2.8317 4.77602 4.73495 4.69376 3.80029 4.61467 3.66213 3.37408 2.70784 2.6744 8.06057 7.47418 5.61638 5.49032 11.3268 3.85007 3.8464 12.6177 6.59488 5.67333 4.94771 3.58024 3.50018 3.29206 2.96575 2.48191
threshold=553.50000000000011 589.00000000000011 0.047071567287011333 273.28500000000003 204.50000000000003 167.00000000000003 0.16591391572079789 1566.5000000000002 1.5125021827209248 171.93000000000004 196.00000000000003 51.466119096509246 1.0395562258149684 445.50000000000006 74.44763860369612 -1.0000000180025095e-35 0.27429467084639503 74.000000000000014 132.50000000000003 477.77500000000003 367.50000000000006 1.0000000180025095e-35 0.65355826009907891 378.86000000000007 857.7650000000001 728.71000000000015 0.86770247121563726 0.61285570549594282 3.5000000000000004 2010.5850000000003
decision_type=2 2 8 10 2 2 8 10 8 10 2 10 10 2 8 10 10 2 2 10 2 10 8 8 8 8 8 8 10 10
left_child=13 2 -2 -4 5 -3 12 11 9 -7 -10 -8 -6 20 15 27 19 -16 26 -17 29 23 -23 -22 -25 -20 -19 28 -15 -1
right_child=1 4 3 -5 6 8 7 -9 10 -11 -12 -13 -14 14 17 16 -18 18 25 -21 21 22 -24 24 -26 -27 -28 -29 -30 -31
leaf_value=-0.0020999800312629965 0.079330336740646615 0.001483084907650785 0.033431400083869939 -0.025125386398380908 0.0042234021516156057 0.014424267092775471 0.041992694274399105 -0.023315371763134973 -0.044258995858955694 -0.020629160114619002 -0.0014504374780484354 -0.0066343704154180425 -0.048667013550385198 0.0084845670941626396 0.010769921935332384 -0.012741840228582027 -0.052349122058692354 -0.058581458351625808 0.0070465906882809558 0.026619317534770665 0.047361882126109124 -0.00272929985271889 -0.06480669645719167 -0.027284031215796228 0.020006626004927808 -0.021137678943182032 -0.0087421654723574618 0.0049633257096722708 0.048528572374418738 0.016598119664820339
leaf_weight=367.08103111525998 4.2432659324258593 365.23565058899112 7.2667991449125093 5.7086609520483762 6.5431974455714208 17.852004605578259 19.279033816419549 4.3869928400963536 14.988353103399279 19.805340071208775 7.4936471136752507 4.3772440233733496 3.8402710128575563 7.090610023587943 14.521326266694812 21.884631126653407 6.6253945715725413 20.667109397239987 20.940136803779751 8.6753468150272948 16.386051132343709 12.030978232622148 6.6394723285920909 6.5370562095195046 35.933134825900197 24.394134377478622 4.2466412112116805 17.349594160914421 13.290776580572128 18.648846578667872
leaf_count=2158 20 2157 36 44 36 121 89 34 69 98 54 45 28 43 78 156 48 189 102 66 87 92 38 33 190 120 21 82 69 140
internal_value=5.86579e-07 0.00139597 0.0253286 0.00766886 0.00050747 -0.000666773 0.0135061 0.024186 -0.0137232 -0.00401158 -0.0299901 0.032995 -0.0153378 -0.0010769 -0.00665693 0.0052926 -0.0106158 -0.0172175 -0.023003 -0.00156802 0.000846555 0.0110091 -0.0248049 0.0223701 0.0127276 -0.00811922 -0.0500862 0.020971 0.0345974 -0.00119598
internal_weight=1103.96 481.02 17.2187 12.9755 463.802 425.375 38.4267 28.0433 60.1393 37.6573 22.482 23.6563 10.3835 622.942 159.686 74.9164 37.1854 84.7693 70.248 30.56 463.257 77.5267 18.6705 58.8562 42.4702 45.3343 24.9138 37.731 20.3814 385.73
internal_count=6543 2831 100 80 2731 2499 232 168 342 219 123 134 64 3712 974 464 270 510 432 222 2738 440 130 310 223 222 210 194 112 2298
is_linear=0
shrinkage=0.05


Tree=230
num_leaves=17
num_cat=0
split_feature=10 10 1 1 12 10 2 11 12 13 1 12 9 12 9 3
split_gain=0.614405 1.74862 1.33016 0.647982 1.33512 1.14385 1.42507 1.30382 1.03431 3.19904 3.1516 2.03044 1.76946 1.52116 1.35173 0.288958
threshold=178.97330595482549 148.96098562628342 723.47000000000014 5880.6900000000014 2.2590239291274137 66.036960985626294 7186.6900000000014 44.517453798767974 2.968351265636866 0.41777166417719508 611.32500000000016 2.167859309661111 85.010266940451757 4.0405810475911155 187.48254620123205 inf
decision_type=10 10 10 10 8 8 10 8 10 10 10 10 10 10 10 8
left_child=1 3 -2 8 5 7 -7 -5 11 13 -11 14 -13 -10 -1 -6
right_child=2 -3 -4 4 15 6 -8 -9 9 10 -12 12 -14 -15 -16 -17
leaf_value=-0.00025478781049599668 0.036262524148781193 -0.03408057723327234 -0.015004139300699677 0.058837954153844796 0.027719926730054467 0.01474962379215353 -0.023516456681595067 -0.00079814100853489115 -0.067768291744079126 0.042735356113462818 -0.047085867940774712 0.042515907395009198 -0.0079991729965488544 -0.018315176997146725 0.027693529573712457 0.064091687148902593
leaf_weight=1054.1901071562897 3.3427478489466003 3.7690985144581637 2.0358126314822584 1.7743765478953673 1.0638477913453255 4.7816494004800916 4.9535010331310332 1.8956905044615271 2.5804909225553256 3.3075031497282907 1.3857590607367454 5.1527616707608095 2.6124812418129295 3.9128758262377232 4.3441500121261916 1.1219696253538129
leaf_count=6046 35 39 30 29 35 25 39 14 22 43 24 47 44 35 30 6
internal_value=-1.19783e-08 -8.26771e-05 0.0168578 3.45529e-05 0.0101549 0.00424658 -0.00472117 0.0280343 -0.000111886 -0.0152363 0.0162142 4.67849e-05 0.025521 -0.0379681 -0.00014009 0.0463894
internal_weight=1102.22 1096.85 5.37856 1093.08 15.591 13.4052 9.73515 3.67007 1077.49 11.1866 4.69326 1066.3 7.76524 6.49337 1058.53 2.18582
internal_count=6543 6478 65 6439 148 107 64 43 6291 124 67 6167 91 57 6076 41
is_linear=0
shrinkage=0.05


Tree=231
num_leaves=31
num_cat=0
split_feature=20 10 20 0 0 1 12 19 17 20 13 11 20 15 11 19 19 12 10 9 20 9 16 10 19 19 3 20 8 13
split_gain=0.602827 3.81342 3.97281 4.27569 3.82943 3.78671 10.7694 5.17459 2.90665 4.16092 4.45919 3.52105 3.28905 7.68639 4.48069 2.80495 4.6141 3.95866 2.59193 2.9881 2.3064 7.39431 6.52383 6.13205 5.11017 10.4299 5.67312 3.64312 11.6868 5.89492
threshold=553.50000000000011 15.490759753593432 665.00000000000011 968.53000000000009 216.24500000000003 627.04500000000019 0.81596276279984925 129.00000000000003 0.10555555555555557 890.50000000000011 0.56081834993747037 8.5256673511293659 758.50000000000011 64.492813141683783 6.5215605749486665 126.50000000000001 65.500000000000014 1.0498750592944686 8.9856262833675586 61.470225872689944 445.50000000000006 74.44763860369612 -1.0000000180025095e-35 42.004106776180706 74.000000000000014 132.50000000000003 274.01000000000005 367.50000000000006 1.0000000180025095e-35 0.65355826009907891
decision_type=2 8 2 10 10 8 8 2 10 2 8 8 2 8 8 2 2 10 8 8 2 8 10 10 2 2 8 2 10 8
left_child=18 4 3 5 -2 6 -3 -7 12 10 -10 -11 13 -4 -14 16 -5 -17 19 -1 27 22 -22 -24 26 -26 -23 -20 -29 -30
right_child=1 2 8 15 -6 7 -8 -9 9 11 -12 -13 14 -15 -16 17 -18 -19 20 -21 21 24 23 -25 25 -27 -28 28 29 -31
leaf_value=0.042337079546229076 0.020937945133265107 0.045149411358671378 0.020664523879796275 -0.0099341085044064113 -0.044133195153299568 -0.0029891511747294694 -0.026140512452086484 0.028827623459340902 -0.00036724557189005586 0.029295890543919928 0.041354939310540698 -0.015119454087928528 -0.018791613885195943 -0.018067921968993803 0.0034352729347877095 -0.032365292339397521 0.067291213509489592 0.02271718257529132 -0.0016292299315149477 -0.016384252906216961 0.019785886026410352 0.057395734665407622 -0.019863437142459677 0.032093289035416882 -0.048920439292167134 -0.008230302092630034 -0.010533043554961085 0.021717216353583882 -0.003072816824181898 -0.061992860538625363
leaf_weight=6.9677947247400853 3.0723953479900947 7.9759991466999081 15.730557565111665 5.8915063086897153 8.5611884258687478 16.976694250945002 15.775402495637534 51.685292566544376 10.898491760715844 5.8705968800932169 15.529725914821027 18.599178914446387 25.771796425338835 68.96516084857285 188.63093766034581 13.555027496069671 2.8796328911557794 4.2954767531482494 378.75887280801544 3.1439359188079843 36.802324585616589 4.418947305530307 29.839218512177467 7.0136834620498112 24.239566710311919 44.958770782803185 10.096115892985836 56.548764087259769 11.923743335530164 6.5920752505771807
leaf_count=59 17 30 142 45 49 114 76 281 72 45 107 121 156 398 1033 69 20 56 2246 21 190 23 217 52 210 221 55 290 90 38
internal_value=4.19822e-07 0.00132999 0.00203139 0.00992203 -0.0269481 0.0150081 -0.00220052 0.0209609 -0.000652247 0.0103934 0.0241495 -0.00446367 -0.0025319 -0.0108741 0.00076354 -0.00773371 0.0154196 -0.0191105 -0.00102819 0.0240795 -0.00144358 -0.00665952 0.00489509 -0.00997526 -0.0168258 -0.0224837 0.0101471 0.00036511 0.0104281 -0.0240498
internal_weight=1101.97 480.665 469.031 119.035 11.6336 92.4134 23.7514 68.662 349.996 50.898 26.4282 24.4698 299.098 84.6957 214.403 26.6216 8.77114 17.8505 621.304 10.1117 611.192 157.369 73.6552 36.8529 83.7134 69.1983 14.5151 453.823 75.0646 18.5158
internal_count=6543 2831 2765 691 66 501 106 395 2074 345 179 166 1729 540 1189 190 65 125 3712 80 3632 968 459 269 509 431 78 2664 418 128
is_linear=0
shrinkage=0.05


Tree=232
num_leaves=22
num_cat=0
split_feature=0 7 1 9 9 9 9 10 7 16 13 20 10 11 9 0 10 13 1 13 1
split_gain=0.605869 3.28798 1.61264 0.948542 1.46748 2.62214 1.72928 2.51784 2.31524 2.15868 3.38219 2.02183 1.98234 1.6629 2.4213 2.0991 1.15262 2.36193 2.56164 2.07978 1.27549
threshold=156.03500000000003 3.5000000000000004 474.57500000000005 168.52566735112939 109.47022587268995 115.99178644763862 96.509240246406577 104.54209445585217 7.5000000000000009 1.2268559004038544 0.82765717755359991 589.00000000000011 97.478439425051349 22.981519507186864 124.4845995893224 1142.3100000000002 75.975359342915823 0.61652496894815501 235.26500000000001 0.58034705535054332 2741.0000000000005
decision_type=8 8 8 10 10 10 10 10 8 8 10 2 10 8 10 10 10 8 10 8 8
left_child=1 2 -1 4 6 -6 7 12 -9 10 -8 -11 -2 14 -7 -15 19 20 -19 -5 -18
right_child=3 -3 -4 16 5 13 9 8 -10 11 -12 -13 -14 15 -16 -17 17 18 -20 -21 -22
leaf_value=0.029547323031798901 0.00012639182286777758 -0.042079023484930873 -0.010990967935474305 -0.010232006386343773 -0.046335753157785591 -0.0401661377350453 0.029418869809695936 -0.05452232871634273 -0.0028204748503923966 0.05223773787244327 -0.056085871599610253 0.004073220151999713 0.030228367226219362 7.1514923766654892e-05 0.039981941385720005 -0.031197216512528988 -0.0090031577499071168 -0.074881498778731223 0.0069564110941559183 0.044099544803088399 0.052832111815239294
leaf_weight=4.3982150100637183 1008.0695500556612 5.2158252280205497 5.5477156690321872 2.6556430966593307 4.3929853597655883 1.2387713203206665 2.5324296304024756 4.0246399366296801 4.6870565698482105 5.2651481628417951 2.1286678481847048 3.7171059844549745 5.4990788977593175 15.969874615781011 3.9377932058414444 8.0842562764883024 1.3847416301723572 1.684819652407896 2.211068429693114 5.2307112646522 2.0966838614549488
leaf_count=30 5736 37 38 30 31 21 30 57 30 28 14 28 34 107 64 70 20 26 37 36 39
internal_value=-1.1296e-07 -0.00992603 0.00693557 0.000138616 -3.80086e-05 -0.0103181 0.000295659 5.96583e-05 -0.0267058 0.0179789 -0.00963013 0.0323059 0.000289709 -0.00490513 0.0208022 -0.0104375 0.0125149 -0.00169107 -0.0284353 0.025804 0.0282371
internal_weight=1099.97 15.1618 9.94593 1084.81 1069.55 33.6237 1035.92 1022.28 8.7117 13.6434 4.6611 8.98225 1013.57 29.2307 5.17656 24.0541 15.2637 7.37731 3.89589 7.88635 3.48143
internal_count=6543 105 68 6438 6250 293 5957 5857 87 100 44 56 5770 262 85 177 188 122 63 66 59
is_linear=0
shrinkage=0.05


Tree=233
num_leaves=25
num_cat=0
split_feature=5 13 19 16 13 16 20 0 15 20 20 7 12 0 5 20 2 20 13 8 2 17 15 2
split_gain=0.57134 1.50364 1.63441 1.69178 1.39209 1.33758 2.52526 3.94214 2.53711 0.958028 3.21701 3.66854 3.96757 3.38861 3.11199 3.01752 2.78898 2.05569 1.81752 2.98328 2.90263 0.536894 0.00478524 0.00159602
threshold=40.500000000000007 0.12379801781887183 106.50000000000001 10.406593406593409 0.58034705535054332 1.4438868613138689 446.50000000000006 282.52500000000003 50.480492813141687 536.00000000000011 665.00000000000011 1.0000000180025095e-35 0.3281024886193446 2869.0000000000005 2.5000000000000004 831.50000000000011 3795.8300000000004 482.50000000000006 0.55603922154757912 2.5000000000000004 159.12500000000003 0.24404761904761907 42.036960985626287 372.57000000000005
decision_type=10 8 2 10 10 10 2 10 8 2 2 10 8 10 8 2 10 2 8 10 10 10 10 10
left_child=5 -2 4 22 -3 9 7 -7 -8 17 13 15 -13 14 -11 -12 -15 18 20 -20 -1 -9 -4 -24
right_child=1 2 3 -5 -6 6 8 21 -10 10 11 12 -14 16 -16 -17 -18 -19 19 -21 -22 -23 23 -25
leaf_value=-0.042054707890898012 -0.025993674995612826 -0.0256017849160417 0.057576835994006231 -0.029004592961108733 0.023709752637094583 -0.032767824969706948 -0.052926900994083974 0.022285018973941507 -0.0018643590892474873 -0.021996167610970195 -0.010090705110628206 -0.029602733124687489 0.016588514066451319 -0.045889538536146635 0.013177820940616983 0.00067448211475396166 0.0050045199822287834 -0.030868044969266185 -0.00064697563947955941 -0.011376788101938731 0.0033088867183185527 0.058174775766691701 0.053419001521388079 0.051292413001198224
leaf_weight=3.5832616612315169 2.3150201216340038 2.698307721875608 0.49196443706750859 0.7462897179648279 3.0478935065912083 3.3025859147310284 5.5362367164343569 2.0685127624310553 4.3393004545941958 6.6752073187381029 96.318449305137619 5.1853740662336341 44.929641135968268 4.9256333485245687 108.4953871499747 200.80530673917383 5.9356928966008127 5.7953509949147692 280.6375569133088 84.223069243598729 221.74372138828039 2.0999144157394767 1.6973832324147227 1.8373117767623623
leaf_count=21 38 34 5 11 35 22 38 20 37 68 578 22 291 27 564 1089 47 37 1383 468 1526 20 30 132
internal_value=-1.55702e-07 0.0104876 0.0185163 0.0401413 0.000553985 -0.00012403 -0.013897 0.00803644 -0.0304901 9.94098e-05 0.00177891 -0.000704607 0.0118091 0.00862142 0.0111392 -0.00281526 -0.018076 -0.00123429 -0.000943296 -0.00312381 0.00258749 0.0403651 0.0529567 0.0523136
internal_weight=1099.43 12.8342 10.5192 4.77295 5.7462 1086.6 17.3466 7.47101 9.87554 1069.25 473.271 347.239 50.115 126.032 115.171 297.124 10.8613 595.983 590.188 364.861 225.327 4.16843 4.02666 3.5347
internal_count=6543 285 247 178 69 6258 137 62 75 6121 2686 1980 313 706 632 1667 74 3435 3398 1851 1547 40 167 162
is_linear=0
shrinkage=0.05


Tree=234
num_leaves=20
num_cat=0
split_feature=11 9 0 11 9 8 15 1 15 20 3 3 3 15 16 9 20 15 16
split_gain=0.56337 0.739878 1.80803 2.61338 1.6707 2.39769 1.16261 1.47343 1.46409 1.05538 1.0444 0.875396 3.12071 0.839981 0.788547 0.682286 0.626285 0.211062 0.00325386
threshold=-24.492813141683772 147.46611909650929 1670.8500000000001 -1.4784394250513346 132.50102669404518 1.0000000180025095e-35 92.993839835728963 344.80000000000007 76.024640657084205 263.50000000000006 1261.8350000000003 293.28500000000003 638.30000000000007 169.49486652977416 2.3768576018856975 166.9815195071869 589.00000000000011 -1.0000000180025095e-35 0.13321201620332265
decision_type=8 10 10 10 10 10 10 10 10 2 10 10 10 8 8 10 2 10 10
left_child=-1 4 3 11 6 -6 8 14 9 -2 -4 -3 -13 15 -8 -12 -10 -5 -19
right_child=1 2 10 17 5 -7 7 -9 16 -11 13 12 -14 -15 -16 -17 -18 18 -20
leaf_value=-0.019958219342628813 -0.0027422624102654307 0.021536262329778622 -0.049967730900494653 0.083791669697237114 -0.046847414549430401 0.010931905624428501 0.0053249010860812645 -0.02029697622864074 -0.010352600345738389 0.00094915164181365297 0.055867603724739867 -0.035596694826206469 0.028691196762168449 -0.026335204795909974 0.055858700114903806 -0.0068629844051500376 -0.04606888986740898 0.057397075703402745 0.05192251900832659
leaf_weight=3.5244623832404613 255.44553507631645 7.1974308639764821 1.6367693406064052 0.95816484652459655 4.4776336844079188 2.9974922500550747 1.1066745184361932 1.3648998560383914 2.5905477460473767 800.07565626851283 0.82775723608210705 3.7038371432572603 3.8498089704662561 1.7109881665674036 2.5525220509152855 0.90996803570305929 2.3325002957135439 0.36765382811427194 1.0369248047936706
leaf_count=26 1449 35 16 20 35 29 17 27 24 4590 16 24 27 23 68 34 17 5 61
internal_value=4.6271e-08 6.42773e-05 0.00909939 0.0168779 -0.00012266 -0.0236782 4.2601e-05 0.0240382 -7.10836e-05 5.57965e-05 -0.0170771 0.00905812 -0.00283158 -0.00146707 0.0405754 0.0230184 -0.0272747 0.0656983 0.0533555
internal_weight=1098.67 1095.14 22.1993 17.1138 1072.94 7.47513 1065.47 5.0241 1060.44 1055.52 5.08548 14.7511 7.55365 3.44871 3.6592 1.73773 4.92305 2.36274 1.40458
internal_count=6543 6517 261 172 6256 64 6192 112 6080 6039 89 86 51 73 85 50 41 86 66
is_linear=0
shrinkage=0.05


Tree=235
num_leaves=18
num_cat=0
split_feature=9 9 2 10 10 10 10 15 2 9 9 19 20 20 9 10 20
split_gain=0.784555 1.22394 1.78471 1.29505 0.673021 2.89665 2.59225 3.30978 2.01075 1.82804 1.24046 3.42724 1.16114 1.3676 0.00742887 0.00545207 0.000609612
threshold=1.4784394250513351 12.501026694045175 200.02500000000003 19.498973305954831 35.99178644763861 34.496919917864481 32.969199178644772 37.486652977412739 860.73500000000001 54.47227926078029 22.505133470225875 160.50000000000003 1.0000000180025095e-35 157.00000000000003 19.991786447638606 24.000000000000004 757.50000000000011
decision_type=8 8 10 8 8 10 10 8 10 10 8 2 2 2 10 10 2
left_child=-1 2 -2 -4 5 6 9 -8 -7 -3 11 14 -12 -14 -6 -5 -17
right_child=1 4 3 15 10 8 7 -9 -10 -11 12 -13 13 -15 -16 16 -18
leaf_value=0.032358328690613371 0.038178609416103869 0.0064372509396769476 -0.0085728191430617558 -0.056510880498782036 -0.053255703710983537 0.011762694689778143 -0.057149804446081032 0.0049778444379848319 0.061199093462437917 -0.0051238277238787842 -0.031021429857124746 0.040068349824772101 0.003813598363124223 -0.0011674256629963602 -0.058151161658554273 -0.051401663080992838 -0.053221282133269099
leaf_weight=1.8700826857238997 1.110488599166273 111.30704013910145 3.2526096478104591 1.1888888441026213 1.6814179918728762 5.2431325018405897 4.1844565784558636 4.3956326805055141 3.3846419770270586 49.353058472741395 3.0725902933627358 1.3411884061060844 169.65485916734906 734.01388249447336 1.4374787732958791 1.0706351825501768 0.80741879530251015
leaf_count=17 11 660 21 21 45 38 36 21 16 333 22 24 944 4245 16 56 17
internal_value=3.61444e-07 -5.48252e-05 -0.0202794 -0.0305518 8.31543e-05 0.00289645 0.00145577 -0.0253214 0.0311564 0.00288581 -0.000466005 -0.0267701 -0.00033662 -0.000232288 -0.055512 -0.0538613 -0.052184
internal_weight=1098.37 1096.5 7.43004 6.31955 1089.07 177.868 169.24 8.58009 8.62777 160.66 911.201 4.46009 906.741 903.669 3.1189 3.06694 1.87805
internal_count=6543 6526 126 115 6400 1104 1050 57 54 993 5296 85 5211 5189 61 94 73
is_linear=0
shrinkage=0.05


Tree=236
num_leaves=14
num_cat=0
split_feature=19 0 17 0 19 3 0 20 2 3 0 0 0
split_gain=0.586353 1.79432 1.35607 1.31562 1.14431 4.58796 1.07626 1.45921 1.40877 2.47769 2.25855 0.988968 1.61793
threshold=24.500000000000004 355.07500000000005 0.31534090909090912 2482.0800000000004 25.500000000000004 67.730000000000004 18802.000000000004 589.00000000000011 14799.050000000001 5574.255000000001 13149.300000000001 12170.160000000002 10059.520000000002
decision_type=2 8 8 8 2 10 10 2 10 8 10 10 10
left_child=1 -1 -3 -4 5 -2 8 -8 11 -10 -11 12 -6
right_child=4 2 3 -5 6 -7 7 -9 9 10 -12 -13 -14
leaf_value=0.032088755353752357 -0.054905549369192057 0.022187417136106131 -0.034753880273251193 0.0088246166546242146 1.8598561262741684e-05 0.026341390150623575 0.0023046916068918087 -0.05437366900072859 0.068567344222535007 0.05723818538662237 -0.023048807941163971 0.025188192492680429 -0.024668619107961448
leaf_weight=5.6829084763303426 4.0620216224342576 3.6112236706539962 3.9229411929845819 3.1009001508355141 1053.1398067506962 3.0364719741046429 2.4240012131631365 2.1364947771653533 2.066188119351863 1.2616221526404841 2.8654471230693161 3.8690115716308346 6.6788557851687065
leaf_count=39 23 31 26 18 6199 21 25 17 15 34 31 18 46
internal_value=5.36519e-09 0.0094073 -0.00271267 -0.0155148 -0.000141929 -0.0201511 -9.73481e-06 -0.0242479 9.35833e-05 0.0238713 0.00149448 -4.48608e-05 -0.000136977
internal_weight=1097.86 16.318 10.6351 7.02384 1081.54 7.09849 1074.44 4.5605 1069.88 6.19326 4.12707 1063.69 1059.82
internal_count=6543 114 75 44 6429 44 6385 42 6343 80 65 6263 6245
is_linear=0
shrinkage=0.05


Tree=237
num_leaves=21
num_cat=0
split_feature=9 9 7 11 2 2 0 1 0 16 5 1 12 12 2 9 12 9 10 5
split_gain=0.704391 1.13848 1.75811 1.59018 0.641544 2.2238 3.46185 4.42404 4.02129 3.21816 2.50391 1.8021 5.27795 4.12398 3.01241 1.55851 1.44687 1.42434 0.124949 0.00366058
threshold=1.4784394250513351 12.501026694045175 1.0000000180025095e-35 10.51334702258727 1304.5000000000002 2584.7500000000005 3362.0600000000004 5677.4350000000004 3175.9350000000004 0.97889985562574755 1.0000000180025095e-35 869.72000000000014 0.67739563490397392 0.86487655136532438 628.58000000000015 147.46611909650929 1.0000021407133715 109.47022587268995 18.053388090349078 1.0000000180025095e-35
decision_type=8 8 8 8 10 10 10 8 8 10 8 10 10 10 10 10 8 10 10 8
left_child=-1 2 3 -2 11 9 8 -8 -7 10 -6 15 14 -14 -13 17 -17 -3 -5 -20
right_child=1 4 -4 18 5 6 7 -9 -10 -11 -12 12 13 -15 -16 16 -18 -19 19 -21
leaf_value=0.030585065884872687 -0.0023747906136554584 -6.045535441434282e-05 0.01694672338008929 -0.077291356651026183 -0.048292938662021806 0.011175836497890728 -0.039212396672361885 0.0023008737415676473 0.072711722639732454 0.041796959321820058 -0.0084734815144251081 0.0029121226318924703 0.065216482788505822 0.016042407742787743 -0.036726412028260803 0.035842510019799073 0.0028232093082470326 -0.014652547102474914 -0.05241135632321136 -0.057034403755157226
leaf_weight=1.8792825397104014 2.0619509965181342 828.62439638609067 2.2575368173420429 0.74008370935916934 4.1726053562015295 20.885089896240974 7.624362868256866 40.55370180180762 3.041537031531333 3.0434970594942561 73.314840333652683 46.255586668848991 5.4636044055223492 19.41377877141349 5.347221501171588 5.7213531611487243 7.8969528744928548 17.067671620287001 1.6669659018516538 0.57619145605713162
leaf_count=17 11 4573 32 4 27 235 47 331 19 38 543 190 21 127 23 33 65 128 65 14
internal_value=3.68046e-08 -5.24195e-05 -0.0197285 -0.0361392 7.95957e-05 -0.0029261 0.00345197 -0.00426876 0.0189982 -0.00863681 -0.0106177 0.000569851 0.00792465 0.0268421 -0.00119533 -8.47392e-05 0.0166954 -0.000354951 -0.0594765 -0.0535989
internal_weight=1097.61 1095.73 7.30273 5.04519 1088.43 152.636 72.1047 48.1781 23.9266 80.5309 77.4874 935.791 76.4802 24.8774 51.6028 859.31 13.6183 845.692 2.98324 2.24316
internal_count=6543 6526 126 94 6400 1240 632 378 254 608 570 5160 361 148 213 4799 98 4701 83 79
is_linear=0
shrinkage=0.05


Tree=238
num_leaves=16
num_cat=0
split_feature=10 10 10 12 13 12 9 9 20 10 9 9 13 2 3
split_gain=0.55233 1.52785 1.24572 0.5724 3.73796 2.03479 1.9794 1.52156 1.32589 0.922782 2.23363 1.0362 0.78097 0.773684 0.432672
threshold=178.97330595482549 148.96098562628342 234.98973305954829 2.968351265636866 0.23581915294294317 2.2769594812700196 245.47022587268995 95.507186858316246 844.50000000000011 113.95482546201234 95.507186858316246 147.46611909650929 0.041844668760808959 789.40500000000009 386.06000000000006
decision_type=10 10 10 10 8 10 8 10 2 10 10 10 10 10 10
left_child=1 3 -2 5 12 9 -6 13 -8 11 -11 -1 -5 -7 -9
right_child=2 -3 -4 4 6 7 8 14 -10 10 -12 -13 -14 -15 -16
leaf_value=-5.9503211997557498e-05 0.036995925246312705 -0.032116347321080867 -0.012409825683838596 -0.024219295721225637 0.045912071562957506 0.024831202661924665 0.012212887919943774 -0.028579493457920491 -0.043874392510568114 -0.042219295173191944 0.013829871666253294 0.015095283264860142 -0.06499512251600488 0.068309444209035231 0.014120268073759544
leaf_weight=1050.9764278044458 3.0315402324777088 3.7084541735239318 2.2030576427932829 2.2472754977643463 2.6708722098264852 2.0426924154162398 2.875821313355118 0.99495866987854276 1.6630368456244466 4.0830947898793957 3.1479052712675184 11.401704047108067 2.459368443582207 2.0501133278012276 1.4694548099650999
leaf_count=6024 36 39 29 14 39 17 55 11 13 55 35 90 26 27 33
internal_value=2.26343e-08 -7.76616e-05 0.0162028 3.15341e-05 -0.0108667 0.00015221 0.0117595 0.0279201 -0.00833748 -1.80204e-05 -0.0178191 0.000103142 -0.0455259 0.0466097 -0.00311892
internal_weight=1097.03 1091.79 5.2346 1088.08 11.9164 1076.17 7.20973 6.55722 4.53886 1069.61 7.231 1062.38 4.70664 4.09281 2.46441
internal_count=6543 6478 65 6439 147 6292 107 88 68 6204 90 6114 40 44 44
is_linear=0
shrinkage=0.05


Tree=239
num_leaves=20
num_cat=0
split_feature=19 11 3 3 13 13 9 19 15 2 9 3 20 3 20 3 3 0 3
split_gain=0.549705 1.87448 0.726388 3.83837 2.64124 4.96008 2.49058 5.81122 3.40193 2.20718 2.25895 1.50136 3.27589 2.14611 5.02245 2.96941 1.4215 0.435658 0.921896
threshold=19.500000000000004 8.5256673511293659 141.06500000000003 143.63500000000002 0.61285570549594282 0.59469999189893874 25.938398357289532 144.50000000000003 8.5092402464065717 168.15000000000003 48.509240246406577 152.29000000000002 361.50000000000006 169.68500000000003 361.50000000000006 177.73500000000004 148.61500000000004 321.75000000000006 24.450000000000006
decision_type=2 8 8 8 10 8 10 2 10 10 10 8 2 8 2 8 10 10 10
left_child=1 -1 4 -4 5 6 7 -2 -8 -6 -11 12 -5 14 -13 -15 -14 -3 -19
right_child=2 17 3 11 9 -7 8 -9 -10 10 -12 13 16 15 -16 -17 -18 18 -20
leaf_value=0.04260472865301506 -0.015859279050580814 -0.016922253149726965 0.044101183133138266 0.020987735053687704 0.001990843069128165 0.062143157244105907 0.0086747777330512376 0.0045004582833791098 -0.011989281601321936 -0.065315172486661938 -0.0093925530749094793 -0.021205136211851081 -0.014686016580579348 -0.030307072341070065 0.028879540298551332 0.00045787804003276578 -0.055861333465711399 0.031661640847165648 -0.0071014846062006746
leaf_weight=3.3259204979985935 75.932467048987746 2.9456840436905605 5.0424493066966525 3.8788997968658796 4.5843181852251274 3.0424821302294722 81.580048155970871 65.092624454759061 26.350953171029687 4.3529837988317013 3.086037764325738 6.9198397938162115 4.339889742434023 7.9240529630333176 18.09339108876884 769.39494272778393 4.0542223025113344 2.3241848088800907 4.5107236746698618
leaf_count=28 637 17 33 25 32 15 465 412 215 28 21 41 34 51 112 4301 27 12 37
internal_value=2.53383e-07 0.0101787 -0.00012285 0.000611853 -0.00240371 -0.00131135 -0.00208682 -0.00646188 0.00362972 -0.0252987 -0.042116 0.000342652 -0.017013 0.000608136 0.0150238 0.000144258 -0.034573 -0.000847898 0.00607977
internal_weight=1096.78 13.1065 1083.67 819.648 264.022 251.999 248.956 141.025 107.931 12.0233 7.43902 814.605 12.273 802.332 25.0132 777.319 8.39411 9.78059 6.83491
internal_count=6543 94 6449 4624 1825 1744 1729 1049 680 81 49 4591 86 4505 153 4352 61 66 49
is_linear=0
shrinkage=0.05


Tree=240
num_leaves=31
num_cat=0
split_feature=19 19 20 9 2 19 20 9 9 3 0 1 1 2 9 2 2 19 0 0 1 11 0 12 9 3 11 20 0 8
split_gain=0.583275 11.0018 3.1094 4.43243 4.27407 2.66487 3.71662 8.29213 6.16158 2.76048 2.60762 2.5727 2.68262 4.23768 2.44884 2.34981 5.87329 4.11891 4.92037 3.90022 3.73374 3.46447 2.15678 1.77259 1.6869 3.87199 3.62487 1.01313 0.572144 0.221592
threshold=110.00000000000001 111.50000000000001 1043.5000000000002 108.50102669404519 378.12000000000006 79.000000000000014 844.50000000000011 25.018480492813143 86.455852156057503 1973.6500000000003 160.05000000000004 162.23000000000005 190.04000000000005 188.90000000000003 77.470225872689952 166.89500000000001 188.90000000000003 68.500000000000014 167.97500000000002 544.77500000000009 344.80000000000007 30.012320328542099 230.20000000000002 1.0758833333333333 127.49075975359345 0.9850000000000001 6.5215605749486665 553.50000000000011 152.69000000000003 9.5000000000000018
decision_type=2 2 2 8 10 2 2 10 8 10 10 8 8 8 10 10 10 2 10 10 10 8 10 10 8 10 8 2 10 8
left_child=5 28 11 -4 10 15 7 22 -8 29 -5 -3 13 -13 -14 17 21 19 27 20 -1 -17 -7 -6 25 -18 -26 -19 -2 -9
right_child=1 2 3 4 23 6 8 9 -10 -11 -12 12 14 -15 -16 16 24 18 -20 -21 -22 -23 -24 -25 26 -27 -28 -29 -30 -31
leaf_value=-0.0013689787790062125 -0.03631606970175532 -0.039538570885126106 -0.025668252783734299 0.032466796463277832 0.0800312727902074 0.092016656128749055 0.030584319950424793 -0.020556721475033676 -0.050631907576363447 0.032571571253533764 -0.011195573194090976 -0.002619714772821133 -0.0015802210447554269 0.058890439747498829 0.0080425814346583423 0.011280664670697176 0.033061665566636568 -0.023014360359909752 -0.062627485989530648 0.030451092908932199 -0.046727156116445345 0.071389029956392416 0.043070043344777001 0.0302039470505602 0.033699387908094368 -0.0066422727330321275 0.0022280279837771236 0.0091465567360713255 -0.059488233358725162 -0.04204459311154983
leaf_weight=41.136421674862504 4.4608467891812307 4.2056398288113988 4.9093046253547099 6.8505189418792742 4.0669659702107301 3.7128169015049988 4.9007968809455607 2.5210710167884818 4.4611334502697 2.6757766460068524 6.8277540765702724 6.5410942407324884 707.31951488961931 4.8959752246737489 72.931791963608703 4.7497300039976817 6.6683623334392896 4.8416099175810832 6.5892008990049353 8.5155690759420377 5.0994738638401023 4.8399878069758415 5.7147409589961171 3.1809348282404244 10.75125184515491 77.578848776756786 61.417331390432082 4.9547524964436889 6.6128128543496132 2.2892793528735638
leaf_count=173 26 33 39 24 20 17 32 25 26 18 32 39 4009 21 567 27 44 24 34 31 21 22 35 33 66 581 421 29 59 15
internal_value=9.27961e-08 -0.000648556 1.85776e-05 0.0170897 0.0271208 0.00205081 0.017159 0.0311495 -0.00811672 -0.00813806 0.0106719 -0.000535569 -0.000328375 0.0237115 -0.000680757 0.000376805 0.00363494 -0.00722638 -0.0292192 -0.000644557 -0.00637165 0.0416177 0.0623465 0.0581632 0.00130625 -0.00349961 0.00691645 -0.00674818 -0.0501537 -0.0307829
internal_weight=1096.22 832.803 821.729 25.8355 20.9262 263.418 26.2756 16.9137 9.36193 7.48613 13.6783 795.894 791.688 11.4371 780.251 237.143 166.006 71.137 16.3856 54.7515 46.2359 9.58972 9.42756 7.2479 156.416 84.2472 72.1686 9.79636 11.0737 4.81035
internal_count=6543 4902 4817 148 109 1641 168 110 58 58 56 4669 4636 60 4576 1473 1161 312 87 225 194 49 52 53 1112 625 487 53 85 40
is_linear=0
shrinkage=0.05


Tree=241
num_leaves=20
num_cat=0
split_feature=12 17 17 12 0 1 11 0 1 1 12 12 1 10 17 1 0 1 13
split_gain=0.564032 3.26784 3.34365 2.71098 5.15343 3.85434 3.55977 2.15198 2.03447 2.88597 1.94129 2.0646 1.68356 3.04334 2.46454 1.55295 3.0414 1.63393 1.14457
threshold=0.96707034465020592 0.97555158020274313 0.16954022988505749 0.66114490960797645 160.05000000000004 1.0000000180025095e-35 3.4989733059548258 2008.5000000000002 162.23000000000005 167.99000000000004 0.11861262156053555 0.47464262589030198 209.64000000000001 21.043121149897335 inf 295.35000000000008 288.96500000000003 869.72000000000014 0.01773209169362264
decision_type=8 10 8 10 10 10 8 10 8 8 10 8 8 10 8 8 8 8 10
left_child=1 2 10 4 -4 -6 -5 -8 18 -10 -1 -12 13 14 -11 16 -14 -17 -2
right_child=8 -3 3 6 5 -7 7 -9 9 12 11 -13 15 -15 -16 17 -18 -19 -20
leaf_value=0.0053365923093161675 -0.046587943197429454 -0.036715993833078019 0.08599631400106772 -0.027671510858906213 -0.046802959811653055 0.0020684696910411578 0.024759264446497248 -0.0084422264431918709 0.041558139919699838 0.017548892035453272 -0.053694978966716989 -0.0052878920261392286 0.0045391301408352477 -0.052070131606384462 -0.023072631544248295 -0.0066395697306439981 0.047742119472260654 0.00016343191916538033 -0.0016094496985617523
leaf_weight=5.1390226855874053 3.7207374814897767 5.089626431465148 1.7699641585350026 4.2278713546693325 4.223203942179679 90.247661141678691 37.299782985821366 5.6152008716016999 4.1022539343684903 6.897482763044537 5.1941640228033039 3.8246547058224687 39.057698499411345 4.3166008261032394 8.1409922335296869 99.864655074197799 4.5480278506875029 759.64475054165814 2.2818062538281083
leaf_count=21 29 22 6 27 29 373 175 31 23 35 26 19 227 32 48 618 25 4756 21
internal_value=-7.32196e-07 0.00271642 0.00399035 0.00627927 0.00146743 -0.000116268 0.0161025 0.020415 -0.000474575 -0.000286607 -0.0191908 -0.0331667 -0.000472692 -0.0150636 -0.00444134 -0.000159988 0.00904515 -0.000626995 -0.0294898
internal_weight=1095.21 162.631 157.542 143.384 96.2408 94.4709 47.1429 42.915 932.575 926.572 14.1578 9.01882 922.47 19.3551 15.0385 903.115 43.6057 859.509 6.00254
internal_count=6543 729 707 641 408 402 233 206 5814 5764 66 45 5741 115 83 5626 252 5374 50
is_linear=0
shrinkage=0.05


Tree=242
num_leaves=20
num_cat=0
split_feature=9 9 7 11 13 20 9 20 11 11 13 2 0 15 11 7 7 0 19
split_gain=0.601595 1.06459 1.55612 1.54329 0.605076 3.40285 6.18217 4.28524 9.38347 3.63146 2.81298 3.2338 3.18322 1.88657 1.69252 1.38628 1.43556 0.0587095 0.0147908
threshold=1.4784394250513351 12.501026694045175 1.0000000180025095e-35 10.51334702258727 0.049909163432669941 111.50000000000001 26.956878850102672 589.00000000000011 23.490759753593434 70.981519507186874 0.086330661179462712 872.93500000000006 565.04500000000019 60.512320328542103 30.012320328542099 38.500000000000007 19.500000000000004 203.32000000000002 157.00000000000003
decision_type=8 8 8 8 8 2 10 2 10 8 8 8 10 8 8 10 10 10 2
left_child=-1 2 3 -2 5 6 14 8 -7 -9 11 12 -6 -13 -3 16 -12 -5 -19
right_child=1 4 -4 17 10 7 -8 9 -10 -11 15 13 -14 -15 -16 -17 -18 18 -20
leaf_value=0.028096377209958973 -0.0021412655530979132 -0.01569198298108861 0.014868463866094174 -0.07440116182865851 -0.020066503554503904 0.029352779457297119 0.015783947857197698 0.011501388518626761 -0.026158067063434393 -0.018284047292734994 3.9686360914311565e-05 -0.019409347179241327 0.036494898995762755 -0.077389695856643334 -0.065134415986167107 -0.031975867457647141 0.02626148011525611 -0.052909247968415986 -0.061458981312727104
leaf_weight=1.9017810411751259 2.0618530437350264 2.5786191374063474 2.2845118911936879 0.50517576560378108 9.9222266897559184 36.866967406123877 6.9899373706430197 19.317592542618517 9.5939640593714994 21.760656779631969 955.74952818255406 2.5714537370949975 3.3198016323149195 3.0875113029032946 5.265211820602417 3.3628687406890085 5.2482512529822989 1.6029713301686572 0.73909611441195
leaf_count=17 11 23 32 7 75 196 37 148 92 145 5465 34 20 26 44 38 57 59 17
internal_value=-9.10745e-07 -4.98067e-05 -0.0192212 -0.0350852 7.72262e-05 0.00373549 -0.0184094 0.00748801 0.0178901 -0.00427705 -0.000303657 -0.0194064 -0.00588645 -0.0510432 -0.0488805 7.07478e-05 0.00018289 -0.0589418 -0.0556073
internal_weight=1094.73 1092.83 7.19361 4.9091 1085.63 102.373 14.8338 87.5392 46.4609 41.0782 983.262 18.901 13.242 5.65897 7.84383 964.361 960.998 2.84724 2.34207
internal_count=6543 6526 126 94 6400 685 104 581 288 293 5715 155 95 60 67 5560 5522 83 76
is_linear=0
shrinkage=0.05


Tree=243
num_leaves=18
num_cat=0
split_feature=5 13 15 15 16 12 13 13 12 2 16 12 2 6 1 13 10
split_gain=0.540777 1.33142 1.36214 1.31368 1.23165 2.42276 1.52125 2.63325 1.41571 1.30144 1.46524 1.28958 1.70672 1.22415 0.986624 0.955822 0.847743
threshold=40.500000000000007 0.12379801781887183 47.507186858316224 56.984599589322393 1.4438868613138689 1.0000000180025095e-35 0.43759429659505306 0.67277065147705628 0.0056442058904486664 265.94000000000005 2.8820813560540697 0.010773998096376915 7.9950000000000001 23.500000000000004 302.32000000000005 0.47732254658818146 14.965092402464068
decision_type=10 8 10 8 10 8 10 10 8 8 8 8 8 8 8 10 10
left_child=4 -2 -3 13 5 -1 -6 16 -7 -9 -11 -10 -13 -4 -5 -16 -8
right_child=1 2 3 14 6 8 7 9 11 10 -12 12 -14 -15 15 -17 -18
leaf_value=-0.082002029778391272 -0.02352759964281495 0.055569377162119932 0.020670374884008157 -0.027442221578239709 -0.043315169283524906 0.027335632437723686 0.046483081778385366 -0.049395225475868498 -0.037343450166348234 -0.027625124558576703 0.021652573388396171 0.029969836939835223 -1.5180407335324955e-05 -0.041550917810636814 0.0076010339404281027 0.05501127656775532 0.002804183505862395
leaf_weight=0.89797006547450919 2.3685946636833224 1.9586956752464182 1.3564462002832443 0.7597028306918191 3.4107045792043236 4.7713222652673712 2.3222733400762072 2.8398231677710983 2.3020545691251746 3.9284395482391119 2.4488707333803186 4.7671467810869208 1051.7003041040152 1.8946104005444799 1.8848209055140612 2.4384668108541518 2.1295273583382368
leaf_count=4 38 34 36 7 25 18 18 18 9 34 18 19 6071 24 48 98 24
internal_value=-1.65086e-06 0.0102717 0.0180497 0.00923168 -0.000121921 9.18141e-05 -0.0134423 -0.0059884 0.000161128 -0.0212401 -0.00870262 3.86663e-05 0.000120122 -0.0155902 0.0251076 0.0343419 0.0255892
internal_weight=1094.18 12.6613 10.2927 8.33405 1081.52 1064.44 17.0796 13.6689 1063.54 9.21713 6.37731 1058.77 1056.47 3.25106 5.08299 4.32329 4.4518
internal_count=6543 285 247 213 6258 6121 137 112 6117 70 52 6099 6090 60 153 146 42
is_linear=0
shrinkage=0.05


Tree=244
num_leaves=26
num_cat=0
split_feature=0 7 2 2 0 5 15 8 1 9 8 13 1 13 12 19 19 11 1 19 13 10 0 16 13
split_gain=0.522523 3.03167 1.74444 3.1297 0.724811 2.74147 2.25717 3.83445 3.39966 3.29478 3.02379 1.91603 1.52189 2.51081 2.45789 1.37938 3.89896 3.25196 2.57962 2.37597 2.29124 1.94786 1.22394 1.19345 0.927066
threshold=156.03500000000003 3.5000000000000004 151.46000000000004 155.32500000000002 195.60500000000002 63.500000000000007 24.459958932238198 1.0000000180025095e-35 167.99000000000004 147.46611909650929 1.0000000180025095e-35 0.46574787963404068 207.01500000000001 0.41194339946097297 0.86487655136532438 149.50000000000003 155.50000000000003 4.5174537987679679 40014.955000000009 146.50000000000003 0.47732254658818146 16.049281314168379 205.60500000000005 0.13713237700893591 0.36114455770439696
decision_type=8 8 8 10 10 8 8 8 10 8 8 10 8 8 8 2 2 8 8 2 8 10 10 8 10
left_child=1 2 -1 -4 5 11 10 8 -8 -9 24 23 13 -6 -15 19 18 -18 -17 21 -21 -14 -16 -2 -7
right_child=4 -3 3 -5 12 6 7 9 -10 -11 -12 -13 15 14 22 16 17 -19 -20 20 -22 -23 -24 -25 -26
leaf_value=0.041461584436355503 -0.0043509354684493334 -0.04052276198605774 -0.043692563140488555 0.022962239180533358 0.023275281593270206 -0.070144146386839135 0.032607641238127739 -0.028486911990728982 -0.0025324286846286599 0.0014093726098118472 0.012358266568885869 0.067049855960063964 -0.0034452460540135713 0.0030568240453892276 -0.026643666773714592 0.06749438033903829 0.026055431076875187 7.8533086240986888e-05 0.010291584203303892 -0.066158689472166299 -0.0024860479605020459 0.0023211948376270441 -0.070374229564366744 0.040049967563605751 -0.027919995866706016
leaf_weight=2.6677404455840543 3.4504961743950844 5.1115828342735776 3.1056770049035558 4.0676709138788283 2.9223367562517497 2.4346009036526093 18.234037016751248 9.6643795277923328 11.056391103193162 198.53367306292057 3.519749829545618 2.4987675743177533 371.54684740398079 3.7067628949880591 3.2603849247097978 3.7949863666144656 12.959238771582022 171.31457388075069 4.1003652584040537 2.7746118754148474 2.8788196016103029 241.72490989835933 3.1419329612981528 2.6958741759881359 2.7893076278269291
leaf_count=13 28 37 19 36 19 20 111 58 57 823 30 23 2224 16 17 33 88 1101 41 22 18 1641 26 22 20
internal_value=-1.17322e-06 -0.00928388 0.00694198 -0.00589573 0.000127465 0.00245771 0.00148606 0.00240462 0.0193432 2.16121e-05 -0.023463 0.0301324 -0.00059321 -0.0175446 -0.0293448 -0.000320862 0.00337958 0.00190538 0.0377867 -0.00146981 -0.0337355 -0.00117237 -0.0481044 0.0151239 -0.0475985
internal_weight=1093.96 14.9527 9.84109 7.17335 1079 254.877 246.232 237.488 29.2904 208.198 8.74366 8.64514 824.126 13.0314 10.1091 811.094 192.169 184.274 7.89535 618.925 5.65343 613.272 6.40232 6.14637 5.22391
internal_count=6543 105 68 55 6438 1192 1119 1049 168 881 70 73 5246 78 59 5168 1263 1189 74 3905 40 3865 43 50 40
is_linear=0
shrinkage=0.05


Tree=245
num_leaves=31
num_cat=0
split_feature=19 19 11 2 12 15 19 1 3 16 19 2 2 19 0 2 0 11 10 12 13 11 0 15 17 3 12 11 15 0
split_gain=0.527496 10.2715 2.51929 3.87875 4.78674 2.75669 2.37176 2.62043 4.68683 5.31622 2.41918 2.16404 5.27412 3.76445 4.63235 3.75116 3.49926 3.12986 2.01573 2.70909 2.53781 1.8403 3.79004 3.37124 2.42707 3.57131 2.25606 2.19091 1.37592 0.5881
threshold=110.00000000000001 111.50000000000001 35.48254620123204 1946.9600000000003 1.0000021407133715 21.043121149897335 79.000000000000014 1806.5000000000002 563.85000000000014 0.24607358071677771 100.00000000000001 166.89500000000001 188.90000000000003 68.500000000000014 167.97500000000002 116.35000000000001 544.77500000000009 30.012320328542099 30.997946611909654 1.7036258715669113 0.94482302127343021 10.51334702258727 234.69000000000003 24.008213552361401 0.51470588235294124 124.57500000000002 1.0000021407133715 3.4989733059548258 25.001026694045176 152.69000000000003
decision_type=2 2 10 10 10 10 2 10 8 8 2 10 10 2 10 10 10 8 10 8 8 10 10 10 10 8 8 10 8 10
left_child=6 29 21 5 -5 -4 11 8 9 -8 -10 13 17 15 -15 16 -1 -13 19 -14 -20 24 26 -24 27 -26 -23 -3 -11 -2
right_child=1 2 3 4 -6 -7 7 -9 10 28 -12 12 18 14 -16 -17 -18 -19 20 -21 -22 22 23 -25 25 -27 -28 -29 -30 -31
leaf_value=-0.0021731251868127724 -0.035187326046233591 0.001224434837035743 -0.066348436704225799 -0.025779058291921949 0.071301882470014608 -0.0031367062526312614 0.052030171068074053 -0.024833390903172714 0.017530979413998539 -0.051381221217988049 0.064246467625118861 0.01054372981833207 0.0082898984230965929 -0.0064202769744027268 -0.061172176324203978 -0.038508080276055089 0.033578712878125687 0.067825782735039739 -0.0081118664148081745 -0.032574863929647653 0.026231001318100595 -0.051391350890798153 0.0067391500507995765 0.038118375288673893 0.026035161321176666 -0.015498308071676726 0.015131799640678782 -0.0098705860876059301 -0.0075988671495873256 -0.059037294358790453
leaf_weight=40.526213794946671 4.3693395033478719 645.65361240983475 5.0295557770878059 3.3870757548138499 2.0311643311288208 2.6249345105607063 3.362180070951581 3.3721968224272123 4.7234393879771215 2.7802120782434967 6.7055808654986322 4.7024418935179693 83.556837378069758 9.7287309514358657 6.4075054228305808 5.8497448693960896 8.2348652780055982 4.8381696939468384 62.354130654246546 4.2625891435891381 5.8872005533194161 3.9214248508214942 45.356863428838551 10.550441996514563 5.8373787850141516 45.661861808621325 1.8882130878046153 47.788083974272013 5.061144967563453 6.3283316008746624
leaf_count=157 26 3379 54 36 39 36 24 23 23 26 38 27 512 53 34 38 30 22 506 58 36 42 345 228 29 278 20 331 34 59
internal_value=-1.1932e-06 -0.000618648 1.66036e-05 -0.0217572 0.0106142 -0.0446714 0.00195324 0.0162854 0.022412 -0.000569004 0.0449397 0.000376309 0.00350346 -0.00694357 -0.0281616 -0.00067413 0.00386471 0.0395922 0.00129721 0.0063064 -0.0051491 0.000369471 0.00866662 0.0126608 -0.000317931 -0.0107905 -0.0297704 0.000459829 -0.0231222 -0.0492961
internal_weight=1092.78 830.428 819.731 13.0727 5.41824 7.65449 262.353 26.0048 22.6326 11.2035 11.429 236.348 165.601 70.7471 16.1362 54.6108 48.7611 9.54061 156.061 87.8194 68.2413 806.658 61.7169 55.9073 744.941 51.4992 5.80964 693.442 7.84136 10.6977
internal_count=6543 4902 4817 165 75 90 1641 168 145 84 61 1473 1161 312 87 225 187 49 1112 570 542 4652 635 573 4017 307 62 3710 60 85
is_linear=0
shrinkage=0.05


Tree=246
num_leaves=31
num_cat=0
split_feature=20 20 13 10 2 10 13 19 19 19 13 12 20 1 20 10 16 13 13 13 19 2 20 17 13 3 11 12 2 3
split_gain=0.547743 3.26739 5.7233 3.4864 2.41652 2.30363 2.5525 2.18507 4.83786 4.49865 4.33631 3.54699 2.21772 2.1532 1.98197 4.49804 5.39975 5.73963 5.43032 4.19525 5.91246 4.33745 3.15371 10.5269 5.40936 3.65768 2.57955 2.6941 2.6274 1.83089
threshold=553.50000000000011 589.00000000000011 0.047071567287011333 15.490759753593432 237.01500000000001 8.9856262833675586 0.76444498059865529 204.50000000000003 167.00000000000003 210.00000000000003 0.4687803856363793 1.5125021827209248 958.50000000000011 305.09500000000008 445.50000000000006 18.053388090349078 1.3899200913242014 0.61652496894815501 0.86206138028259149 0.86770247121563726 192.50000000000003 155.32500000000002 367.50000000000006 inf 0.5057925596544296 625.18500000000006 1.0000000180025095e-35 0.049992273190921956 375.44500000000005 720.22500000000014
decision_type=2 2 8 8 10 8 8 2 2 2 8 8 2 10 2 10 8 10 10 8 2 10 2 8 8 10 8 8 10 8
left_child=5 2 -2 4 -3 6 -1 8 12 -9 -11 -10 -5 29 22 19 18 -18 -17 20 -16 -21 26 24 -24 -25 28 -28 -7 -4
right_child=1 3 13 7 -6 14 -8 9 11 10 -12 -13 -14 -15 15 16 17 -19 -20 21 -22 -23 23 25 -26 -27 27 -29 -30 -31
leaf_value=0.039782636992166234 0.073444009759144419 0.0078978729263239813 -0.010797747959113846 0.0052348900685708979 -0.042357458920905415 0.03430471634376267 -0.015684430576340821 0.042854137104145602 -0.0036352735157567611 -0.022155724058601497 0.018043008113563613 -0.028898291033586005 -0.0031188634664090884 -0.027744266055073193 -0.034553745888854556 -0.017086169375429089 0.032037603498166881 -0.0059920850672448914 0.049053679576575082 -0.015213623592662366 0.025274031355294949 0.019897313860259166 0.00015509560582337051 0.024557165325755109 -0.054825632638855794 -0.018231735400749828 0.023858018314282817 -0.003261246823111531 -0.0019837637975082976 0.035042548840162391
leaf_weight=6.8623525588773164 4.1983716972172287 3.445307079702614 3.4049370109569255 229.0081482664682 7.8244199343025684 9.8508277502842265 2.9725745152682075 9.3038148258347046 37.060824817977846 10.800914669176565 17.706510234856978 22.226911568897776 121.65212887804955 3.4253201264655209 32.402993830852211 35.035073005128652 22.14064162527211 17.977481217239983 3.4050255645997813 26.45579370111227 4.7326956801116458 13.177325271070002 10.494277660734953 50.927606110461056 7.797894282732158 5.5374541962519279 9.4066370576620084 346.38505178727792 10.104534964077173 6.0461516738869259
leaf_count=60 20 16 36 1377 44 50 20 66 217 69 96 123 723 20 252 275 130 89 21 117 21 63 79 250 49 40 36 2095 65 24
internal_value=-1.84677e-06 0.0012717 0.0227481 0.000472828 -0.0269937 -0.000986699 0.0230179 0.00116414 0.000103355 0.0126651 0.00281248 -0.0131064 0.00233678 0.00621865 -0.00137638 -0.00624683 0.00216431 0.014996 -0.0112275 -0.014854 -0.0269291 -0.00353985 0.000302871 0.00968178 -0.023283 0.0203609 -0.00156312 -0.00254425 0.0159298 0.0185277
internal_weight=1091.77 476.104 17.0748 459.029 11.2697 615.666 9.83493 447.759 409.948 37.8112 28.5074 59.2877 350.66 12.8764 605.831 155.327 78.5582 40.1181 38.4401 76.7688 37.1357 39.6331 450.504 74.7572 18.2922 56.4651 375.747 355.792 19.9554 9.45109
internal_count=6543 2831 100 2731 60 3712 80 2671 2440 231 165 340 2100 80 3632 968 515 219 296 453 273 180 2664 418 128 290 2246 2131 115 60
is_linear=0
shrinkage=0.05


Tree=247
num_leaves=31
num_cat=0
split_feature=19 19 2 15 12 3 10 16 10 16 11 10 16 5 0 2 13 3 15 7 16 3 7 2 11 5 2 7 3 19
split_gain=0.540534 9.82662 4.57338 2.51805 2.87231 4.37744 2.24644 2.88181 2.81103 2.7055 2.59669 5.95413 2.98087 1.90621 3.73048 3.36658 4.77821 3.20872 3.15497 3.7658 3.41847 2.93208 2.88301 2.83304 1.3077 1.2129 1.41785 0.870731 0.794442 0.517997
threshold=138.00000000000003 127.50000000000001 181.54000000000005 57.494866529774136 1.0022124919103768 1850.9500000000003 6.5051334702258741 1.2374127519649909 18.973305954825467 1.3989878229495525 10.51334702258727 48.459958932238202 0.025771902649267275 4.5000000000000009 348.0800000000001 2840.3550000000005 0.32637312556651665 134.38000000000002 25.018480492813143 1.0000000180025095e-35 1.219154609464199 268.24000000000007 3.5000000000000004 388.63500000000005 12.993839835728954 42.500000000000007 636.80000000000007 1.0000000180025095e-35 405.28500000000003 157.00000000000003
decision_type=2 2 10 8 8 8 8 10 8 10 8 10 8 8 10 8 10 8 10 10 10 8 10 10 10 10 10 8 10 2
left_child=1 13 -3 -4 -5 -6 -2 8 27 -9 11 -10 -12 14 24 16 -16 18 19 -15 -20 23 -23 -19 -1 26 -11 29 -17 -8
right_child=6 2 3 4 5 -7 7 9 10 25 12 -13 -14 17 15 28 -18 21 20 -21 -22 22 -24 -25 -26 -27 -28 -29 -30 -31
leaf_value=0.058323534778045673 -0.032046375363172112 0.059736046241925148 0.045879794599972212 -0.0375731845878087 -0.0053820863161263399 0.071295928882682907 0.028202535322281258 0.072272143109999562 -0.014468091317138146 -0.028598514002832056 -0.018188435576073161 0.039517359638746502 0.00047716942346334094 -0.016247165607133955 0.00033556204596600398 0.047736089906746493 -0.077518934794169561 0.0030840773619976122 0.039132965456363751 0.0079417011791122743 -0.014845119836763995 -0.003497670265131612 0.01567336218690096 0.022294862848679587 0.019545295336021565 0.05169250782921906 0.020479345700778032 0.04545239525722565 0.012246117781561278 0.0023498594391510919
leaf_weight=4.4548407820984739 5.7714288569986811 9.1021680831909197 4.910225401632486 3.1553350910544404 6.0894686274696133 2.6806877130875373 3.7135650143027279 2.3882778652477992 67.996834176592529 2.3879762999713421 22.385296317283064 5.5222546061268067 480.80584975716192 80.37097142636776 9.1936491163214686 2.9723144490271798 2.5085114231333128 63.365699012298137 6.7775944359600526 20.118017833679914 5.1710651004686952 209.13322834065184 21.640007220208645 27.528641468845308 4.2463708594441414 1.5031034298881421 3.8350704470649362 3.2757810801267633 3.3586694775149226 4.0513983517885208
leaf_count=20 35 34 42 18 50 27 21 21 444 18 246 60 2456 581 83 19 15 378 58 130 44 1177 150 196 30 78 41 18 27 26
internal_value=-1.81825e-06 0.00123786 0.0311822 0.0157446 0.00333673 0.0180553 -0.0010015 -0.000701814 -0.0011572 0.0257605 -0.00163563 -0.0104131 -0.000353201 -0.000447528 0.0125106 -0.0004633 -0.0163536 -0.00124556 -0.00851643 -0.0114045 0.0157727 0.00129595 -0.00169997 0.00890234 0.039399 0.0113829 0.00164665 0.0238339 0.0289082 0.0147138
internal_weight=1090.41 486.777 25.9379 16.8357 11.9255 8.77016 603.637 597.865 587.751 10.1144 576.71 73.5191 503.191 460.84 26.7344 18.0331 11.7022 434.105 112.438 100.489 11.9487 321.668 230.773 90.8943 8.70121 7.72615 6.22305 11.0407 6.33098 7.76496
internal_count=6543 3079 171 137 95 77 3464 3429 3271 158 3206 504 2702 2908 194 144 98 2714 813 711 102 1901 1327 574 50 137 59 65 46 47
is_linear=0
shrinkage=0.05


Tree=248
num_leaves=31
num_cat=0
split_feature=7 0 0 20 20 20 19 1 1 3 10 10 10 20 10 19 19 11 9 11 16 19 19 20 9 2 2 2 11 19
split_gain=0.540786 2.4781 3.73644 2.56117 8.78231 5.18717 3.53986 2.5351 3.24209 2.4563 3.9985 2.80844 2.76697 2.37757 1.95898 1.57839 3.97336 3.59953 4.35467 5.20022 4.81126 2.2481 6.96657 2.69256 3.70276 3.21962 2.66763 4.60739 3.62823 3.47756
threshold=15.500000000000002 869.72000000000014 980.04500000000019 152.50000000000003 70.500000000000014 344.50000000000006 204.50000000000003 217.11000000000004 410.47000000000008 492.07500000000005 95.030800821355243 29.979466119096511 106.98973305954827 412.50000000000006 60.008213552361404 149.50000000000003 155.50000000000003 3.4989733059548258 77.470225872689952 10.51334702258727 1.0685476634947715 110.00000000000001 111.50000000000001 1058.5000000000002 19.991786447638606 767.31000000000006 166.89500000000001 200.02500000000003 24.492813141683783 68.500000000000014
decision_type=8 8 8 2 2 2 2 10 8 8 8 10 8 2 8 2 2 8 8 8 8 2 2 2 10 8 10 8 8 2
left_child=15 7 -3 4 -4 -5 -7 9 -9 12 11 -11 14 -12 -2 21 -17 -18 20 -20 -19 26 -23 24 -24 -25 29 28 -28 -1
right_child=1 2 3 5 -6 6 -8 8 -10 10 13 -13 -14 -15 -16 16 17 18 19 -21 -22 22 23 25 -26 -27 27 -29 -30 -31
leaf_value=0.0011760601250891422 -0.027374311952312526 0.047596822949726753 0.0020146684833074377 -0.02081531082096464 0.073447290725510858 -0.00069196048533947643 0.031264681413363971 0.04103561156366263 -0.015054906526281268 -0.01299328997995953 -0.054008450844234036 0.032220818096436843 -0.0030630819576319083 -0.010095488867021656 -0.065597270902885252 0.050594458087232147 0.03200779363049016 -0.024026478728680425 -0.041938775965209535 0.007653424957829719 0.046619959216681196 -0.058748453171982198 -0.0065113860477708403 -0.004042135791295246 0.0029866820892651344 0.053251679018678645 0.012126587019277602 0.004085281440307089 0.062459084150851045 -0.032957452841301742
leaf_weight=28.019079394638538 12.477562181651598 4.1589798405766478 30.796821438008919 32.301077131880447 5.0016639530658713 142.49232332082465 9.2268223012797517 5.0356612466275665 5.2748522162437448 5.723675204440954 4.3402935769408932 8.5870802551507932 8.7526856604963523 10.635563537478445 4.5834914073348036 4.6359975605155332 10.490399037022144 23.586556727532297 5.5228081438690433 123.33014771796297 2.6842766208574202 5.4355186671018592 236.60716305999085 4.9908262193202946 181.18866195483133 4.8203250281512746 8.4245091956108791 143.76264335727319 6.2269065566360942 10.170542748644946
leaf_count=119 109 17 139 160 18 665 38 23 31 31 31 41 58 63 30 44 76 221 54 687 29 53 1452 33 1129 33 51 1020 27 61
internal_value=-1.37821e-06 -0.00185358 0.000646832 -0.000241464 0.011995 -0.0026219 0.00125149 -0.0104154 0.0123397 -0.0146734 -0.00476226 0.0141372 -0.025918 -0.0228223 -0.037643 0.000668716 0.00494007 0.00366208 0.00174517 0.00552784 -0.016808 -0.000486216 -0.00249929 -0.00178428 -0.00239229 0.0241069 0.00394782 0.00680747 0.0335181 -0.00791427
internal_weight=1089.28 289.389 223.978 219.819 35.7985 184.02 151.719 65.4109 10.3105 55.1004 29.2866 14.3108 25.8137 14.9759 17.0611 799.896 170.25 165.614 155.124 128.853 26.2708 629.646 433.042 427.607 417.796 9.81115 196.604 158.414 14.6514 38.1896
internal_count=6543 1454 1037 1020 157 863 703 417 54 363 166 72 197 94 139 5089 1111 1067 991 741 250 3978 2700 2647 2581 66 1278 1098 78 180
is_linear=0
shrinkage=0.05


Tree=249
num_leaves=23
num_cat=0
split_feature=2 1 2 2 8 8 7 1 0 0 8 2 12 12 16 1 10 9 1 11 12 9
split_gain=0.517392 1.77838 2.78475 1.67918 2.03197 1.57834 1.60523 1.95312 3.64239 3.32339 1.9354 1.78326 1.41365 1.7917 3.37461 2.91618 1.45856 1.09671 1.07235 0.818744 0.764682 0.263295
threshold=1304.5000000000002 1666.5000000000002 1508.1700000000003 1397.3700000000001 1.5000000000000002 26.500000000000004 10.500000000000002 1479.1500000000003 1566.5000000000002 2499.2350000000006 16.500000000000004 1190.2050000000002 1.3207195891029573 1.0129149109215769 0.64534300981562454 17043.000000000004 40.000000000000007 131.99178644763865 1383.2800000000002 20.533880903490765 1.8310921115982832 37.01026694045175
decision_type=10 8 10 10 10 10 10 10 10 10 10 10 10 10 10 8 8 10 10 8 10 10
left_child=5 2 18 4 21 6 7 10 -9 -10 11 -1 13 14 -5 -15 -14 -18 -2 -8 -4 -3
right_child=1 3 20 12 -6 -7 19 8 9 -11 -12 -13 16 15 -16 -17 17 -19 -20 -21 -22 -23
leaf_value=-0.00037556620137947421 0.020864476612275001 -0.031493625773048393 -0.058767659481194869 -0.0011946069174068193 0.010458730904964143 0.02796134507574595 -0.0065379331236965063 0.043169819084029767 -0.016501625461233679 0.028769381307678806 0.030756138679125758 0.017969652653720851 -0.038170181422087605 -0.03990798124409304 0.045265647061258685 -0.0013681051215842241 0.021624327296538393 -0.0020122062785313407 -0.022318944428683124 -0.04288049191896709 -0.02451599335860814 -0.054293984254484555
leaf_weight=879.81671586912125 3.6518012962769699 2.6458610957488409 3.585475686006248 82.773794299922884 2.8325551664456725 5.1803976837545624 3.0394707871600977 7.5865427106618908 10.206661082804205 6.7251070886850348 5.1112116891890755 13.449239254929124 1.4105483095627303 7.6455136192962554 4.102109824307262 13.710020021069793 15.670044600497933 7.1453436793526626 2.3710245192050934 3.1618808582425117 2.9870538077084348 2.4282357878983021
leaf_count=4958 27 19 26 547 14 31 27 33 41 27 34 104 26 61 36 107 188 152 24 15 25 21
internal_value=-2.05797e-06 -0.00269773 -0.0206954 -0.00108274 -0.0234665 0.000439277 0.000285821 0.000456184 0.0143795 0.00147951 7.61928e-05 -9.93559e-05 0.000253396 -0.00219041 0.000999155 -0.0151658 0.0111713 0.0142218 0.00386433 -0.0250679 -0.0432011 -0.0424049
internal_weight=1087.24 152.959 12.5954 140.364 7.90665 934.277 929.097 922.895 24.5183 16.9318 898.377 893.266 132.457 108.231 86.8759 21.3555 24.2259 22.8154 6.02283 6.20135 6.57253 5.0741
internal_count=6543 1273 102 1171 54 5270 5239 5197 101 68 5096 5062 1117 751 583 168 366 340 51 42 51 40
is_linear=0
shrinkage=0.05


end of trees

feature_importances:
state_encoded=624
agency_encoded=590
months_elapsed=566
months_remaining=534
months_originally_planned=448
expenditure_ratio=444
original_cost=415
cost_expansion_ratio=388
revised_cost=382
cumulative_expenditure=382
anticipated_cost=345
delay_months=344
milestones_total=217
milestone_rate=202
schedule_slippage_ratio=193
milestones_achieved=190
original_delay_months=131
revised_delay_months=84

parameters:
[boosting: gbdt]
[objective: binary]
[metric: binary_logloss]
[tree_learner: serial]
[device_type: cpu]
[data_sample_strategy: bagging]
[data: ]
[valid: ]
[num_iterations: 250]
[learning_rate: 0.05]
[num_leaves: 31]
[num_threads: 10]
[seed: 42]
[deterministic: 0]
[force_col_wise: 0]
[force_row_wise: 0]
[histogram_pool_size: -1]
[max_depth: 6]
[min_data_in_leaf: 20]
[min_sum_hessian_in_leaf: 0.001]
[bagging_fraction: 0.8]
[pos_bagging_fraction: 1]
[neg_bagging_fraction: 1]
[bagging_freq: 0]
[bagging_seed: 400]
[bagging_by_query: 0]
[feature_fraction: 0.8]
[feature_fraction_bynode: 1]
[feature_fraction_seed: 30056]
[extra_trees: 0]
[extra_seed: 12879]
[early_stopping_round: 0]
[early_stopping_min_delta: 0]
[first_metric_only: 0]
[max_delta_step: 0]
[lambda_l1: 0]
[lambda_l2: 0]
[linear_lambda: 0]
[min_gain_to_split: 0]
[drop_rate: 0.1]
[max_drop: 50]
[skip_drop: 0.5]
[xgboost_dart_mode: 0]
[uniform_drop: 0]
[drop_seed: 17869]
[top_rate: 0.2]
[other_rate: 0.1]
[min_data_per_group: 100]
[max_cat_threshold: 32]
[cat_l2: 10]
[cat_smooth: 10]
[max_cat_to_onehot: 4]
[top_k: 20]
[monotone_constraints: ]
[monotone_constraints_method: basic]
[monotone_penalty: 0]
[feature_contri: ]
[forcedsplits_filename: ]
[refit_decay_rate: 0.9]
[cegb_tradeoff: 1]
[cegb_penalty_split: 0]
[cegb_penalty_feature_lazy: ]
[cegb_penalty_feature_coupled: ]
[path_smooth: 0]
[interaction_constraints: ]
[verbosity: -1]
[saved_feature_importance_type: 0]
[use_quantized_grad: 0]
[num_grad_quant_bins: 4]
[quant_train_renew_leaf: 0]
[stochastic_rounding: 1]
[linear_tree: 0]
[max_bin: 255]
[max_bin_by_feature: ]
[min_data_in_bin: 3]
[bin_construct_sample_cnt: 200000]
[data_random_seed: 175]
[is_enable_sparse: 1]
[enable_bundle: 1]
[use_missing: 1]
[zero_as_missing: 0]
[feature_pre_filter: 1]
[pre_partition: 0]
[two_round: 0]
[header: 0]
[label_column: ]
[weight_column: ]
[group_column: ]
[ignore_column: ]
[categorical_feature: ]
[forcedbins_filename: ]
[precise_float_parser: 0]
[parser_config_file: ]
[objective_seed: 16083]
[num_class: 1]
[is_unbalance: 0]
[scale_pos_weight: 1.31693]
[sigmoid: 1]
[boost_from_average: 1]
[reg_sqrt: 0]
[alpha: 0.9]
[fair_c: 1]
[poisson_max_delta_step: 0.7]
[tweedie_variance_power: 1.5]
[lambdarank_truncation_level: 30]
[lambdarank_norm: 1]
[label_gain: ]
[lambdarank_position_bias_regularization: 0]
[eval_at: ]
[multi_error_top_k: 1]
[auc_mu_weights: ]
[num_machines: 1]
[local_listen_port: 12400]
[time_out: 120]
[machine_list_filename: ]
[machines: ]
[gpu_platform_id: -1]
[gpu_device_id: -1]
[gpu_device_id_list: ]
[gpu_use_dp: 0]
[num_gpu: 1]

end of parameters

pandas_categorical:[]
